H2AK01158|PELTOLA, MARY|I|1|DEM|13443537.46|951851.88|14050828.27|0|691260.3|83969.49|0|0|0|0|0|0|10800004.13|AK|00||||||1615986.3|9969.28|12/31/2024|161309.36|5625
H2AK01083|BEGICH, NICHOLAS III|C|2|REP|2810467.65|176570.41|2747371.58|17659.66|41233.99|104330.06|599|0|0|25000|0|425000|2309088.23|AK|00||||||318750|5000|12/31/2024|23031.99|0
H4AK00156|DAHLSTROM, NANCY|C|2|REP|996163.6|435712.04|790351.61|0|0|205811.99|0|0|0|0|0|0|286828.61|AK|00||||||262916.02|0|12/31/2024|3218.3|0
H4AL01255|HOLMES, THOMAS BETHUNE MR.|C|1|DEM|17698.86|0|16817.5|0|0|410.16|10115.56|2500|0|0|0|0|3076.82|AL|01||||||2002.63|0|12/31/2024|0|0
H0AL01055|CARL, JERRY LEE, JR|I|2|REP|2246839.19|547807.76|2631446.59|27316.59|453897.82|69290.42|0|0|0|176202.71|0|254535.87|1063039.38|AL|01||||||634500|0|12/31/2024|193499|84500
H8AL02171|MOORE, FELIX BARRY|I|2|REP|1130187.3|0|1467853.12|0|462797.48|125131.66|0|20000|0|20000|0|0|649617.39|AL|01||||||389496.99|0|12/31/2024|0|0
H0AL01097|AVERHART, JAMES|C|1|DEM|8876.56|0|6240.74|0|121.71|2757.53|0|5158.22|0|0|0|34403.22|3718.34|AL|02||||||0|0|12/31/2024|0|0
H0AL02202|HARVEY-HALL, PHYLLIS|C|1|DEM|16284|0|5610.17|0|220.58|10894.41|4800|5205|0|0|0|6405|6279|AL|02||||||0|0|02/21/2024|0|0
H2AL02166|PATEL, VIMAL|C|1|DEM|16300|0|11218.68|0|1138.68|-4100|0|7100|0|1138.68|0|13772.32|9200|AL|02||||||0|0|02/21/2024|0|0
H4AL02097|COLEMAN, MERIKA|C|1|DEM|142030.8|0|110017.47|3480|0|32013.33|200|50000|0|0|0|50000|91830.8|AL|02||||||0|0|02/14/2024|0|0
H4AL02113|GRAY, JEREMY|C|1|DEM|163092.8|0|162341.36|0|0|751.44|19537|0|0|0|0|3447.05|141661.3|AL|02||||||1250|0|12/31/2024|10440|0
H4AL02162|DANIELS, ANTHONY|C|1|DEM|567548.46|0|563961.06|0|0|3587.4|0|0|0|0|0|56311.73|523686.34|AL|02||||||42500|0|12/31/2024|10059.5|0
H4AL02170|FIGURES, SHOMARI C.|C|1|DEM|2628628.73|104915.46|2605519.86|0|0|23108.87|3485|25000|0|25000|0|12000|1875364.5|AL|02||||||613861.12|5426.12|12/31/2024|27582.31|4300
H4AL02196|GIVAN, JUANDALYNN MS.|C|1|DEM|150251.27|0|126936.76|0|0|23314.51|23575|31200|0|500|0|24500|95416.27|AL|02||||||0|0|03/31/2024|0|0
H4AL02212|LENARD, WILLIE JAMES|C|1|DEM|53721|0|56744.05|0|0|-3023.05|9000|43110|0|0|0|43110|1611|AL|02||||||0|0|09/30/2024|0|0
H4AL02246|BRACY, NAPOLEON|C|1|DEM|202592.38|0|200878.7|0|0|1713.68|0|70000|0|0|0|84659.73|121792.38|AL|02||||||10800|0|11/25/2024|0|0
H4AL02121|BREWBAKER, DICK LANSDEN|C|2|REP|2129338.39|0|2129338.39|0|0|0|0|1940000|0|0|0|0|181769.18|AL|02||||||2500|5000|09/30/2024|8800|0
H4AL02139|HARRIS, HAMPTON SCOTT|C|2|REP|58137.92|0|56310.54|0|0|1827.38|0|48603|0|0|0|67686.15|6726.6|AL|02||||||1000|0|03/31/2024|0|0
H4AL02188|ALBRITTON, GREGORY|C|2|REP|187965.45|0|187965.45|0|0|0|10000|50000|0|4403.35|0|0|113065.45|AL|02||||||14900|0|05/22/2024|6600|0
H4AL02204|GILBERRY, WALLACE|C|2|REP|165335.64|0|165335.64|0|0|0|0|0|0|0|0|0|165335.64|AL|02||||||0|0|01/31/2024|0|0
H4AL02220|DOBSON, CAROLEENE|C|2|REP|3857871.22|63520.57|3854940.03|0|0|2931.19|0|2138000|0|0|0|2138000|1226100.44|AL|02||||||410249.98|20000|12/31/2024|47234.8|2750
H2AL03032|ROGERS, MICHAEL|I|2|REP|2931555.95|156594.44|2037556.65|55980|1028335.01|1922334.3|0|0|0|0|0|0|1640962.27|AL|03||||||1080897.01|14000|12/31/2024|51918.56|7000
H4AL03087|BEVELS, BARRON RAE|C|2|REP|270|0|3816.65|0|0|479.07|200|0|0|0|0|0|0|AL|03||||||0|0|12/31/2023|0|0
H4AL03095|NEWELL, BRYAN KEITH|C|2|REP|6475.82|0|6057.95|0|147.02|172.54|6109.01|0|0|0|0|0|366.81|AL|03||||||0|0|02/14/2024|0|0
H4AL04036|HOLCOMB, JUSTIN|C|2|REP|6200|0|4616.18|0|2085.55|0|0|4500|0|0|0|0|1700|AL|04||||||0|0|04/01/2024|0|0
H6AL04098|ADERHOLT, ROBERT B. REP.|I|2|REP|1499911.78|31820.06|1692460.67|0|1159445.23|966896.34|0|0|0|0|0|0|635352.36|AL|04||||||795500|0|12/31/2024|23262.59|5000
H2AL05102|STRONG, DALE WHITNEY|I|2|REP|1301231.26|66363.69|691299.16|0|19045.32|628977.42|0|0|0|0|0|240000|654265.43|AL|05||||||575750|0|12/31/2024|10300|2900
H4AL06189|ANDERSON, ELIZABETH|C|1|DEM|208724.38|0|173213.53|0|0|35510.85|162|3480|0|0|0|0|186789.39|AL|06||||||16192.99|0|12/31/2024|0|0
H4AL06098|PALMER, GARY|I|2|REP|1728601.16|81537.3|2021427.7|0|446065.86|153239.32|0|0|0|0|0|0|1046435.31|AL|06||||||596510|0|12/31/2024|9960|0
H4AL06163|WILKINS, GERRICK DEWAYNE|C|2|REP|330372.31|0|330372.31|0|0|0|84923.57|115000|0|26000|0|89000|124752|AL|06||||||10|0|07/15/2024|11702|0
H4AL06171|MCFEETERS, KENNETH R|C|2|REP|17000|0|17000|0|22000|5000|0|0|0|0|0|0|0|AL|06||||||0|0|02/20/2024|0|0
H0AL07086|SEWELL, TERRI A.|I|1|DEM|3036770.95|0|2462142.12|0|2895932.07|3470560.9|0|0|0|0|0|0|972896.99|AL|07||||||2063873.95|0|12/31/2024|10412|0
H4AL07104|LITAKER, ROBIN DR.|C|2|REP|42634.27|0|42634.27|0|0|0|0|17180|0|0|0|17577.39|19175.59|AL|07||||||786.47|5000|12/31/2024|300|0
H4AR01077|GOVENS, RODNEY|C|1|DEM|95238.76|0|94346.65|0|0|892.11|0|23538|0|5000|0|0|61360.46|AR|01||||||10055|250|11/25/2024|93.13|0
H0AR01083|CRAWFORD, ERIC ALAN RICK|I|2|REP|1098029.43|7749.97|889704.9|205086|622502.33|830826.86|0|0|0|0|0|0|325357.92|AR|01||||||740193.96|1750|12/31/2024|0|1000
H4AR02232|JONES, MARCUS|C|1|DEM|476872.35|0|473322.69|0|0|3549.66|0|0|0|0|0|0|454577.07|AR|02||||||19300|2450|12/31/2024|527.86|0
H4AR02141|HILL, JAMES FRENCH|I|2|REP|3802050.59|350404.98|3306363.41|0|880665.01|1376352.19|0|0|0|0|0|0|1757301.56|AR|02||||||1690250|0|12/31/2024|21650|0
H4AR03065|MATTELIN, CAITLIN RAE DRAPER|C|1|DEM|258728.4|0|257970.44|0|0|757.96|925.12|0|0|0|0|0|250700.58|AR|03||||||4000|0|11/25/2024|0|0
H0AR03055|WOMACK, STEPHEN A THE HON|I|2|REP|2474937.89|53841.68|2703359.12|0|1944314.89|1715893.66|0|0|0|0|0|0|1075585.74|AR|03||||||1227581.58|0|12/31/2024|10898.63|0
H4AR03073|PENZO, CLINT|C|2|REP|123158.88|0|116705.72|0|0|6453.16|0|0|0|0|0|30000|121803.29|AR|03||||||1000|0|12/31/2024|0|0
H4AR04089|HOWARD, RISI|C|1|DEM|12981.87|0|9156.36|0|0|2287.3|701.37|624.1|0|0|0|624.1|5733.21|AR|04||||||4549.47|1373.72|12/31/2024|0|0
H4AR04048|WESTERMAN, BRUCE|I|2|REP|2736566.95|258440.98|1178557.57|0|1475551.02|3033560.4|0|0|0|0|0|0|1095592.31|AR|04||||||1310140.58|0|12/31/2024|35759|9750
H4AS01018|KUAEA, LOUISE LEALAI MRS.|C|1|DEM|26550|0|31095.58|0|0|-4545.58|0|0|0|0|0|3913.92|26550|AS|00||||||0|0|11/25/2024|0|0
H4AS00036|AMATA, AUMUA|I|2|REP|65150.37|500|63788.13|0|293.9|1656.14|0|0|0|0|0|0|39150.37|AS|00||||||25500|0|12/31/2024|0|0
H2AZ06254|WILLIAMSON, W JOHN|C|1|DEM|270|0|1051.37|0|860.27|0|70|0|0|0|0|0|200|AZ|01||||||0|0|08/23/2023|1051.37|0
H4AZ01186|HORNE, ANDREW|C|1|DEM|2814612.1|0|2814612.1|0|0|0|1306083.97|1329537.02|0|1329537.02|0|0|178991.11|AZ|01||||||0|0|12/31/2024|63009.09|0
H4AZ01194|SHAH, AMISH DR.|C|1|DEM|6343150.1|357719.78|6252020.16|0|0|91801.9|31024.67|163300|0|160000|0|3300|5303935.32|AZ|01||||||480244.58|4775|12/31/2024|59295.05|10000
H4AZ01202|CHERNY, ANDREI|C|1|DEM|2593678.69|24107.35|2588312.61|0|0|5366.08|35.52|150000|0|0|0|13900|2373509.76|AZ|01||||||41000|0|12/31/2024|311150.37|5000
H4AZ01210|KROEMER, KURT|C|1|DEM|297460.33|0|297460.33|0|0|0|52853.01|92773.91|0|92773.91|0|0|151474.41|AZ|01||||||0|0|08/07/2024|4370|0
H4AZ01228|GALAN-WOODS, MARLENE|C|1|DEM|1776275.3|0|1776275.3|0|0|0|38177.55|75000|0|468.98|0|0|1591171.87|AZ|01||||||70500|0|12/02/2024|232818.98|15000
H4AZ01244|O'CALLAGHAN, CONOR|C|1|DEM|2208808.94|0|2077400.02|0|0|0|162562.3|955549.27|0|0|0|1008210.62|1082683.37|AZ|01||||||8000|0|12/31/2024|31066|0
H4AZ01293|GEORGE, KIMBERLY|C|2|REP|153414.43|0|152611.98|0|0|802.45|806.11|0|0|0|0|0|136575.35|AZ|01||||||0|0|12/31/2024|2637.34|0
H4AZ01335|BACKIE, ROBERT|C|2|REP|118736.5|0|90335.97|0|0|28400.53|25|75000|20000|0|0|95000|17954.03|AZ|01||||||0|0|07/10/2024|0|0
H4AZ06045|SCHWEIKERT, DAVID S.|I|2|REP|4213494.89|880729.52|4216607.92|1305.29|52936.95|49823.92|0|0|0|11578.32|0|168177.46|1753393.57|AZ|01||||||1568134.77|10000|12/31/2024|21046.87|2000
H4AZ02176|BOWE, LINDSAY|C|1|DEM|9620|0|9624|0|0|-4|1195|0|4000|0|4000|0|4425|AZ|02||||||0|0|07/15/2023|3091.67|0
H4AZ02184|NEZ, JONATHAN MICHAEL|C|1|DEM|5522850.09|0|5457626.09|0|0|65175.96|20|0|0|0|0|0|5320391.09|AZ|02||||||201939|500|12/31/2024|88119.09|0
H2AZ01354|CRANE, ELI|I|2|REP|8559239.47|4780.99|8308125.11|2354.09|66255.71|317370.07|0|0|0|0|0|202776.06|8412660.34|AZ|02||||||114700|0|12/31/2024|94744.54|0
H4AZ02192|SMITH, JACK|C|2|REP|104009.41|0|103271.28|0|0|738.13|11928.48|2000|0|0|0|15459.11|82755.93|AZ|02||||||0|0|12/31/2024|13200|0
H4AZ03109|ANSARI, YASSAMIN|O|1|DEM|2876682.29|3055.83|2866271.58|0|0|10410.71|95209.11|385000|0|10000|0|375000|1976336.45|AZ|03||||||286511.22|0|12/31/2024|29915|4000
H4AZ03125|AGUILAR, YLENIA|O|1|DEM|63933.07|0|63933.07|0|0|0|0|0|0|0|0|0|63933.07|AZ|03||||||0|0|09/30/2023|0|0
H4AZ03133|PASTOR, LAURA|O|1|DEM|121783.96|0|121167.65|0|0|616.31|0|0|0|0|0|0|121425.16|AZ|03||||||0|0|12/31/2024|13610|0
H4AZ03141|WOOTEN, DUANE M MD|O|1|DEM|57220.69|0|53637.56|0|0|3583.13|9400|5000|0|5000|0|0|42104.88|AZ|03||||||0|0|12/31/2024|0|0
H4AZ07043|GALLEGO, RUBEN|I|1|DEM|64657199.96|2910010.25|65722622.25|0|1276574.99|211152.7|0|0|0|0|0|0|59385707.27|AZ|03||||||1784685.1|75650|12/31/2024|871940.33|6500
H2AZ07187|ZINK, JEFFREY NELSON MR|O|2|REP|60847|0|79390.55|0|19103.29|559.74|0|30000|0|0|0|70000|25347|AZ|03||||||5500|0|12/31/2024|0|0
H4AZ03158|MENDOZA, JESUS DAVID|O|2|REP|10977.82|0|9787|0|0|1190.82|2483.87|0|0|0|0|0|8493.95|AZ|03||||||0|0|12/31/2024|0|0
H8AZ09040|STANTON, GREG|I|1|DEM|2796248.73|5180|1813860.16|0|33341.89|1015730.46|0|0|0|0|0|0|1959812.31|AZ|04||||||806686.17|0|12/31/2024|2757.33|0
H2AZ09183|DAVISON, JERONE|C|2|REP|57902.87|0|60833.56|0|.28|-2930.41|0|0|0|0|0|0|57225.98|AZ|04||||||500|0|12/31/2024|0|0
H2AZ09191|COOPER, KELLY|C|2|REP|788327.2|46198.61|816881.21|4286.96|58744.19|30190.18|797.49|50214.04|0|51407.09|0|603480.47|607197.81|AZ|04||||||81264|0|12/31/2024|6034.98|0
H4AZ04115|JASSER, M. ZUHDI|C|2|REP|596235.82|0|595952.97|0|0|282.85|10000|0|0|0|0|0|581235.82|AZ|04||||||5000|0|08/30/2024|118930.41|0
H6AZ09010|GILES, DAVID VICTOR|C|2|REP|191173.8|0|191173.8|0|0|0|0|95313.19|0|0|0|653544.47|95860.61|AZ|04||||||0|0|10/01/2024|0|0
H4AZ05112|SCHAFFNER, KATRINA|C|1|DEM|69745.77|0|68855.87|7883|0|889.9|0|0|0|0|0|0|65924.25|AZ|05||||||0|3821.52|11/15/2024|0|0
H2AZ09142|STOVALL, ALEX|C|2|REP|840.71|0|1821.63|0|1819.09|838.17|0|0|0|0|0|61269.32|840.71|AZ|05||||||0|0|06/30/2023|3|0
H6AZ05083|BIGGS, ANDY|I|2|REP|1383059.41|13000|1159653.7|0|235471.85|458877.56|0|0|0|0|0|0|1283197.96|AZ|05||||||75985.2|0|12/31/2024|17775|0
H2AZ05173|SMITH, CLINT WILLIAM|C|3|IND|48705|0|48705|0|0|0|0|0|0|0|0|0|46205|AZ|05||||||2500|0|06/30/2024|4000|0
H2AZ02311|ENGEL, KIRSTEN|C|1|DEM|8461618.48|762214.07|8430005.34|0|1305.37|32418.51|0|0|0|0|0|0|6839057.76|AZ|06||||||636015.34|4798.58|12/31/2024|72141.48|2800
H4AZ06128|O'DONNELL, JOHN ROBERT|C|1|DEM|69325.24|0|69325.24|0|0|0|0|0|0|0|0|0|68976.25|AZ|06||||||0|0|07/17/2023|29355|0
H2AZ02360|CISCOMANI, JUAN|I|2|REP|7035782.04|1454114.01|6853656.75|1228.27|54435.6|236560.89|0|0|0|0|0|0|3626926.69|AZ|06||||||1940183.02|10500|12/31/2024|118968.27|35750.46
H4AZ06136|WINN, KATHLEEN|C|2|REP|286409.28|0|286409.28|0|0|0|38395.97|95667|0|0|0|0|141306.68|AZ|06||||||0|0|12/31/2024|25597.85|0
H4AZ06144|CAST, CLIFFORD VANCE DR|C|3|LIB|50109.55|0|37862.28|0|0|12247.27|0|50000|0|0|0|0|109.55|AZ|06||||||0|0|07/23/2024|0|0
H2AZ03152|POZZOLO, LUIS|C|3|W|0|0|0|0|0|0|0|0|0|0|0|0|0|AZ|06||||||0|0|03/31/2023|0|0
H2AZ07070|GRIJALVA, RAUL M|I|1|DEM|643862.68|0|549407.41|0|206205.86|300661.13|0|0|0|0|0|4015.59|474597.04|AZ|07||||||164500|0|12/31/2024|731.84|1000
H4AZ07134|BUTIEREZ, DANIEL|C|2|REP|78606.9|0|78014.76|0|0|592.14|46595.43|0|0|0|0|4978.11|31011.47|AZ|07||||||1000|0|12/31/2024|0|0
H4AZ07142|BECKER, NINA|C|2|REP|300504|0|730.67|0|190|299963.33|0|0|0|0|0|0|300504|AZ|07||||||0|0|06/30/2024|195|0
H4AZ08074|SPREITZER, JEREMY|O|1|DEM|11215.24|0|9200.13|0|121.19|2136.3|285|0|0|0|0|23059.3|10930.24|AZ|08||||||0|0|09/30/2023|0|0
H4AZ08090|WHITTEN, GREGORY|O|1|DEM|576752.74|0|576752.74|0|0|0|5447.46|103000|0|79395.28|0|0|466676.08|AZ|08||||||1500|0|12/31/2024|0|0
H4AZ08108|HAMADEH, ABRAHAM|O|2|REP|1994018.86|105310.93|1957610.26|0|0|36408.6|5030|394000|0|85000|0|339455.93|1337550.08|AZ|08||||||151750|0|12/31/2024|21500|250
H4AZ08124|MASTERS, BLAKE|O|2|REP|4223399.05|129724.53|4216338.52|0|0|7060.53|0|3570000|0|800000|0|3626074.42|514610.02|AZ|08||||||8800|0|12/31/2024|47862.2|0
H4AZ08132|KERN, ANTHONY|O|2|REP|210220.97|0|209824.14|0|0|396.83|0|50000|0|3000|0|47000|148041.26|AZ|08||||||8099|0|12/31/2024|13612|4799
H4AZ08140|TOMA, BEN|O|2|REP|914122.11|0|914122.11|0|0|0|0|0|0|0|0|0|839297.79|AZ|08||||||71000|0|12/31/2024|121224.35|2900
H4AZ08157|FRANKS, TRENT|O|2|REP|644719.34|0|639142|0|0|5577.34|0|600000|0|0|0|600000|44711.79|AZ|08||||||0|0|12/31/2024|0|0
H4AZ08173|BRIODY, PATRICK JAMES|O|2|REP|19194.16|0|18551.48|0|0|642.68|0|18594.16|0|0|0|18594.16|600|AZ|08||||||0|0|07/10/2024|0|0
H8AZ08158|LESKO, DEBBIE|I|2|REP|370273.95|2997.53|893861.04|0|1002734.67|479147.58|0|0|0|0|0|0|186628.15|AZ|08||||||175558|0|12/31/2024|40757.42|10500
H2AZ08201|SPREITZER, JEREMY|O|3|IND|11215.24|0|9200.13|0|121.19|2136.3|285|0|0|0|0|23059.3|10930.24|AZ|08||||||0|0|09/30/2023|0|0
H4AZ09031|BLAIR, NICHOLAS EDWARD|C|1|DEM|5100|0|5100|0|0|0|5100|0|0|0|0|0|0|AZ|09||||||0|0|06/30/2023|1100|0
H4AZ09049|SMITH, QUACY L|C|1|DEM|236354.19|0|213624.22|200|0|32268.36|5267.5|77910|0|13500|0|64410|145521.92|AZ|09||||||5000|0|12/31/2024|0|0
H0AZ01259|GOSAR, PAUL DR.|I|2|REP|478477.68|535.87|497470.48|6000|107638.78|91596.98|0|0|0|0|0|0|432326.32|AZ|09||||||34900|0|12/31/2024|18472|535.87
H4AZ20012|BUSBY, BRADY|C|3|IND|2877|0|2596.58|0|0|280.42|2107|0|0|0|0|0|770|AZ|20||||||0|0|12/31/2024|0|0
H4CA01140|YEE, ROSE PENELOPE|C|1|DEM|86105.64|0|79623.42|0|0|7427.61|0|20000|0|0|0|20000|60194.56|CA|01||||||2688.18|475|12/31/2024|0|0
H2CA02142|LAMALFA, DOUG|I|2|REP|1012001.47|2380.8|694249.77|0|366690.24|684441.94|0|0|0|0|0|0|627954.84|CA|01||||||377900|3050|12/31/2024|11672.58|0
H2CA06259|HUFFMAN, JARED|I|1|DEM|1014658|0|958825.63|0|928810.57|984642.94|0|0|0|0|0|742.67|532702.44|CA|02||||||415645.64|0|12/31/2024|16748.52|1000
H2CA02241|COULOMBE, CHRIS MR|C|2|REP|123590.25|1040|123059.31|250|386.07|917.01|0|11850|0|2800|0|31350.18|104968.33|CA|02||||||0|1758.5|12/31/2024|0|0
H4CA02130|GIBBS JENSEN, TIEF|C|2|REP|28280.1|0|27905.62|0|0|374.48|416.98|0|0|0|0|325|27663.12|CA|02||||||0|0|12/31/2024|0|0
H8CA04210|MORSE, JESSICA|C|1|DEM|3082382.7|37821.17|3262405.92|0|204362.96|24339.74|0|0|0|0|0|2146.88|2815071.91|CA|03||||||208307.5|9104.95|12/31/2024|27816.44|0
H2CA03157|KILEY, KEVIN|I|2|REP|4266158.4|576095.16|3924153.82|185.98|38973.49|380978.07|0|0|0|0|0|0|3014958.68|CA|03||||||650722.34|0|12/31/2024|51224.56|3174.56
H2CA04155|ENGDAHL, ANDREW DAVID|C|1|DEM|1587.46|0|4028.28|0|3107.01|666.19|0|0|0|0|0|0|1587.46|CA|04||||||0|0|04/13/2024|0|0
H8CA01109|THOMPSON, MIKE MR.|I|1|DEM|2434299.38|0|2852644.87|0|1627833.89|1209488.4|0|0|0|0|0|36045.67|894741.21|CA|04||||||1493286|880.94|12/31/2024|6828|1750
H2CA04148|BROCK, MATTHEW|C|2|REP|1510|0|1532.85|0|22.85|0|0|1460|0|0|0|7260|50|CA|04||||||0|0|09/19/2023|0|0
H4CA04128|MUNN, JOHN|C|2|REP|159805.48|0|159805.48|0|0|0|0|127500|0|3135.67|0|0|30889.98|CA|04||||||300|0|12/31/2024|0|0
H4CA04136|PATWARDHAN, NIKET|C|3|NOP|9019.12|0|9019.12|0|0|0|279.12|8740|0|1324.2|0|0|0|CA|04||||||0|0|03/19/2024|0|0
H2CA00096|BARKLEY, MICHAEL JAMES MR.|C|1|DEM|86712.32|0|82051.67|0|78.23|4738.88|0|63562.81|0|0|0|537275.86|13690.57|CA|05||||||250|5700|12/31/2024|0|0
H8CA04152|MCCLINTOCK, THOMAS|I|2|REP|1171016.98|4116.5|1160351.97|0|137539.98|148204.99|0|0|0|0|0|0|937576.95|CA|05||||||221140.18|523.19|12/31/2024|21970|0
H0CA03078|BERA, AMERISH|I|1|DEM|1250010.96|0|1111772.18|0|1735132.93|1873371.71|0|0|0|115000|0|57800|458165.56|CA|06||||||783204.83|250|12/31/2024|13405|7500
H4CA06180|BARAJAS, ADAN JOSEPH|C|1|DEM|450|0|0|0|0|450|300|0|0|0|0|0|150|CA|06||||||0|0|03/31/2024|0|0
H0CA03128|HAMILTON, TAMIKA|C|2|REP|1534.22|0|15255.59|0|13671.37|-50|0|0|0|0|0|0|82.32|CA|06||||||0|0|03/07/2023|25|0
H0CA06170|BISH, CHRISTINE|C|2|REP|182260.28|0|182368.4|0|28.26|50.14|500|7170|0|10402.05|0|35069.5|172729.28|CA|06||||||0|0|12/31/2024|2100|0
H2CA07133|DANIELS, BRET|C|2|REP|4699|0|3314.13|0|1000|2384.87|1093.12|0|0|0|0|5103.78|3605.88|CA|06||||||0|0|09/30/2023|1100|0
H4CA06149|DELUZ, CRAIG|C|2|REP|32126.04|0|32078.95|0|0|47.09|0|5000|0|0|0|13177.53|27068.59|CA|06||||||50|0|12/31/2024|45|0
H4CA06156|RIEHLE, RAYMOND A|C|2|REP|48647|0|48107.17|0|0|539.83|100|22400|0|0|0|23150|26147|CA|06||||||0|0|12/31/2024|250|0
H4CA06164|MARTIN, MARSHALL|C|2|REP|3615|0|3615|0|0|0|85|0|0|0|0|0|3530|CA|06||||||0|0|12/08/2023|0|0
H4CA07097|MANDEL, DAVID|C|1|DEM|147050.77|0|151530.93|0|0|-35304.66|55229.27|0|0|0|0|20000|89821.5|CA|07||||||2000|0|12/31/2024|0|0
H6CA05195|MATSUI, DORIS|I|1|DEM|1239231.82|0|1113903.11|0|181340.09|306668.8|0|0|0|0|0|0|366890.42|CA|07||||||872251.38|0|12/31/2024|6192.5|5000
H2CA07141|SEMENENKO, MAX|C|2|REP|960|0|11293.22|0|10333.22|0|0|0|0|0|0|0|960|CA|07||||||0|0|03/01/2024|0|0
H4CA07089|SILVA, THOMAS|C|2|REP|5551.5|0|5551.5|0|0|0|0|4000|0|0|0|0|1551.5|CA|07||||||0|0|12/20/2024|0|0
H0CA10149|GARAMENDI, JOHN|I|1|DEM|1113065.76|0|969795.57|0|1121447.54|1264717.73|0|0|0|0|0|0|551472.99|CA|08||||||561350|0|12/31/2024|19402.23|0
H2CA00153|RECILE, RUDY|C|2|REP|21437.01|0|20893.56|0|494.29|1037.74|0|4214|0|1000|0|31716.66|17223.01|CA|08||||||0|0|12/31/2024|70|0
H8CA10126|HARDER, JOSH|I|1|DEM|5415539.47|74000|4876309.57|149650|1149601.82|1688831.72|0|0|0|0|0|0|4507023.42|CA|09||||||590024|6819.18|12/31/2024|29315.76|8000
H4CA09085|DOOD, BRETT R|C|2|REP|121330.42|0|121330.42|0|0|0|0|0|0|0|0|0|121330.42|CA|09||||||0|0|08/30/2023|85084.4|0
H4CA09093|LINCOLN, KEVIN J II|C|2|REP|2278918.26|446328.24|2254794.13|0|0|24124.13|0|0|0|0|0|15325.25|1335500.51|CA|09||||||465595.4|5000|12/31/2024|37182.95|300
H4CA09101|MCBRIDE, JOHN|C|2|REP|12665.01|0|12635.01|0|0|30|0|0|0|0|0|4382.59|11665.01|CA|09||||||0|0|12/31/2024|0|0
H2CA10236|FENG, KARENA APPLE MS.|C|3|IND|0|0|0|0|0|0|0|0|0|0|0|0|0|CA|09||||||0|0|03/31/2024|0|0
H0CA10073|DESAULNIER, MARK|I|1|DEM|664974.75|0|611351.83|0|575364.4|628987.32|0|0|0|0|0|0|285976.17|CA|10||||||377249|0|12/31/2024|2776.52|1500
H4CA10083|JALIS, MUSA|C|2|REP|859.19|0|859.19|0|0|0|859.19|0|0|0|0|0|0|CA|10||||||0|0|12/31/2023|0|0
H4CA10091|CHEN, NOLAN|C|2|REP|5895|0|5895|0|0|0|0|4640|0|879.85|0|0|1255|CA|10||||||0|0|03/31/2024|0|0
H4CA10109|PICCININI, KATHERINE|C|2|REP|40733.96|0|38651.73|0|0|2082.23|0|2312|0|0|0|5520.44|38179.38|CA|10||||||0|0|12/31/2024|0|0
H4CA10117|SWEENEY, JOSEPH J|C|3|IND|15515|0|14364.2|0|0|1150.8|0|0|0|0|0|21016.74|15515|CA|10||||||0|0|12/31/2024|25|0
H4CA11198|MIKELS, MARJORIE MS|C|1|DEM|10000|0|10000|0|0|0|0|10000|0|6452.24|0|10096.76|0|CA|11||||||0|0|06/28/2024|0|0
H8CA05035|PELOSI, NANCY|I|1|DEM|10223363.88|403887.59|11739026.18|0|3593728.76|2078066.46|0|0|0|0|0|0|9554439.66|CA|11||||||251518.53|130.94|12/31/2024|218817.34|0
H8CA12262|BUTTAR, SHAHID|C|1|DEM|778.68|0|608.98|0|237.78|377.44|0|0|0|0|0|24056.2|0|CA|11||||||0|0|12/31/2024|0|0
H4CA11164|LOU, BRUCE C|C|2|REP|208130.5|0|208130.5|0|0|0|4151.26|87170|12845|0|0|0|99069.66|CA|11||||||3300|0|12/31/2024|500|0
H4CA11172|ZENG, JASON|C|2|REP|39286.71|0|39286.71|0|0|0|0|38526.71|0|32085.55|0|0|760|CA|11||||||0|0|03/06/2024|0|0
H4CA12154|SIMON, LATEEFAH|O|1|DEM|2231456.15|0|1945801.44|0|0|285654.71|0|0|0|0|0|0|1913404.94|CA|12||||||270574.01|0|12/31/2024|22415.51|500
H4CA12170|DAYSOG, TONY MR.|O|1|DEM|18760.46|0|18298.89|0|0|461.58|16103|0|0|0|0|0|2657.46|CA|12||||||0|0|12/31/2023|0|0
H4CA12188|SANCHEZ, TIM|O|1|DEM|102802.71|0|102742.72|0|0|59.99|2280|0|0|0|0|0|87968.5|CA|12||||||11000|0|12/31/2023|25|0
H4CA12196|TRAN, JENNIFER|O|1|DEM|344452.27|0|333359.4|0|0|11092.87|8625|41436.15|0|0|0|43186.15|274389.14|CA|12||||||2000|0|12/31/2024|475|0
H4CA12246|SIKDER, ABDUR R DR|O|1|DEM|21938|0|21946.2|0|0|-8.2|0|0|0|0|0|0|21938|CA|12||||||0|0|04/16/2024|0|0
H8CA09060|LEE, BARBARA|I|1|DEM|375045.69|0|427254.55|175400|52353.25|144.39|0|0|0|0|0|0|363166.36|CA|12||||||11800|0|09/30/2024|9400|0
H2CA12257|NUERGE, NED|O|2|REP|3397|0|4720.38|0|1323.38|0|0|0|0|0|0|0|3381|CA|12||||||0|0|03/31/2024|0|0
H0CA22102|ARBALLO, PHIL|C|1|DEM|116818.03|0|99934.56|0|0|16833.47|0|0|0|0|0|0|116818.03|CA|13||||||0|0|12/31/2024|1050|0
H2CA13115|GRAY, ADAM C.|C|1|DEM|6432861.59|0|6293278.56|0|54374.69|191957.72|0|0|0|0|0|20565.55|5255055.1|CA|13||||||677578.2|15839.53|12/31/2024|67352.47|1700
H4CA13095|BOYD, BRAD|C|1|DEM|7700|0|8468.4|0|768.4|0|0|0|0|0|0|0|7700|CA|13||||||0|0|03/31/2023|0|0
H2CA13123|MARTINEZ, DIEGO J|C|2|REP|0|0|890|0|1020.7|130.7|0|0|0|0|0|2268.58|0|CA|13||||||0|0|12/31/2024|0|0
H2CA13131|DUARTE, JOHN|I|2|REP|4576132.43|1404517.88|4386892.76|882.71|25518.63|214758.3|0|0|0|0|0|119346.18|1761346.96|CA|13||||||1354621.88|14500|12/31/2024|39427.19|11070
H2CA15094|SWALWELL, ERIC MICHAEL|I|1|DEM|4143083.15|7850.1|4471680.34|0|628599.97|300002.78|0|0|0|0|0|0|3347503.42|CA|14||||||628032.04|31.3|12/31/2024|99158.39|3750
H2CA14204|IYER, STEVE|C|2|REP|0|0|5975.76|0|5975.76|0|0|0|0|5000|0|0|0|CA|14||||||0|0|06/05/2023|0|0
H4CA14093|KRUTTIVENTI, VIN|C|2|REP|850582.78|0|842783.13|0|0|5799.65|0|700000|0|0|0|804986.02|98311.78|CA|14||||||51521|750|12/31/2024|533.33|0
H2CA14162|MULLIN, KEVIN|I|1|DEM|808090.91|0|778853.82|0|22534.15|51771.24|0|50000|0|50000|0|244|328461.47|CA|15||||||428005.79|0|12/31/2024|13075.41|9550
H4CA15074|KRAMER, ANNA CHENG|C|2|REP|160182.74|0|158495.01|0|0|1687.73|1100|18400|0|0|0|18400|139467.38|CA|15||||||0|992.86|12/31/2024|1200|0
H0CA15171|SIMITIAN, S JOSEPH|O|1|DEM|1645810.66|0|2167398.07|0|570371.73|48784.32|0|250000|0|0|0|250000|1073806.69|CA|16||||||14450|0|12/31/2024|129755|0
H0CA18068|KUMAR, RISHI|O|1|DEM|318178.78|0|315757.1|0|-1108.84|1312.84|0|22600|0|0|0|302600|293666.11|CA|16||||||0|0|12/31/2024|20999|0
H2CA18148|RADING, AJWANG|O|1|DEM|0|0|595.78|0|25802.12|2049.45|0|0|0|0|0|0|0|CA|16||||||0|0|12/31/2024|0|0
H4CA16171|BERNSTEIN, JOBY|O|1|DEM|146659.51|0|146659.51|0|0|0|6610|3000|0|3000|0|0|137049.51|CA|16||||||0|0|06/30/2024|14950|0
H4CA16197|LICCARDO, SAM T.|O|1|DEM|6226443.41|33000|6136051.31|0|0|90392.1|0|0|0|0|0|199854.49|5887218.18|CA|16||||||212449|0|12/31/2024|68963|999
H4CA16239|LOW, EVAN|O|1|DEM|3717868.88|0|3636633.62|0|0|81235.26|6600|13661.87|0|13661.87|0|4000|2955557|CA|16||||||402295|78.36|12/31/2024|29447|4000
H4CA16247|DIXON, PETER|O|1|DEM|3400472.15|0|3399433.82|0|0|1038.33|135456.09|1657000|0|0|0|1657000|1577784.2|CA|16||||||19000|0|12/31/2024|414510|5000
H4CA16254|MOSTAFA, AHMED|O|1|DEM|352347.98|0|352347.98|0|0|0|45947.86|0|0|0|0|0|304400.12|CA|16||||||2000|0|10/17/2024|4900|0
H4CA16262|LYTHCOTT-HAIMS, JULIE|O|1|DEM|721756.37|0|721756.37|0|0|0|0|0|0|0|0|0|690756.37|CA|16||||||21000|0|06/27/2024|83802|0
H4CA16288|TANAKA, GREG LIN|O|1|DEM|26928.85|0|26928.85|0|0|0|6399.86|13182|0|13182|0|0|6773.86|CA|16||||||0|0|12/10/2024|0|0
H8CA12098|ESHOO, ANNA G|I|1|DEM|622171.38|0|1056422.63|0|520948.43|86697.18|0|0|0|0|0|0|259304|CA|16||||||356800|0|12/31/2024|71800|13500
H4CA16155|RYAN, KARL|O|2|REP|0|0|0|0|0|0|0|0|0|0|0|0|0|CA|16||||||0|0|03/11/2024|0|0
H4CA16163|OHTAKI, PETER I|O|2|REP|94035.03|0|93904.84|0|0|130.19|2719.99|70000|0|0|0|106684.65|17895|CA|16||||||0|1000|12/31/2024|0|0
H0CA17193|TANDON, RITESH|C|1|DEM|26133.46|0|26443.64|0|310.18|0|0|0|0|0|0|2089.31|26133.46|CA|17||||||0|0|12/31/2024|0|0
H4CA12055|KHANNA, ROHIT|I|1|DEM|10570516.03|0|5149945.7|0|5288521.07|10709091.4|0|0|0|0|0|89348.3|10130965|CA|17||||||2000|0|12/31/2024|383766.73|2000
H4CA17310|CHEN, ANITA S|C|2|REP|73273.05|0|72202.27|0|0|1070.78|464.11|0|0|0|0|625|72028.44|CA|17||||||0|750|12/31/2024|2000|0
H4CA16049|LOFGREN, ZOE|I|1|DEM|2327179.93|165998.9|2498797.41|10870|411369.83|239752.35|0|0|0|0|0|38513.14|1462434.43|CA|18||||||686799.01|31.3|12/31/2024|40734|0
H4CA18128|MILAN, LAWRENCE E|C|1|DEM|0|0|25.34|0|470.26|444.92|0|0|0|0|0|0|0|CA|18||||||0|0|03/15/2024|0|0
H4CA18136|NIJMEH, CHARLENE CONCEPCION|C|1|DEM|203731.66|0|203649.42|0|0|82.24|80200|40500|0|0|0|166441.01|83031.15|CA|18||||||0|0|12/31/2024|13300|0
H2CA18163|HERNANDEZ, PETER|C|2|REP|198166.89|0|199052.48|0|2298.92|1413.33|0|0|0|0|0|2500|191568.19|CA|18||||||3500|0|12/31/2024|1837.81|0
H6CA20152|PANETTA, JIMMY|I|1|DEM|3357555.24|0|1823326.52|0|2180409.89|3714638.61|0|0|0|0|0|0|1583704.43|CA|19||||||1770648.82|0|12/31/2024|23265|4500
H0CA20122|GORMAN, JEFF|C|2|REP|250|0|2775.99|0|2525.99|0|0|0|0|0|0|0|250|CA|19||||||0|0|05/01/2023|100|0
H2CA20136|EPPERSON, DALILA|C|2|REP|700|0|915.41|0|215.41|0|0|700|0|256.16|0|1468.84|0|CA|19||||||0|0|06/14/2023|0|0
H4CA19100|ANDERSON, JASON|C|2|REP|18044.56|0|7642.84|0|0|10401.72|96|10000|0|0|0|15800.98|7948.56|CA|19||||||0|0|12/31/2024|0|0
H4CA19118|DOUGHERTY, SEAN JACOB|C|3|GRE|7856|0|5836.67|0|0|2019.33|10|100|0|0|0|19441|7746|CA|19||||||0|0|12/31/2024|0|0
H2CA23155|WOOD, MARISA|C|1|DEM|78944.4|3994.13|78808.08|0|4497.85|4634.17|0|0|0|0|0|0|66865.46|CA|20||||||5000|250|12/31/2024|100|0
H4CA20132|MORALES, JESUS ANDY|C|1|DEM|144083.35|0|144083.35|0|0|0|0|0|0|0|0|0|144083.35|CA|20||||||0|0|09/30/2024|637.61|0
H4CA20173|GIGLIO, DAVID ANTHONY|C|2|REP|44199.32|0|44199.32|0|0|0|0|0|0|0|0|0|39199.02|CA|20||||||5000|0|03/16/2024|0|0
H4CA20181|FONG, VINCE|I|2|REP|2311886.6|22025.12|2272655.2|0|0|39231.4|0|0|0|0|0|147126.65|1417521.46|CA|20||||||872340.02|0|12/31/2024|5800|0
H4CA20199|BOUDREAUX, MICHAEL|C|2|REP|457481.76|0|457431.76|0|0|50|0|0|0|0|0|0|445484.75|CA|20||||||11747|0|12/31/2024|300|0
H4CA20207|STOLL, MATTHEW|C|2|REP|24845|0|24845|0|0|0|4745|20000|0|20000|0|0|100|CA|20||||||0|0|03/31/2024|0|0
H4CA20223|KIRKLAND, KYLE R|C|2|REP|723332.21|0|723332.21|0|0|0|39542.21|392000|100100|0|100|0|191690|CA|20||||||0|0|07/12/2024|3300|0
H4CA20231|ELLIS, STANLEY|C|2|REP|0|0|0|0|0|0|0|0|0|0|0|0|0|CA|20||||||0|0|12/31/2023|0|0
H6CA22125|MCCARTHY, KEVIN|I|2|REP|15739441.84|4871039.08|14991918.39|50000|5488009.58|6235533.03|0|0|0|0|0|0|10490223.95|CA|20||||||292500|0|12/31/2024|2695603.85|503800
H2CA20144|DEWELL, BEN|C|3|NOP|2230.72|0|2089.72|0|562.4|703.4|0|1700|0|0|0|2200|530.72|CA|20||||||0|0|12/31/2024|0|0
H4CA20082|COSTA, JIM|I|1|DEM|1705407.96|0|1885604.27|0|389078.41|208882.1|0|0|0|0|0|27665.12|691703|CA|21||||||1010513.42|0|12/31/2024|19630|5000
H2CA22215|MAHER, MICHAEL A|C|2|REP|785000.57|26453.58|753557.41|0|2223.88|33667.04|1500|5000|0|5000|0|55972.86|645589.85|CA|21||||||83500|5000|12/31/2024|15402|0
H2CA21233|SALAS, RUDY|C|1|DEM|6515959.58|780344.83|6323925.21|0|14408.83|206443.2|0|0|0|0|0|0|4982403.54|CA|22||||||630654.58|10819.33|12/31/2024|85446.89|2200
H4CA22120|HURTADO, MELISSA|C|1|DEM|84532.34|0|84162.61|0|0|369.73|0|0|0|0|0|27808.64|74086.63|CA|22||||||5700|0|11/25/2024|5505|0
H2CA20094|VALADAO, DAVID|I|2|REP|4912595.46|1123956.41|4915498.5|0|48438.57|45535.53|0|0|0|0|0|13724.87|1515905.22|CA|22||||||2214944|25628|12/31/2024|31520.12|6700
H2CA21183|MATHYS, CHRIS|C|2|REP|338675.39|0|337367.49|0|500|1807.9|0|325000|0|76428.31|0|520926.79|11925.89|CA|22||||||0|0|12/31/2024|0|0
H2CA08214|MARSHALL, DEREK|C|1|DEM|759288.77|0|770326.34|0|14250.82|3213.25|0|0|0|0|0|2719.81|728478.04|CA|23||||||20250|8189.71|12/31/2024|1238.72|0
H0CA08135|OBERNOLTE, JAY|I|2|REP|1532906.86|29857.6|905220.42|0|370153.32|997839.76|0|0|0|163000|0|1125000|514607.67|CA|23||||||985223.72|0|12/31/2024|-200|1700
H6CA24303|CARBAJAL, SALUD O.|I|1|DEM|2037379.78|0|1497496.5|0|2103986.23|2643869.51|0|0|0|0|0|1945.71|1257314.73|CA|24||||||765262.37|0|12/31/2024|12266|1000
H4CA24191|COLE, THOMAS DR|C|2|REP|42871.7|0|80220.71|0|0|-37349.01|0|19920|0|0|0|28351|22951.7|CA|24||||||0|0|12/31/2024|0|0
H2CA36439|RUIZ, RAUL DR.|I|1|DEM|2504794.87|15000|2388851.48|0|1586796.01|1702739.4|0|0|0|0|0|0|1375473.98|CA|25||||||1106000|9.07|12/31/2024|27494.82|0
H4CA25248|ORTIZ, OSCAR|C|1|DEM|37975.01|0|34074.71|0|220|4120.3|0|5000|0|0|0|5000|32975.01|CA|25||||||0|0|03/31/2024|0|0
H4CA25214|TRUMAN, CECI|C|2|REP|142532.48|0|139924.59|0|0|2607.89|5|0|0|0|0|0|139663.69|CA|25||||||700|0|12/31/2024|250|0
H4CA25222|WEEKS, IAN|C|2|REP|147438.99|0|134181.28|0|0|13257.71|0|0|0|0|0|0|141638.99|CA|25||||||5800|0|12/31/2024|0|0
H4CA25230|CHAPA, MIGUEL|C|2|REP|20694|0|19967.54|0|0|726.46|0|8550|0|0|0|20903.07|12020|CA|25||||||0|0|12/31/2024|500|0
H2CA00120|BROWNLEY, JULIA|I|1|DEM|1599723.3|0|1006558.68|0|349192.51|942357.13|0|0|0|0|0|0|802508.4|CA|26||||||756412.51|0|12/31/2024|2873|500
H4CA26196|ANSTEAD, CHRIS|C|1|DEM|42447.58|0|42447.58|0|0|0|0|30000|0|24568.85|0|5431.15|12447.58|CA|26||||||0|0|03/31/2024|0|0
H4CA26162|KOSLOW, MICHAEL|C|2|REP|100754.66|0|89443.21|0|0|11311.45|0|33000|0|0|0|65883|62754.66|CA|26||||||5000|0|12/31/2024|100|0
H4CA27111|WHITESIDES, GEORGE|C|1|DEM|10614137.63|575881.71|10287404.27|0|0|326733.36|273627.5|1310000|0|0|0|1310000|7546688.54|CA|27||||||692133.41|10190.36|12/31/2024|155273.81|3000.01
H4CA27129|CARRILLO JR, FRANCISCO|C|1|DEM|34034.53|0|34034.53|0|0|0|0|0|0|0|0|0|34034.53|CA|27||||||0|0|09/30/2023|500|0
H0CA25105|GARCIA, MICHAEL|I|2|REP|6539107.78|951716.28|6605923.34|0|116671.65|49856.09|0|0|0|0|0|3173.08|4113047.38|CA|27||||||1461750|0|12/31/2024|35305.64|11000
H0CA32101|CHU, JUDY|I|1|DEM|1915612.32|0|1660999.97|0|3346392.6|3602004.95|0|0|0|0|0|0|1187948.99|CA|28||||||721700|0|12/31/2024|14475|6500
H4CA28127|VERLATO, APRIL|C|2|REP|349180.9|0|341947.34|0|0|7837.65|0|0|60000|0|0|60000|282075.4|CA|28||||||6000|1000|12/31/2024|1112.04|0
H2CA28113|CARDENAS, TONY|I|1|DEM|661700.12|0|855062.42|0|239271.51|45909.21|0|0|0|0|0|0|170678.57|CA|29||||||469659|0|12/31/2024|22424|27659
H4CA29141|RIVAS, LUZ|O|1|DEM|946966.04|0|682702.81|0|0|264263.23|0|0|0|0|0|0|561950.5|CA|29||||||384557.34|0|12/31/2024|3950|7150
H8CA29100|DUENAS, ANGELICA MARIA|O|1|DEM|119777.59|0|125708.04|0|5834.18|-96.27|0|0|0|0|0|0|118777.59|CA|29||||||1000|0|12/31/2024|0|0
H2CA29087|CARRANZA, MARGARITA MARIA MMC MMC|O|2|REP|3240|0|3240|0|-1475|265.02|0|1500|0|1500|0|1740|0|CA|29||||||0|0|01/31/2024|1740|0
H4CA29158|BERNAL, BENITO|O|2|REP|55143.71|0|39905.83|0|0|0|110|10000|0|0|0|0|35033.71|CA|29||||||0|0|12/31/2024|0|0
H0CA27085|SCHIFF, ADAM|I|1|DEM|48149196.78|536367.79|62791130.49|0|21022960.33|6381026.62|0|0|0|0|0|0|45110628.66|CA|30||||||1015453.06|250|12/31/2024|706974.81|22599
H0CA28174|PUDLO, G MAEBE|O|1|DEM|116190.76|342.1|110702.81|0|2198.56|0|0|0|0|0|0|0|115848.66|CA|30||||||0|0|05/01/2024|0|0
H2CA30341|SHYNE, SEPI|O|1|DEM|399490.3|0|399490.3|0|0|0|0|0|0|0|0|0|389772.48|CA|30||||||9150|0|06/30/2024|52449|0
H4CA30131|MELVOIN, NICK|O|1|DEM|1495270.39|52523.42|1282604.79|0|0|212665.6|0|0|0|0|0|0|1426856.42|CA|30||||||5500|0|12/31/2024|10100|0
H4CA30149|FRIEDMAN, LAURA|O|1|DEM|1835665.11|0|1538916.87|0|0|296748.24|0|0|0|0|0|0|1519517.95|CA|30||||||309393|0|12/31/2024|16099.52|0
H4CA30164|SAVAGE, BEN|O|1|DEM|1374520.54|0|1373648.66|0|0|870.74|250000|1077000|0|358000|0|719000|46885.54|CA|30||||||0|0|12/31/2024|0|0
H4CA30180|PORTANTINO, ANTHONY|O|1|DEM|1763752.82|0|1758288.81|0|0|5464.01|5|0|100000|90000|0|15000|1227566.22|CA|30||||||423466.65|0|12/31/2024|89032.5|9890
H4CA30198|FEUER, MICHAEL|O|1|DEM|1491487.45|0|1493442.45|0|0|0|0|50785|0|16033.37|0|34751.63|1417104.65|CA|30||||||8099|200|06/30/2024|19620|2000
H4CA30248|DUNWOODY, STEPHEN ANDRAE'|O|1|DEM|31894.45|0|31829.97|0|0|64.48|5474.9|15769.55|0|0|0|15769.55|10650|CA|30||||||0|0|03/31/2024|0|0
H4CA30255|IDAN, SARAH|O|1|DEM|14883.01|0|14883.01|0|0|0|0|0|0|0|0|0|14883|CA|30||||||0|0|09/30/2024|0|0
H4CA30263|RATEVOSIAN, JIRAIR|O|1|DEM|312654.27|0|312654.27|0|0|0|21392.11|0|0|0|0|0|288262.16|CA|30||||||3000|0|03/27/2024|10243|0
H4CA30271|ARREAGA, FRANCESCO|O|1|DEM|5488.84|0|5488.84|0|0|0|0|0|0|0|0|0|5488.84|CA|30||||||0|0|03/31/2024|0|0
H4CA30321|NAJERA, COURTNEY SIMONE|O|1|DEM|2566.05|0|2025.81|0|0|540.24|2041.05|0|0|0|0|0|275|CA|30||||||250|0|03/31/2024|0|0
H0CA26145|KENNEDY, RONDA|O|2|REP|0|0|0|0|-49754.38|-49754.38|0|0|0|0|0|12161.54|0|CA|30||||||0|0|09/30/2023|0|0
H4CA30214|GIPSON, PATRICK LEE|O|2|REP|2118.66|0|2118.66|0|0|0|0|0|0|0|0|0|2118.66|CA|30||||||0|0|03/31/2023|0|0
H4CA30222|SAWCHUK, ERIC RICHARD|O|2|REP|1376.17|0|1426.17|0|50|0|876.17|0|0|0|0|0|500|CA|30||||||0|0|10/13/2023|0|0
H4CA30230|BALEKIAN, ALEX ARTO|O|2|REP|443145.69|0|440326.28|0|0|2819.41|5.52|30100|0|30000|0|757.33|409961.72|CA|30||||||2749|0|12/31/2024|1240.61|0
H4CA30305|MARTINEZ, J. EMILIO|O|2|REP|1990|0|1805.8|0|0|0|80|1525|0|0|0|0|385|CA|30||||||0|0|07/15/2024|0|0
H4CA30156|BOCANEGRA, JOSH|O|3|NOP|7806|0|3730.66|0|401|-1812.66|0|0|0|0|0|0|7806|CA|30||||||0|0|03/31/2024|0|0
H4CA31113|ARCHULETA, BOB|O|1|DEM|576500.81|0|559039.78|0|0|17461.03|0|225000|0|0|0|230000|323365.2|CA|31||||||11600|0|12/31/2024|26951.09|0
H4CA31139|LUTZ, MARY ANN|O|1|DEM|626215.16|0|626215.16|0|0|0|0|505000|0|19499.38|0|0|113465.15|CA|31||||||7750|0|06/30/2024|0|0
H4CA31154|RUBIO, SUSAN|O|1|DEM|583861.02|0|582224.81|0|0|1636.21|0|0|0|0|0|12581.42|543939.06|CA|31||||||25150|0|12/31/2024|60500|0
H4CA31162|HAFIF, GREGORY KEITH|O|1|DEM|826620|0|826620|0|0|0|0|0|600000|0|0|600000|226620|CA|31||||||0|0|03/31/2024|0|0
H4CA31170|CISNEROS, GILBERT|O|1|DEM|6477170.49|0|6437094.66|0|0|40075.83|6600|5450000|0|0|0|5450000|523212.01|CA|31||||||423682.47|0|12/31/2024|10339|2000
H8CA34068|NAPOLITANO, GRACE|I|1|DEM|49692.72|0|487075.61|0|660698.43|223315.54|0|0|0|0|0|0|4650|CA|31||||||43000|0|12/31/2024|0|6000
H4CA31188|MORENO, ELVIRA|O|2|REP|0|0|0|0|0|0|0|0|0|0|0|0|0|CA|31||||||0|0|12/31/2023|0|0
H4CA32152|ABBITT, DAVE|C|1|DEM|2240|0|0|0|0|2240|0|0|0|0|0|0|2240|CA|32||||||0|0|12/31/2023|0|0
H6CA24113|SHERMAN, BRAD|I|1|DEM|2059587.35|0|1106415.26|0|2968772.61|3921944.7|0|0|0|0|0|0|1116504.37|CA|32||||||861549.01|0|12/31/2024|11700|11000
H6CA32157|BROWN, DAVID MR.|C|1|DEM|0|0|0|0|0|0|0|0|0|0|0|0|0|CA|32||||||0|0|09/18/2023|0|0
H4CA32129|SHUSTER, JAMES BARTLEY MR|C|2|REP|5421.85|0|6911.02|0|0|0|0|1600|0|0|0|0|3721.85|CA|32||||||0|0|05/08/2024|0|0
H4CA32137|THOMPSON, LARRY|C|2|REP|140107.71|0|140107.71|0|0|0|92473.71|0|0|0|0|0|47634|CA|32||||||0|0|12/30/2024|900|0
H2CA31125|AGUILAR, PETE|I|1|DEM|5866371.81|703032.37|4797056.96|0|1579756.32|2649071.17|0|0|0|0|0|0|2439224.2|CA|33||||||2514457.6|0|12/31/2024|30758.99|17100
H0CA33216|LIEW, SARAH SUN DR.|C|2|REP|48420|0|30977.63|0|20.29|240.77|0|48120|0|0|0|292059.24|300|CA|33||||||0|0|09/30/2024|0|0
H4CA33267|HERMAN, THOMAS|C|2|REP|5758.43|0|3882.68|0|0|1875.75|1658.43|0|0|0|0|0|4100|CA|33||||||0|0|12/31/2024|0|0
H4CA34083|KIM, DAVID|C|1|DEM|570467.58|0|553269.72|0|0|17197.86|0|0|0|0|0|0|555967.58|CA|34||||||14500|0|12/31/2024|100|0
H4CA34117|FERRELL, DAVID|C|1|DEM|9078.1|0|9078.1|0|0|0|0|0|0|0|0|0|9078.1|CA|34||||||0|0|03/20/2024|0|0
H8CA34266|GOMEZ, JIMMY|I|1|DEM|2245652.6|206.21|2712396.48|0|555502.79|88758.91|0|0|0|0|5000|108412.43|1289116.54|CA|34||||||946153.34|0|12/31/2024|24468.52|500
H4CA35031|TORRES, NORMA|I|1|DEM|943001.82|0|986941.94|0|347255.95|303315.03|0|0|0|0|0|300|146200.25|CA|35||||||790663.14|26.11|12/31/2024|1513|3000
H4CA35072|MAY, MELISSA|C|1|DEM|15394|0|15556|0|0|0|1674|1000|0|0|0|0|11720|CA|35||||||1000|0|06/30/2024|0|0
H0CA35146|CARGILE, MIKE|C|2|REP|141181.77|1150|142083.72|0|1372.72|470.77|72.9|0|0|0|0|12959.54|139958.87|CA|35||||||0|0|12/31/2024|0|0
H4CA35080|SUTHAR, VIJAL|C|2|REP|19116.57|0|18461.57|0|348.92|1003.92|0|18461.57|0|0|0|24432.69|655|CA|35||||||0|0|02/14/2024|0|0
H4CA33119|LIEU, TED|I|1|DEM|2587897.61|160047.79|2707281.69|0|794390.83|675006.75|0|0|0|0|0|0|1618199.66|CA|36||||||765125|0|12/31/2024|18075|0
H2CA00146|TOOMIM, LEAH MELISSA|C|2|REP|41723.09|0|41252.77|0|147.93|618.25|10|820|0|6700|0|10362.37|37707.95|CA|36||||||0|0|12/31/2024|2000|0
H2CA36496|HAKAMI, ARIANA|C|2|REP|3830|0|3742.71|0|206.32|293.61|0|3390|0|0|0|6790|440|CA|36||||||0|0|12/31/2024|0|0
H4CA36161|RAGGE ANDERSON, CLAIRE|C|3|NON|34487.48|0|32012.95|0|0|2474.53|1031.19|29500|0|0|0|37396.28|3306|CA|36||||||0|0|12/31/2024|0|0
H2CA37304|KAMLAGER-DOVE, SYDNEY|I|1|DEM|1061435.52|1470.4|1101316.72|0|101879.18|61997.98|0|0|0|0|0|0|549350.2|CA|37||||||492328.14|0|12/31/2024|18118.52|400
H8CA29118|REY, JUAN|C|3|NNE|9980.59|0|8265.53|0|0|750|0|2818.59|0|2818.59|0|0|7162|CA|37||||||0|0|11/25/2024|0|0
H2CA38245|MOREIRA, ELIZABETH|C|1|DEM|581.38|0|621.6|0|40.22|0|0|0|0|0|0|0|581.38|CA|38||||||0|0|09/30/2024|0|0
H2CA39078|SANCHEZ, LINDA|I|1|DEM|1548292.39|0|1565648.93|0|443144.01|425787.47|0|0|0|0|0|0|391955.37|CA|38||||||1153570.08|0|12/31/2024|5108|5000
H2CA39151|CHING, ERIC J|C|2|REP|241030.63|0|216288.55|0|4863.43|40240.57|0|23000|0|44000|0|0|216460.79|CA|38||||||0|1000|12/31/2024|0|0
H2CA43245|TAKANO, MARK|I|1|DEM|1289817.96|50139.28|1511853.8|150000|491205.72|269169.88|0|0|0|0|0|0|694586.91|CA|39||||||537500|0|12/31/2024|1866.51|1000
H4CA39066|SERPA, DAVID|C|2|REP|56449.02|0|56149.02|0|0|300|150|0|0|0|0|0|51199.02|CA|39||||||5100|0|12/31/2024|0|0
H4CA40098|KERR, JOSEPH|C|1|DEM|2080922.59|0|2080922.59|0|0|0|0|1195819.83|0|656050.89|0|0|660258.61|CA|40||||||224306.9|300|12/16/2024|2057.19|0
H4CA40106|DAMIKOLAS, ALLYSON|C|1|DEM|634531.15|0|634531.15|500|0|0|21522.36|65000|0|0|0|0|500054.79|CA|40||||||46300|0|06/28/2024|36068.12|20
H8CA39240|KIM, YOUNG|I|2|REP|9244755.74|1015486.96|7906735.89|10000|399478.58|1737498.43|0|0|0|0|0|84428.05|6010188.08|CA|40||||||2141198.3|10000|12/31/2024|155743.16|2700
H2CA06184|NEVENIC, ANNA|C|1|DEM|11180|0|5780|0|0|5400|0|0|0|0|0|0|11180|CA|41||||||0|0|02/21/2024|0|0
H2CA42205|ROLLINS, WILL|C|1|DEM|12603461.8|1678795.36|12610995.05|0|44932.37|37399.12|0|0|0|0|0|0|9887068.7|CA|41||||||825702.95|10290.82|12/31/2024|134580.5|8650
H4CA41153|HAWKINS, BRIAN|C|1|DEM|651|0|651|0|0|0|0|0|0|0|0|0|651|CA|41||||||0|0|12/31/2023|0|0
H4CA42086|SHERIDAN, TIMOTHY J|C|1|DEM|14762.68|0|14762.68|0|0|0|6545.69|0|0|0|0|0|8216.99|CA|41||||||0|0|03/31/2024|0|0
H2CA37023|CALVERT, KEN|I|2|REP|8056905.14|1107436.64|7864571.94|0|69802.41|262135.61|0|0|0|0|0|15464.64|4783169.87|CA|41||||||2154529|0|12/31/2024|24095.44|5000
H2CA40076|LOPEZ, JAZMIN NICOLE|C|1|DEM|8500|0|8800.95|0|300.95|0|3281|0|0|0|0|0|5219|CA|42||||||0|0|06/30/2024|0|0
H2CA47188|GARCIA, ROBERT|I|1|DEM|1352167.01|20782.31|1270301.2|0|330562.09|412427.9|280.45|0|0|0|0|27095.43|914393.8|CA|42||||||399600|0|12/31/2024|5264.02|3000
H4CA42128|BELTRAN, JOAQUIN|C|1|DEM|24287.38|0|23823.74|0|0|463.64|0|6445|0|2452|0|3993|17842.38|CA|42||||||0|0|12/31/2024|0|0
H4CA42136|BRISCOE, JOHN|C|2|REP|355605.04|0|353899.8|0|0|1705.24|82929.56|250000|0|211000|0|39000|1975.48|CA|42||||||0|0|12/31/2024|0|0
H4CA23011|WATERS, MAXINE MS|I|1|DEM|1119385.5|0|1238561.44|0|235632.42|116456.48|0|0|0|0|0|127753.88|559708.07|CA|43||||||493977.43|3300|12/31/2024|20068.51|7500
H6CA37313|WIGGINS, CHRISTOPHER BLAKE|C|1|DEM|1260|0|2512|0|575.08|426.88|100|0|0|0|0|0|1160|CA|43||||||0|0|02/14/2024|0|0
H4CA43100|KNIGHT, DAVID MR.|C|2|REP|6788.28|0|6788.28|0|0|0|0|6110|0|0|0|11993.37|640.05|CA|43||||||0|0|08/29/2024|0|0
H6CA44103|BARRAGAN, NANETTE|I|1|DEM|1269280.49|0|1291497.72|0|1503771.14|1481553.91|0|0|0|0|0|0|305371.3|CA|44||||||952538.63|0|12/31/2024|6728.52|7000
H4CA45121|NGUYEN, KIM|C|1|DEM|366569.43|0|357787.32|0|0|8782.11|0|0|0|0|0|20779|269027.11|CA|45||||||95700|0|12/31/2024|14738|2300
H4CA45139|PAI, ADITYA|C|1|DEM|305312.23|0|280052.25|0|0|1692.32|0|33833.24|0|33833.24|0|6407.71|263235.49|CA|45||||||6600|0|12/31/2024|6900|0
H4CA45154|PHAM, JIMMY D|C|1|DEM|29899|0|29899|0|0|0|0|21000|0|15297.72|0|0|8899|CA|45||||||0|0|10/18/2023|0|0
H4CA45170|TRAN, DEREK|C|1|DEM|6514154.69|620689.99|6186831.9|0|0|327322.79|1|0|0|0|0|86412.27|4767925.07|CA|45||||||593986.97|5569.78|12/31/2024|67418.2|2590.92
H8CA45189|FORDE, BRIAN|C|1|DEM|0|0|1595.78|0|222357.71|220761.93|0|0|0|0|0|0|0|CA|45||||||0|0|12/31/2024|0|0
H0CA48198|STEEL, MICHELLE|I|2|REP|10730106.83|1813348.16|10283182.55|10000|456537.21|903461.49|0|1910000|0|200000|0|2061529.23|4716765.14|CA|45||||||1971530|0|12/31/2024|47981.18|4800
H6CA46116|CORREA, LOU|I|1|DEM|1385045.32|0|1040325.62|0|1520142.93|1867362.63|0|0|0|0|0|0|352717.67|CA|46||||||972558.66|0|12/31/2024|8400|1306.45
H4CA46137|PAN, DAVID|C|2|REP|88907|0|86007.02|0|0|2879.98|0|25500|0|0|0|24476.77|63407|CA|46||||||0|0|12/31/2024|0|0
H4CA47085|MIN, DAVE|O|1|DEM|6835943.16|220808.17|6662877.38|0|0|173065.78|6600|0|0|0|0|40000|5757172.33|CA|47||||||673126.31|5101.12|12/31/2024|74171.91|0
H4CA47093|JONES, DOM|O|1|DEM|10087.39|0|8090.95|0|0|717.66|0|0|0|0|0|10305.56|9817.29|CA|47||||||200|0|12/31/2024|0|0
H4CA47119|WEISS, JOANNA|O|1|DEM|2298172.86|0|2294009.63|0|0|4163.23|9636.61|225000|0|0|0|238217.19|1984003.75|CA|47||||||66757.94|0|12/31/2024|271709.26|7407.94
H4CA47168|GOFFE, ANDREW LEE|O|1|DEM|2740|0|774|0|366|1100|1500|0|0|0|0|0|1240|CA|47||||||0|0|12/31/2023|0|0
H4CA47200|ROBERTS, BOYD|O|1|DEM|6762|0|8369.43|0|0|-1607.43|5254.57|0|0|0|0|0|1507.43|CA|47||||||0|0|02/14/2024|0|0
H8CA45130|PORTER, KATHERINE|I|1|DEM|490931.75|96698.95|7925890.61|7479897.86|7434958.86|0|0|0|0|0|0|0|91622.8|CA|47||||||242.32|0|06/30/2024|32574.16|0
H8CA48035|ROUDA, HARLEY E JR|O|1|DEM|1281255.27|0|1306612.95|0|25357.68|0|0|1000000|0|926867.06|0|0|262003.29|CA|47||||||9000|0|06/30/2023|98275.7|0
H0CA48172|BURLEY, BRIAN J MR.|O|2|REP|61946.37|0|56450.22|0|280.71|5776.86|0|29700|0|5000|0|71157.85|32241|CA|47||||||0|0|12/31/2024|658|0
H4CA36146|HASHEMIEH, JULIA|O|2|REP|41074.17|2049.3|41074.17|0|0|0|0|10000|0|0|0|10000|29024.87|CA|47||||||0|0|08/17/2023|0|0
H4CA47135|UKROPINA, MAX|O|2|REP|716280.07|0|716280.07|0|0|0|6472.89|12000|0|0|0|0|664467.92|CA|47||||||10000|0|12/18/2024|103635|0
H4CA47143|GRIFFIN, JAMES BRIAN MR.|O|2|REP|100|0|227.09|0|0|1872.91|100|0|0|0|0|2000|0|CA|47||||||0|0|12/31/2023|0|0
H6CA48245|BAUGH, SCOTT|O|2|REP|4507491.38|462487.77|4491942.93|0|10686.21|26234.66|6600|30000|0|80000|0|1036.41|2980735.49|CA|47||||||950726|5000|12/31/2024|50731.56|1000
H4CA47226|SMITH, WILLIAM|O|3|NOP|15000|0|15000|0|0|0|0|15000|0|7076|0|0|0|CA|47||||||0|0|04/16/2024|0|0
H4CA47184|MCGRATH, THOMAS PIERCE|O|3|NPA|18270.91|0|18270.91|0|0|0|14074.66|0|0|0|0|0|4196.25|CA|47||||||0|0|04/08/2024|0|0
H4CA47218|CRANDALL, TERRY LAWRENCE|O|3|NPA|15626|0|20816|0|0|0|0|0|0|0|0|0|15626|CA|47||||||0|0|05/02/2024|0|0
H2CA50174|HOULAHAN, STEPHEN WILLIAM|C|1|DEM|29975.29|0|33262.98|1350|11234.67|7946.98|0|0|0|0|0|0|29975.29|CA|48||||||0|0|12/31/2024|0|0
H4CA48075|SHANAHAN, WHITNEY|C|1|DEM|24248.47|0|24052.28|0|0|196.19|5027.7|0|0|0|0|0|19220.77|CA|48||||||0|0|12/31/2024|216|0
H4CA48083|SIMON, MICHAEL CRAIG MR.|C|1|DEM|136294.26|0|135921.98|0|0|372.28|0|121990|0|0|0|121990|14304.26|CA|48||||||0|0|09/30/2024|0|0
H0CA48024|ISSA, DARRELL|I|2|REP|1782412.46|365118.61|755386.07|0|617589.93|1644616.32|0|0|0|0|0|5081387.99|823857.52|CA|48||||||582153.72|0|12/31/2024|9129|5000
H8CA49058|LEVIN, MIKE|I|1|DEM|5679155.07|201885.08|5544869.03|0|135450.94|269736.98|0|0|0|0|0|0|4335338.07|CA|49||||||978060.62|10000|12/31/2024|53025.19|5000
H4CA49131|ADAMS, SHERYL|C|2|REP|241735|0|241735|0|0|0|0|160500|0|96630.68|0|0|67235|CA|49||||||14000|0|03/24/2024|0|0
H4CA49149|GUNDERSON, MATT|C|2|REP|4958325.22|427357.13|4921691.96|17852.4|0|36633.26|0|3299000|0|94664|0|3233631|1075464.28|CA|49||||||154400|0|12/31/2024|3315.41|1000
H4CA49156|MONROE, KATE M|C|2|REP|424374.44|2970|424340.03|0|0|34.41|0|303000|0|261500|0|105929.45|116513.25|CA|49||||||105|0|12/31/2024|4282.81|0
H4CA49164|WILKINSON, MARGARITA|C|2|REP|2211358.88|0|2213358.88|0|0|0|0|1870261.05|0|0|0|0|314625.19|CA|49||||||17000|0|06/30/2024|79040.44|7000
H0CA52091|RYANS, JERLILIA MS.|C|1|DEM|18223|0|17562.76|0|4965.97|-80|18223|0|0|0|0|0|0|CA|50||||||0|0|12/31/2024|0|0
H2CA50190|BILASH, TIMOTHY DANIEL DR. M.D.|C|1|DEM|28066.87|0|27884.01|0|286.81|469.67|107.6|27455|0|0|0|27455|247|CA|50||||||0|0|12/31/2024|0|0
H2CA52089|PETERS, SCOTT|I|1|DEM|2292635.53|450651.97|1876071.77|0|1733957.05|2150520.81|1714.14|0|0|0|0|170760.12|425749.22|CA|50||||||1300350.72|0|12/31/2024|1020|1500
H8CA49074|JACOBS, SARA|I|1|DEM|1724533.98|175800|1737189.1|0|90027.28|77372.16|407903.44|350000|0|0|0|350000|525045.45|CA|51||||||252355.85|0|12/31/2024|9608.52|3000
H2CA53038|WELLS, BILL D.|C|2|REP|772753.35|0|762055.76|0|7178.93|18876.52|0|0|0|0|0|0|752576.46|CA|51||||||16860|0|12/31/2024|3193.59|0
H2CA51206|CAPLAN, STAN|C|3|NOP|41980.92|0|41980.92|0|0|0|237.98|3000|0|0|0|0|38742.94|CA|51||||||0|0|03/25/2024|0|0
H2CA50026|VARGAS, JUAN C.|I|1|DEM|790624.65|0|919328.33|0|219544.32|90840.64|0|0|0|0|0|1838.7|212759.51|CA|52||||||575599|0|12/31/2024|0|0
H6CO01141|DEGETTE, DIANA L|I|1|DEM|1103161.98|0|1182532.98|0|348840.18|269469.18|0|0|0|0|0|0|393149.63|CO|01||||||698408.54|0|12/31/2024|6667|0
H4CO01161|ARCHULETA, VALDAMAR|C|2|REP|12912.6|0|10811.99|0|0|2100.61|3752.6|0|0|0|0|0|7720|CO|01||||||100|1200|12/31/2024|0|0
H4CO01179|DAVIS, LAWRENCE JOHN|C|2|REP|10297|0|10297|0|0|0|0|10000|0|10000|0|0|297|CO|01||||||0|0|07/09/2024|216.9|0
H8CO02160|NEGUSE, JOSEPH|I|1|DEM|2433594.3|83157.95|2303536.95|0|1860839.87|1990897.22|0|0|0|0|0|0|1396265.73|CO|02||||||940749.54|31.3|12/31/2024|17899.65|1000
H2CO02205|DAWSON, MARSHALL|C|2|REP|8672.97|0|15354.95|0|14056.71|7374.73|3707.97|0|0|0|0|0|4965|CO|02||||||0|0|12/31/2024|0|0
H2CO03351|FRISCH, ADAM|O|1|DEM|17188573.07|56823.21|17314502.33|0|365310.27|239381.01|0|0|0|0|0|0|16853163.22|CO|03||||||240125|14500|12/31/2024|151456.06|0
H4CO03282|BURNETT, DEBBY|O|1|DEM|43484.61|0|43484.61|0|0|0|0|0|0|0|0|0|43234.61|CO|03||||||250|0|06/30/2024|358.36|0
H4CO03332|STOUT, ANNA MARIE|O|1|DEM|175200.08|0|175200.08|0|0|0|2625.21|0|0|0|0|0|165502.62|CO|03||||||1000|0|07/31/2024|4349|0
H4CO03290|KARPAS, DAVID M MR.|O|2|REP|6000|0|0|0|0|6000|6000|0|0|0|0|579.51|0|CO|03||||||0|0|06/28/2023|0|0
H4CO03316|ANDREWS, RUSS ALBERT MR.|O|2|REP|471361.42|0|471361.42|0|0|0|5696.98|357855|0|54802.38|0|303052.62|107808.54|CO|03||||||0|0|08/21/2024|10449.22|0
H4CO03357|HURD, JEFFREY|O|2|REP|2769793.8|2182.56|2759490.92|0|0|10302.88|0|0|0|0|0|85002.82|2238644.26|CO|03||||||486400|10375|12/31/2024|14250|10000
H4CO03365|MCCRACKIN, CURTIS M|O|2|REP|73364.79|0|71303.26|0|0|9716.28|5050|20000|0|0|0|10000|48314.79|CO|03||||||0|0|07/15/2024|0|0
H4CO03407|HANKS, RON|O|2|REP|42285.49|0|41795.42|0|0|490.07|0|5000|0|5000|0|0|35085.49|CO|03||||||2200|0|12/31/2024|1700|0
H4CO03423|VARELA, STEPHEN A|O|2|REP|292479.31|0|292479.31|0|0|0|10352.16|0|0|0|0|0|260091.48|CO|03||||||22035.67|0|10/14/2024|56180.76|0
H4CO03464|WEBB, LEW|O|2|REP|219000|0|218630.93|0|0|369.07|0|162000|0|0|0|162000|52000|CO|03||||||5000|0|12/31/2024|0|0
H4CO03415|HERNANDEZ, FRANK|O|3|IND|10000|0|5000|0|0|0|0|10000|0|5000|0|0|0|CO|03||||||0|0|03/31/2024|0|0
H4CO03373|WILEY, JAMES BROOKS|O|3|LIB|282|0|0|0|0|282|0|0|0|0|0|0|282|CO|03||||||0|0|09/30/2023|0|0
H4CO03480|WHITLEY, DAVID VANN MR|O|3|LIB|9900|0|9900|0|0|0|0|0|0|0|0|0|9900|CO|03||||||0|0|10/21/2024|0|0
H4CO03324|WITHROW, ADAM JOSEPH|O|3|UNI|438.48|0|768.43|0|50|-279.95|0|0|0|0|0|0|438.48|CO|03||||||0|0|10/16/2024|0|0
H0CO04197|MCCORKLE, ISAAC IAN|O|1|DEM|1691453.78|0|1697871.29|0|15687.55|9382.64|0|0|0|0|0|0|1672780.97|CO|04||||||0|0|12/31/2024|13335|0
H4CO04165|PADORA, JOHN J JR.|O|1|DEM|350803.66|0|344991.9|0|0|3546.76|578.43|11251.98|0|11251.98|0|16116|338473.25|CO|04||||||500|0|12/31/2024|9900|0
H4CO04173|BRESLIN, KAREN R|O|1|DEM|41802.62|0|41782.5|0|144.28|164.4|2838.85|6500|0|0|0|6725|32463.77|CO|04||||||0|0|09/30/2024|0|0
H4CO04280|CALVARESE, TRISHA|O|1|DEM|4385109.75|0|4278181.57|0|0|51300.31|0|0|0|0|0|0|4310100.05|CO|04||||||74500|0|12/31/2024|58067.57|0
H0CO03165|BOEBERT, LAUREN|I|2|REP|4822754.48|329277.27|5434885.03|0|771275.6|159145.05|0|0|0|0|0|0|4179776.53|CO|04||||||255887.8|8000|12/31/2024|38012.3|0
H4CO04181|LEISY, TRENT LANE|O|2|REP|119967.79|0|19967.79|0|0|100000|10459.13|100000|0|0|0|0|9508.66|CO|04||||||0|0|09/30/2024|0|0
H4CO04199|FLORA, DEBORAH|O|2|REP|450657.31|0|450657.31|0|0|0|0|0|0|0|0|0|435556.97|CO|04||||||15100|0|08/06/2024|66536.17|5000
H4CO04207|HOLTORF, RICHARD|O|2|REP|153492.13|0|153492.13|0|0|0|300|38054|0|4334.28|0|0|115138.13|CO|04||||||0|0|09/30/2024|24900|0
H4CO04223|SONNENBERG, JERRY|O|2|REP|356932.23|0|356932.23|0|0|0|10750.93|0|0|0|0|0|302281.3|CO|04||||||43900|0|09/30/2024|40687.96|6700
H4CO04249|HARVEY, TED|O|2|REP|75967.93|0|75967.93|0|0|0|0|0|0|0|0|0|64445.32|CO|04||||||3500|0|09/30/2024|3200|0
H4CO04272|LYNCH, MIKE|O|2|REP|143843.27|0|136843.27|0|0|0|32531.55|0|0|0|0|0|111311.72|CO|04||||||0|0|12/30/2024|2200|0
H4CO04298|PHELEN, CHRISTOPHER DAVID|O|2|REP|97657.66|0|93788.94|0|0|3868.72|0|41571.66|0|0|0|41571.66|53586|CO|04||||||0|1000|09/30/2024|0|0
H4CO04314|TRUJILLO, FLOYD|O|2|REP|104635.68|0|104635.68|0|0|0|0|95000|0|11193.7|0|0|9635.68|CO|04||||||0|0|05/08/2024|0|0
H4CO04348|LOPEZ, GREG|I|2|REP|43352.67|0|46760.82|0|0|-3463.75|0|0|0|0|0|0|23352.67|CO|04||||||16000|4000|09/30/2024|0|0
H8CO02251|YU, PETER|O|2|REP|285847|0|558768.27|0|0|0|0|250000|0|499642.54|0|178.73|35847|CO|04||||||0|0|09/30/2024|46200|0
H2CO05141|GOENAGA-TORRES, SANTIAGO DAVID|O|1|DEM|10|0|0|0|0|10|0|0|0|0|0|0|10|CO|05||||||0|0|03/31/2023|0|0
H4CO05089|GILLARD, ADAM JOSEPH|O|1|DEM|13720.01|0|13720.01|0|0|0|6885.66|0|0|0|0|0|6834.35|CO|05||||||0|0|09/30/2024|0|0
H4CO05105|GASSEN, RIVER|O|1|DEM|172285.48|0|163412.92|0|100|9686.07|5197.05|0|0|0|0|0|167088.43|CO|05||||||0|0|12/31/2024|0|0
H4CO05139|REAGAN, JOSEPH F|O|1|DEM|60883.97|0|54082.3|0|0|6801.67|100|5100|0|0|0|5100|44465.32|CO|05||||||11218.65|0|09/30/2024|685|0
H4CO05170|EDGAR, JOHN ROBERT|O|1|DEM|49480.7|0|39310.54|0|0|10170.16|0|38292.94|512.9|0|0|38805.84|10674.86|CO|05||||||0|0|12/31/2024|0|0
H2CO05216|WILLIAMS, DAVID|O|2|REP|278869.65|8333|265599.63|0|0|13270.02|3300|100000|0|40238.94|0|158005.39|137036.65|CO|05||||||28700|0|12/31/2024|1608.33|200
H4CO05154|PUGLIESE, ROSE|O|2|REP|9020.65|0|9020.65|0|0|0|0|0|0|0|0|0|9020.65|CO|05||||||0|0|01/16/2024|8270|0
H4CO05162|GARDNER, ROBERT STEWART|O|2|REP|53378.17|0|47775.25|0|0|5602.92|3000|30500|0|0|0|30500|19878.17|CO|05||||||0|0|12/31/2024|0|0
H4CO05196|GRIFFIN, JOSHUA JOSEPH|O|2|REP|10355.6|0|0|0|0|0|0|10170.6|0|0|0|0|185|CO|05||||||0|0|06/30/2024|0|0
H6CO05142|CRANK, JEFF|O|2|REP|1128627.35|37252.95|1062074.21|0|0|66553.14|0|0|0|0|0|0|733287.34|CO|05||||||355550|0|12/31/2024|11350|0
H6CO05159|LAMBORN, DOUGLAS|I|2|REP|228768.51|0|306568.54|0|205031.67|127231.64|0|0|0|0|0|0|103768.5|CO|05||||||125000|0|12/31/2024|11244.5|1959.7
H4CO05071|MITCHELL, CHRISTOPHER DOUGLAS|O|3|CON|11000|0|11026.58|0|0|0|0|11000|0|0|0|11000|0|CO|05||||||0|0|12/31/2024|0|0
H8CO06229|CROW, JASON|I|1|DEM|2208412.11|89478.31|2041403.94|4400|1581285.7|1748293.87|0|0|0|0|0|0|1821690.15|CO|06||||||280830|0|12/31/2024|9959.74|0
H4CO06129|FABBRICATORE, JOHN|C|2|REP|282453.58|0|282453.58|0|0|0|0|0|0|0|0|0|253953.58|CO|06||||||27500|0|11/25/2024|900|0
H8CO07045|PETTERSEN, BRITTANY LOUISE|I|1|DEM|2487377.12|30786.03|1934844.96|0|8400.07|560932.23|0|0|0|0|0|0|1174245.18|CO|07||||||1257586.74|1500|12/31/2024|7956|17400
H4CO07077|HEMENWAY, JAMES VINCENT|C|2|REP|24390|0|24390|0|0|0|20|22000|0|0|0|22000|2370|CO|07||||||0|0|05/08/2024|1850|0
H4CO07085|MATVEYUK, SERGEI|C|2|REP|56986.88|0|45703.78|0|0|11283.1|1045.18|0|0|0|0|5200|52442.7|CO|07||||||0|3499|12/31/2024|0|0
H4CO01153|LAW, MORGAN|C|3|IND|46695.37|0|46695.37|0|0|0|0|0|10588.04|0|10588.04|0|36107.33|CO|07||||||0|0|06/30/2024|0|0
H4CO07051|BOHAN, PATRICK|C|3|LIB|5688|0|5022|0|0|666|5562|0|0|0|0|0|25|CO|07||||||0|0|11/15/2024|0|0
H4CO07044|TUPA, RONALD|C|3|OTH|36452.44|0|35268.26|0|0|1184.18|0|13000|0|13000|0|919.98|23452.44|CO|07||||||0|0|12/31/2024|0|0
H2CO08020|CARAVEO, YADIRA|I|1|DEM|8124793.49|888387.65|8137990.05|200|17541.82|4345.26|0|0|0|0|0|0|5862630.66|CO|08||||||1318689.52|14000|12/31/2024|34330.34|22300
H4CO08018|JAMES, SCOTT|C|2|REP|214755.06|0|214655.06|0|0|100|0|27000|0|0|0|54771.32|170753.45|CO|08||||||17000|0|12/31/2024|20747.59|0
H4CO08034|EVANS, TIMOTHY GABRIEL JOSEPH|C|2|REP|2734308.76|617750.08|2659316.37|35973.66|0|74992.39|273.14|20000|0|20000|0|76000|1476152.99|CO|08||||||611950|6000|12/31/2024|45202.17|1000
H4CO08042|ANDUJO, JOSEPH LUIS|C|2|REP|221334.07|0|223679.87|0|0|-2345.8|0|216000|0|139158.63|0|0|5334.07|CO|08||||||0|0|06/13/2024|0|0
H4CO08059|JOSHI, JANAK|C|2|REP|243465.42|0|243465.42|0|0|0|3300|175000|0|4600.1|0|0|50944|CO|08||||||5000|0|09/05/2024|0|0
H8CT01046|LARSON, JOHN B|I|1|DEM|1542287.58|0|1658028.59|0|364470.26|248729.25|0|0|0|0|0|11992.27|481191.76|CT|01||||||1044213.68|0|12/31/2024|8600|5000
H0CT01134|GRIFFIN, JAMES LEONARD|C|2|REP|7786|0|9170.2|0|1762.45|378.25|0|1000|0|0|0|12923|6731|CT|01||||||0|0|12/31/2024|0|0
H2CT02112|COURTNEY, JOSEPH|I|1|DEM|1318657.73|0|1139652.66|0|172106.43|351111.5|0|0|0|0|0|0|603139.51|CT|02||||||651024.37|2750|12/31/2024|-10700|2167.25
H2CT02161|FRANCE, MIKE|C|2|REP|741910.47|0|732453.19|0|9587.58|19044.86|70|0|10000|0|0|20000|691728.52|CT|02||||||33820|1833.28|12/31/2024|36463.38|0
H0CT03072|DELAURO, ROSA L|I|1|DEM|1751634.69|85000|1639641.5|0|113454.9|225448.09|0|0|0|0|0|0|799118.29|CT|03||||||867475.96|0|12/31/2024|20755|13000
H4CT03108|IRIZARRY, RAFAEL|C|2|REP|449.99|0|449.99|0|0|0|349.99|0|0|0|0|0|100|CT|03||||||0|0|03/31/2024|0|0
H4CT03116|MASSEY, MICHAEL|C|2|REP|3129.27|0|275.08|0|200|4.8|0|0|0|0|0|0|3129.27|CT|03||||||0|0|11/25/2024|0|0
H8CT04172|HIMES, JIM|I|1|DEM|2120398.15|0|1672878.49|0|1659298.8|2106818.46|0|0|0|0|0|0|916288.24|CT|04||||||1034000|0|12/31/2024|425|7000
H0CT04229|GOLDSTEIN, MICHAEL|C|2|REP|156510.98|0|156510.98|0|0|0|0|75000|0|75000|0|0|76510.98|CT|04||||||5000|0|12/03/2024|0|0
H4CT04155|MACGUFFIE, ROBERT W|C|2|REP|102144.77|0|101090.63|0|0|1054.14|5707.93|50000|0|23119.16|0|0|46436.84|CT|04||||||0|0|10/10/2024|250|0
H4CT04163|GOLDSTEIN, MICHAEL|C|2|REP|156510.98|0|156510.98|0|0|0|0|75000|0|75000|0|0|76510.98|CT|04||||||5000|0|12/03/2024|0|0
H4CT04189|MIRESSI, DAN|C|2|REP|1084.92|0|1084.92|0|0|0|0|0|0|0|0|0|1084.82|CT|04||||||0|0|08/05/2024|0|0
H4CT05145|FERGUSON, BERTRAM|C|1|DEM|615|0|2874.41|0|1952.36|-307.05|0|0|0|0|0|8374.98|615|CT|05||||||0|0|09/30/2024|0|0
H8CT05245|HAYES, JAHANA|I|1|DEM|4218172.13|198187.43|4055864.16|0|360243.05|522551.02|0|0|0|0|0|0|2968059.94|CT|05||||||944391.23|9192.97|12/31/2024|60923.82|10823.72
H2CT05222|LOGAN, GEORGE S|C|2|REP|3011059.71|385526.49|3010025.98|0|12096.75|13130.48|1.93|0|0|0|0|0|2113366.92|CT|05||||||487872.29|10726.38|12/31/2024|117580.54|7500
H2CT05230|BOTELHO, MICHELLE L|C|2|REP|17448.45|0|26030.09|0|0|-5481.45|4743.45|0|0|0|0|0|12705|CT|05||||||0|0|12/31/2024|9305|0
H4CT05137|DARWISH, AHMAD AJ|C|3|GRE|22924|0|21497.8|0|0|1426.2|0|0|0|0|0|0|13774|CT|05||||||4150|5000|12/31/2024|0|0
H0DC00058|NORTON, ELEANOR HOLMES|I|1|DEM|307917|0|312252.49|0|37420.63|33085.14|0|70000|0|20000|0|50000|80667|DC|00||||||157250|0|12/31/2024|1100|0
H2DC01029|WILLIAMS, KELLY|C|1|DEM|23325|0|21837.92|0|5111.68|4041.68|3800|6900|0|0|0|0|12625|DC|00||||||0|0|09/30/2024|0|0
H4DC01041|WILLIAMS, KELLY MIKEL MIKEL MR|C|1|DEM|23325|0|20767.92|0|0|0|3800|6900|0|0|0|0|12625|DC|00||||||0|0|09/30/2024|0|0
H4DC01033|A BROWN, MICHAEL|C|3|IND|34785|0|34673.67|0|0|111.33|3500|0|0|0|0|0|31285|DC|00||||||0|0|12/31/2024|0|0
H4DC00118|WATTS, HELCHIC KOTON|C|3|OTH|0|0|0|0|0|0|0|0|0|0|0|0|0|DC|00||||||0|0|12/31/2024|0|0
H4DE00045|MCBRIDE, SARAH ELIZABETH|O|1|DEM|4091643.35|85959.41|3884516.49|0|0|207126.86|7|0|0|0|0|0|3581615.37|DE|00||||||416050.49|0|12/31/2024|11463.46|0
H4DE00052|DAVIS, COLLEEN|O|1|DEM|162564.26|0|154237.04|0|0|8327.22|0|0|0|0|0|0|151239.5|DE|00||||||11000|0|12/31/2024|11400|0
H4DE01076|YOUNG, EUGENE ROBERT JR|O|1|DEM|436569.05|0|328569.76|0|0|107999.29|0|0|0|0|0|0|430819.05|DE|00||||||5750|0|12/31/2024|11900|0
H6DE00206|BLUNT ROCHESTER, LISA|I|1|DEM|1147244.55|307552.81|1729073|931675.98|582444.16|615.71|0|0|0|105000|0|145000|351567|DE|00||||||465300|0|12/31/2024|5190|7500
H4DE00060|HALL, DONYALE LONDON|O|2|REP|45937.47|0|45937.47|0|0|0|0|2000|0|2000|0|0|39717.47|DE|00||||||1750|2470|12/31/2024|1250|0
H4DE00078|WHALEN III, JOHN J|O|2|REP|20030.44|0|11848.73|0|0|7744.86|0|8319.55|0|0|0|0|9260.89|DE|||||||2450|0|12/31/2024|0|0
H4FL01197|VALIMONT, JENNIFER GAY|C|1|DEM|1585275.74|135|1577031.14|0|0|8244.6|0|20000|0|0|0|20000|1552229.75|FL|01||||||11700|250|11/25/2024|14114|0
H4FL01213|DIMMOCK, AARON|C|2|REP|393586.05|0|310704.58|0|0|82881.47|0|11000|0|0|0|11000|362086.05|FL|01||||||20500|0|09/30/2024|0|0
H4FL01247|GROSS, KEITH|C|2|REP|2623989.25|0|2618212.6|0|0|5776.65|135798.21|2426375.93|0|0|0|2384375.93|49314.17|FL|01||||||0|0|09/30/2024|3299|0
H4FL01262|EKPETE KAMA, ULOMA DR.|C|2|REP|54190.77|0|23086.42|0|0|0|0|0|0|0|0|0|23589.45|FL|01||||||0|0|06/25/2024|0|0
H4FL01270|PITTMAN, BERNADETTE|C|2|REP|104.1|0|104.1|0|0|0|0|0|0|0|0|0|104.1|FL|01||||||0|0|12/31/2024|0|0
H6FL01119|GAETZ, MATT|I|2|REP|6772979.08|23601.9|6824261.22|0|569434.95|518152.81|0|0|0|0|0|132258.58|6679334.38|FL|01||||||12239.56|0|12/31/2024|275458.49|1000
H6FL01143|MILLS, RALPH JOHN III|C|2|REP|25780|0|24032.97|0|310.91|2057.94|0|20650|0|0|0|91787.49|5130|FL|01||||||0|0|12/31/2024|0|0
H4FL02120|HOVEY, MEGHANN K|C|1|DEM|9700|0|10440|0|0|-740|0|0|0|0|0|0|4450|FL|02||||||0|5250|06/30/2024|0|0
H4FL02138|BAILEY, HUY-YEN CAM MS.|C|1|DEM|46560.07|0|309.56|0|0|15361.32|0|10500|100|0|0|10600|35960.07|FL|02||||||0|0|12/31/2024|0|0
H4FL02104|WOODWARD, RHONDA|C|2|REP|20354.19|0|20354.19|0|0|0|0|10967.5|0|200|163.86|0|9386.69|FL|02||||||0|0|09/30/2024|0|0
H6FL02208|DUNN, NEAL PATRICK MD, FACS|I|2|REP|1648134.72|198202.73|1803682.97|0|245006.23|89457.98|0|0|0|550231.2|0|661.91|585856.71|FL|02||||||836807|0|12/31/2024|21400|1000
H8FL03020|WELLS, TOM|C|1|DEM|18204.42|0|18380.82|0|304.88|128.48|0|12900|0|1300|0|41950|4785.54|FL|03||||||0|175|12/31/2024|0|0
H0FL03175|CAMMACK, KAT|I|2|REP|2647816.47|312640.86|2131667.9|5000|39402.33|555550.9|0|0|0|0|0|0|1357706.84|FL|03||||||970500.02|0|12/31/2024|9945.84|-2500
H4FL03136|STEVENS, ALEC|C|2|REP|16900|0|16192|0|0|-2144|0|14000|0|0|0|0|2900|FL|03||||||0|0|12/31/2024|2900|0
H4FL03144|STEVENS, ALEC|C|2|REP|16900|0|16192|0|0|-2144|0|14000|0|0|0|0|2900|FL|03||||||0|0|12/31/2024|2900|0
H6FL05193|HOLLOWAY, LASHONDA|C|1|DEM|32057.51|0|29752.15|0|10465.32|18090.67|0|10440|0|0|0|10440|21117.51|FL|04||||||500|0|11/25/2024|0|0
H2FL04211|BEAN, AARON P.|I|2|REP|1738170.86|100388.1|1356314.59|194126.63|92864.72|474720.99|0|0|0|0|0|1610.56|720159.2|FL|04||||||898500|0|12/31/2024|1000|0
H4FL05123|MCGOVERN, JAY|C|1|DEM|44584.4|0|18455.31|0|0|26132.15|0|14990|0|0|0|14990|17624.34|FL|05||||||300|5000|11/25/2024|0|0
H2FL04203|MACIE, MARA HEATHER|C|2|REP|71789.84|590|68034.96|250|2875.44|6630.32|0|0|0|0|0|0|65982.77|FL|05||||||5000|0|12/31/2024|190|0
H6FL04105|RUTHERFORD, JOHN|I|2|REP|897299.59|66132.45|965252.11|75000|245622.17|177669.65|0|0|0|0|0|0|241077.12|FL|05||||||588800|0|12/31/2024|3400|1000
H4FL06055|STOCKTON, JAMES D|C|1|DEM|33549.47|164.21|33487.38|0|0|62.09|412.25|0|0|0|0|0|25430.56|FL|06||||||1040.65|5800|12/31/2024|0|0
H4FL06063|GROW, JOHN|C|2|REP|57609.3|0|57609.3|0|0|0|10915|44495|0|13.57|0|0|2196.07|FL|06||||||0|0|10/29/2024|0|0
H4FL14158|JOARDER, EHSAN|C|2|REP|30743.02|0|3515.02|0|0|27228|0|10100|18618.02|0|0|28718.02|2025|FL|06||||||0|0|09/30/2024|0|0
H8FL06148|WALTZ, MICHAEL|I|2|REP|2820255.6|451423.2|2337500.54|-4000|1069170.14|1551925.2|0|0|0|0|0|0|1814698.43|FL|06||||||538966.39|0|12/31/2024|17650|4500
H2FL07230|PASTRANA, ALLEK|C|1|DEM|41502.78|0|40350.12|0|18.74|1171.4|5481.15|23500|0|0|0|33500|12521.63|FL|07||||||0|0|11/25/2024|0|0
H2FL07289|FERNANDEZ, HLSIA|C|1|DEM|16624.4|0|16177.41|0|2708.73|3387.77|0|15000|0|0|0|15000|1624.4|FL|07||||||0|0|12/31/2024|0|0
H4FL07137|ADAMS, JENNIFER|C|1|DEM|277066.1|0|277060.19|0|0|5.91|46995|70600|0|19100|0|51500|123814.49|FL|07||||||35500|0|12/31/2024|0|0
H4FL07145|FERNANDEZ, HILSIA TATIANA|C|1|DEM|16624.4|0|16177.41|0|2708.73|3387.77|0|15000|0|0|0|15000|1624.4|FL|07||||||0|0|12/31/2024|0|0
H2FL07156|MILLS, CORY|I|2|REP|1628886.82|191227.53|1614017.08|1746.64|26022.27|40892.01|47239.77|50000|0|0|0|2021517.76|1069151.55|FL|07||||||258750|0|12/31/2024|5972|1000
H4FL07152|JOHNSON, MICHAEL DON|C|2|REP|73050.68|1165.68|63428.72|0|0|17621.96|22600|46410|0|0|0|46410|2875|FL|07||||||0|0|12/31/2024|0|0
H4FL08119|MCDOW, DANIEL|C|1|DEM|72559.3|0|72559.3|0|0|0|0|12304.51|0|7737.7|0|0|57727.63|FL|08||||||2500|0|11/15/2024|0|0
H4FL08143|KENNEDY, SANDRA (SANDY) DENISE MS. ESQ|C|1|DEM|37566.32|0|36811.93|0|0|754.39|0|18188.05|0|0|0|18188.05|17234.1|FL|08||||||2144.17|0|12/31/2024|0|0
H4FL08101|HEARTON, JOHN L MR.|C|2|REP|379855.51|0|362252.58|0|0|17602.93|0|245000|0|0|0|251353.62|32410.41|FL|08||||||0|0|12/31/2024|250|0
H4FL08127|JONES, BRIAN|C|2|REP|77058.52|0|4703.69|0|0|72354.83|1000|75000|0|0|0|75000|1058.52|FL|08||||||0|0|07/18/2024|0|0
H4FL08135|BABITS, JOSEPH|C|2|REP|155803.15|0|155803.15|0|0|0|0|151100|0|0|0|0|4703|FL|08||||||0|0|09/11/2024|1|0
H8FL15107|POSEY, BILL|I|2|REP|499475.78|0|822282.09|0|423022.85|100216.54|0|0|0|0|0|0|296314.9|FL|08||||||188600|0|12/31/2024|25100|34800
H4FL08168|HARIDOPOLOS, MIKE|C|3|UNK|1759340.7|18440|1501177.87|0|0|258162.83|0|15000|0|15000|0|13530.99|1314574.34|FL|08||||||370000|0|12/31/2024|7244.12|0
H6FL09179|SOTO, DARREN|I|1|DEM|2159165.71|6000|2209327.97|0|64280.8|14118.54|0|0|0|0|0|0|739349.51|FL|09||||||1393146.36|6000|12/31/2024|90|12728
H0FL09115|CASTILLO, JOSE|C|2|REP|86535.57|0|87952.89|0|1508.54|91.22|3812.62|75000|0|13900|0|76500|7704.01|FL|09||||||0|0|12/31/2024|0|0
H0FL20112|JONES, LATERESA ANN|C|2|REP|530|0|577.21|0|17.79|-29.42|0|368|0|0|0|5606.36|162|FL|09||||||0|0|12/31/2024|0|0
H2FL09228|MOORE, SCOTTY|C|2|REP|58506.44|0|60464.27|0|1957.83|0|0|0|0|0|0|0|57506.44|FL|09||||||1000|0|06/30/2023|5100|0
H2FL09277|MORALES, ADIANIS|C|2|REP|19775|0|12891.1|0|5835.4|12719.3|0|0|0|0|0|0|19550|FL|09||||||225|0|12/31/2024|0|0
H4FL09166|QUINONES, JOHN|C|2|REP|127638.3|0|127638.3|0|0|0|0|24983.08|0|0|0|0|89555.22|FL|09||||||13100|0|12/31/2024|6800|0
H4FL09174|RIVERA, ANGEL|C|2|REP|2433.39|0|2433.39|0|93.73|0|0|0|0|0|0|0|2433.39|FL|09||||||0|0|01/22/2024|0|0
H4FL09182|CHALIFOUX, THOMAS E. COLONEL JR.|C|2|REP|2647413.28|0|2081584.55|0|0|565828.73|104.1|2522002.4|0|0|0|2559381.56|109556.78|FL|09||||||12250|3500|12/31/2024|0|0
H4FL09190|CARTER, GREGORY MARCUS MR|C|3|NON|14065.42|0|12786.1|0|0|1279.32|11948.42|0|0|0|0|0|2117|FL|09||||||0|0|09/30/2024|0|0
H2FL10259|FROST, MAXWELL ALEJANDRO|I|1|DEM|4065838.78|0|3308111.66|323911.5|333998.6|1091725.72|0|0|0|0|0|0|3680264|FL|10||||||378351.01|0|12/31/2024|125656.65|3050
H4FL10149|DARIUS, WADESON WADE|C|1|DEM|30107.5|0|29051.91|0|0|843|0|24065.48|2842.02|0|0|10415.02|3200|FL|10||||||0|0|09/30/2024|0|0
H8FL10066|DARIUS, WADESON|C|1|DEM|30107.5|0|29051.91|0|0|843|0|24065.48|2842.02|0|0|10415.02|3200|FL|10||||||0|0|09/30/2024|0|0
H0FL10113|MONTAGUE, WILLIE|C|2|REP|24494.82|0|24496.83|0|2.01|0|0|4000|0|0|0|4000|20494.82|FL|10||||||0|0|12/31/2024|0|0
H2FL07198|LE, TUAN A|C|2|REP|39961.75|0|35753.26|0|0|4208.49|0|9515|0|150|0|9365|30411.75|FL|10||||||0|0|07/31/2024|0|0
H4FL10123|WHITE, VIBERT DR|C|3|NPA|53926|0|45791.69|0|-40.04|8094.27|0|15000|0|0|0|15000|38926|FL|10||||||0|0|07/31/2024|0|0
H4FL11105|HALL, BARBARA HARDEN|C|1|DEM|76285.62|0|68203.28|0|0|8082.34|488.91|0|0|0|0|0|59028.53|FL|11||||||16768.18|0|12/31/2024|0|0
H0FL08208|WEBSTER, DANIEL|I|2|REP|1019865.25|116457.98|1147708.53|0|227871.82|100028.54|0|0|0|0|0|0|525341.24|FL|11||||||370800|3500|12/31/2024|14969.98|0
H2FL11117|SABATINI, ANTHONY|C|2|REP|378035.27|0|385204.1|0|536|0|34.95|32000|0|30170.66|0|0|344039.12|FL|11||||||1506.2|0|12/31/2024|22800|0
H4FL11097|MCCLOY, JOHN|C|2|REP|102742.74|0|102742.74|0|0|0|100|65800|0|0|0|0|34242.55|FL|11||||||0|0|12/31/2024|8550.2|0
H4FL11089|GROVES, RALPH|C|3|LIB|100|0|22.31|0|0|77.69|100|0|0|0|0|0|0|FL|11||||||0|0|12/31/2023|0|0
H4FL02112|ABOUJAOUDE, ROCK ADEL MR. JR|C|1|DEM|56949.32|0|56822.68|0|0|126.64|0|0|0|0|0|0|56949.32|FL|12||||||0|0|12/31/2024|0|0
H4FL12079|DUNLAP, HARRY WILLIAM|C|2|REP|12632.98|0|12665.54|0|0|0|9390.2|0|0|0|0|0|3242.78|FL|12||||||0|0|08/20/2024|0|0
H6FL09070|BILIRAKIS, GUS M|I|2|REP|1804425.78|81405.14|1826105.36|0|143096.62|121417.04|0|0|0|0|0|0|596927.76|FL|12||||||1081680|0|12/31/2024|5600|4000
H4FL13176|LICCIONE, JOHN|C|1|DEM|285967|0|285967|0|0|0|0|272414.35|0|63957.44|0|252363.41|5259.22|FL|13||||||0|0|12/31/2024|100|0
H4FL13192|WEINKRANTZ, MARK|C|1|DEM|330552|0|330552|0|0|0|0|258500|0|0|0|258500|67052|FL|13||||||5000|0|09/30/2024|0|0
H4FL13200|FOX, WHITNEY|C|1|DEM|2559343.8|3963.85|2539288.42|7425.64|0|20055.38|18420.77|0|0|0|0|0|2185319.64|FL|13||||||341019.18|0|12/31/2024|6877.65|1000
H4FL13218|OWEN, PETER|C|1|DEM|2993.24|0|4033.53|0|0|7.81|0|0|0|0|0|1207.05|4274|FL|13||||||0|0|06/30/2024|0|0
H4FL13226|BOUSBAR, SABRINA|C|1|DEM|222681.71|0|222406.18|0|0|275.53|6599|0|0|0|0|0|212072.41|FL|13||||||4010.3|0|08/30/2024|18874|0
H4FL13242|DAHAN, LIZ|C|1|DEM|402244.51|0|402244.51|0|0|0|8661.24|75000|0|1209.28|0|0|315511.52|FL|13||||||2550|0|10/30/2024|20050|0
H0FL13158|PAULINA LUNA, ANNA|I|2|REP|3697834.71|594990.02|3611255.4|1664.21|44836.24|131415.55|0|0|0|0|0|0|2764748.05|FL|13||||||324324|0|12/31/2024|17782.48|3300
H4FL13234|D'ARRIGO, TONY C|C|3|IND|49400|0|40400|0|-500|0|21500|0|0|0|0|0|27900|FL|13||||||0|0|09/30/2024|0|0
H6FL11126|CASTOR, KATHY|I|1|DEM|1166739.26|0|1290979.28|0|350969.89|226729.87|0|0|0|0|0|0|509773.16|FL|14||||||640313.16|0|12/31/2024|-2753.5|0
H4FL14117|ROCHFORD, ROBERT ANTHONY ROCKY CAPT|C|2|REP|72882.58|0|70703.02|0|0|2179.56|1441|32000|0|0|0|125984.03|39396.58|FL|14||||||0|0|12/31/2024|0|0
H4FL14141|PETERS, JOHN|C|2|REP|68155.74|0|68155.74|0|0|0|0|41628.98|0|11157.95|0|0|26526.76|FL|14||||||0|0|12/31/2024|109.09|0
H2FL14269|BRADLEY, CHRISTOPHER|C|3|NNE|10105|0|12091.64|0|6305.14|4318.5|10005|0|0|0|0|26000|100|FL|14||||||0|0|12/31/2024|0|0
H4FL14109|PERRY, NEELAM TANEJA DR|C|3|NPA|2040|0|2040|0|0|0|0|2000|0|0|0|2000|40|FL|14||||||0|0|12/31/2023|0|0
H4FL15171|FITZGERALD, KRIS|C|1|DEM|18066.31|0|17405.85|0|0|411.38|0|0|0|0|0|0|18042.31|FL|15||||||0|0|05/21/2024|0|0
H4FL15189|KEMP, PATRICIA|C|1|DEM|542647.03|0|542647.03|0|0|0|0|50000|0|50000|0|0|428772.03|FL|15||||||63500|0|11/28/2024|16544|0
H2FL14277|JUDGE, JAMES MR|C|2|REP|86135.46|0|88018.7|0|1883.24|0|4587.5|0|0|0|0|0|80916.86|FL|15||||||0|0|09/11/2024|0|0
H2FL15241|LEE, LAUREL|I|2|REP|2162709.67|768199.5|1815179.46|1556.66|87240.29|434770.5|0|0|0|165000|0|38066.48|571220.63|FL|15||||||811300|0|12/31/2024|22300|3500
H4FL15205|BARBOSA, JENNIFER MS.|C|2|REP|37656.68|0|37656.68|0|0|0|500|17100|0|0|0|0|19931.28|FL|15||||||0|0|12/31/2024|0|0
H2FL13139|SCHNEIDER, JAN|C|1|DEM|32722.75|0|23978.51|0|32174.5|40918.74|12940.18|0|0|0|0|143129.69|19782.57|FL|16||||||0|0|12/31/2024|0|0
H4FL16161|SCHNEIDER, JAN|C|1|DEM|32722.75|0|23978.51|0|32149.5|40893.74|12940.18|0|0|0|0|105516.8|19782.57|FL|16||||||0|0|12/31/2024|0|0
H4FL16187|MILLER, TRENT|C|1|DEM|76862|0|79099.55|0|0|-2237.55|0|50000|0|2500|0|47500|22112|FL|16||||||0|0|12/31/2024|0|0
H4FL16179|SPEIR, JASON EDWARD|C|2|REP|550041.33|0|549380.09|0|0|661.24|1000|500000|2493.46|74797.95|2493.46|0|44526.46|FL|16||||||0|0|12/31/2024|0|0
H6FL13148|BUCHANAN, VERNON|I|2|REP|1824538.71|62324.93|2158676.09|0|1383350.73|1049213.35|0|0|0|0|0|0|526408.42|FL|16||||||1234600|0|12/31/2024|2009|0
H4FL17052|LOPEZ, MANNY|C|1|DEM|69448.01|0|69448.01|0|0|0|0|20000|0|21947.41|0|0|44298.57|FL|17||||||3420.18|0|12/31/2024|0|0
H4FL17060|MONTAVON, MATTHEW|C|1|DEM|69457.1|0|69136.07|0|-321.03|0|21664.45|20000|0|20000|0|0|27792.65|FL|17||||||0|0|09/30/2024|0|0
H8FL17053|STEUBE, GREG|I|2|REP|1735999.36|285194.56|1112116.54|0|967412.98|1591295.8|0|0|0|0|0|0|681863.83|FL|17||||||749000|0|12/31/2024|2450|3500
H2FL17106|KALE, ANDREA DORIA|C|1|DEM|30629.22|0|30174.83|0|-378.64|75.75|40.9|8200|0|2500|0|17550|15200.14|FL|18||||||188.18|7000|12/31/2024|0|0
H4FL18134|BRAUNSTON, PETER ALAN MR|C|1|DEM|12820|0|12578.84|0|98.1|125|0|10900|0|0|0|0|1920|FL|18||||||0|0|07/31/2024|0|0
H0FL15104|FRANKLIN, SCOTT MR.|I|2|REP|815897.15|0|686777.37|0|352775.7|481895.48|0|0|0|150762.82|0|390000|376418.98|FL|18||||||439400|0|12/31/2024|1000|0
H4FL19116|LERNER, KARI|C|1|DEM|184066.35|0|178545.66|0|0|5520.69|0|3742.72|0|0|0|3742.72|179823.63|FL|19||||||500|0|12/31/2024|0|0
H2FL14186|DONALDS, BYRON|I|2|REP|6600931.63|1054667.94|5598912.45|0|737991.28|1740010.46|0|0|0|0|0|5258.14|4812440.63|FL|19||||||682634.15|0|12/31/2024|18757.3|100
H2FL20159|HOLNESS, DALE V.C. MR.|C|1|DEM|0|0|120|0|19202.31|19082.31|0|0|0|0|0|90000|0|FL|20||||||0|0|12/31/2024|0|0
H8FL20032|CHERFILUS-MCCORMICK, SHEILA|I|1|DEM|639178.7|0|634440.89|0|2778.46|7516.27|0|5000|0|135000|0|4187691.13|336126.11|FL|20||||||295550|0|12/31/2024|9918.52|0
H4FL21070|WITKOP, THOMAS|C|1|DEM|265397.71|0|265411.15|0|0|-13.44|0|27000|0|27000|0|0|235547.71|FL|21||||||2000|850|12/31/2024|0|0
H2FL21124|SKRBIC, LJUBO DR MD|C|2|REP|0|0|21957.11|0|-5851.89|-27809|0|0|0|0|0|22550.64|0|FL|21||||||0|0|09/30/2024|0|0
H4FL21096|WILES, RICK|C|2|REP|260904.62|0|260904.62|0|0|0|0|220000|0|6392.17|0|213607.83|40904.62|FL|21||||||0|0|09/30/2024|0|0
H6FL18097|MAST, BRIAN|I|2|REP|3998823.63|565122.07|4341119.59|0|2113673.62|1771377.66|0|0|0|0|0|0|3070108.2|FL|21||||||350250|0|12/31/2024|20094|1500
H2FL14053|FRANKEL, LOIS J.|I|1|DEM|1887170.43|0|2245556.41|0|645707.23|287321.25|0|0|0|0|0|0|1261439.45|FL|22||||||568363.64|0|12/31/2024|14555|0
H2FL21108|FRANZESE, DANIEL JOHN|C|2|REP|1776993.98|0|1775046.36|0|7980.87|9928.49|228.99|1379000|0|0|0|2541357.57|392695.79|FL|22||||||2500|1225|12/31/2024|3587.35|0
H2FL21132|ADEIMY, DEBORAH|C|2|REP|190509.87|0|187345.34|0|443.61|3608.14|15161.25|2000|0|0|0|23581.2|172348.62|FL|22||||||1000|0|12/31/2024|9485.62|0
H4FL22136|GUTMANN, ANDREW|C|2|REP|752101.69|0|747608.44|0|0|4493.25|3954.69|110000|0|0|0|117161.44|636397|FL|22||||||1000|750|12/31/2024|107500|0
H2FL22171|MOSKOWITZ, JARED|I|1|DEM|2358065.32|175884.39|2091402.28|0|82623.66|349286.7|0|0|0|134300|0|115700|1576746.02|FL|23||||||571715.27|1000|12/31/2024|21255|0
H0FL22100|CEREZO SWAFFAR, DARLENE|C|2|REP|113833.63|0|113651.61|0|0|182.02|0|21192.02|0|167.02|0|21025|92641.61|FL|23||||||0|0|12/31/2024|3743.01|0
H0FL23090|SPALDING, CARLA A|C|2|REP|759649.76|0|745570.47|5180|12919.79|26999.08|0|0|0|0|0|70966.85|724947.77|FL|23||||||0|0|12/31/2024|11051|0
H2FL20043|KAUFMAN, JOE|C|2|REP|166713.53|0|101955.24|0|-1969.28|62789.01|0|0|0|0|0|89862.53|166713.53|FL|23||||||0|0|12/31/2024|0|0
H4FL23084|THELUSCA, JOE|C|2|REP|94647.05|0|94647.05|0|0|0|200|71200|0|128.13|0|71621.87|21904.48|FL|23||||||0|0|09/29/2024|0|0
H4FL23100|CHESS, STEVEN|C|2|REP|20000|0|20000|0|0|0|0|20000|0|16097.8|0|3902.2|0|FL|23||||||0|0|05/30/2024|0|0
H4FL23118|BARVE, GARY|C|2|REP|29153.73|0|28977.09|0|0|2039.64|0|0|0|0|0|0|29148.73|FL|23||||||0|0|09/30/2024|0|0
H4FL23126|WEINROTH, ROBERT S.|C|2|REP|371529.13|0|369941.54|0|0|1587.59|6339.1|150000|0|0|0|6108.39|214121.28|FL|23||||||0|0|12/31/2024|24800|0
H6FL18121|SPALDING, CARLA ARLENE|C|2|REP|759649.76|0|745570.47|5180|12919.79|26999.08|0|0|0|0|0|70966.85|724947.77|FL|23||||||0|0|12/31/2024|11051|0
H0FL17068|WILSON, FREDERICA S.|I|1|DEM|488827.68|0|566479.18|0|563608.99|497199.62|0|0|0|0|0|15250|155799.83|FL|24||||||324360.08|0|12/31/2024|3400|0
H4FL24041|SPICER, LAVERN|C|2|REP|24066.43|0|24063.13|0|0|3.3|0|0|0|0|0|0|24060.43|FL|24||||||0|0|12/31/2024|0|0
H4FL24058|NAVARRO, JESUS|C|2|REP|33224.76|0|33811.39|0|0|-586.63|10000|10512|0|0|0|10512|12712.76|FL|24||||||0|0|11/25/2024|0|0
H0FL23082|PERELMAN, JENNIFER PILCHICK|C|1|DEM|467506.67|0|467506.67|0|0|0|0|0|0|0|0|0|464941.91|FL|25||||||2500|0|12/31/2024|682.11|0
H4FL20023|WASSERMAN SCHULTZ, DEBBIE|I|1|DEM|2896300.36|0|2621370.79|0|782379.35|1057308.92|0|0|0|0|0|0|2065806.1|FL|25||||||795500|0|12/31/2024|14567.5|0
H4FL25022|YOUNG, RUBIN MR.|C|2|REP|11525.46|0|11525.46|0|0|0|0|0|0|0|0|0|11294.49|FL|25||||||0|0|11/25/2024|0|0
H4FL25030|EDDY, CHRISTOPHER|C|2|REP|416343.66|0|414359.79|0|0|1983.87|26514.81|120000|0|0|0|0|259828.85|FL|25||||||10000|0|12/31/2024|95.7|0
H4FL25055|LEIB, BRYAN|C|2|REP|75241.38|0|75175.78|0|0|65.6|0|12200|0|0|0|12200|63040.92|FL|25||||||0|0|12/31/2024|1700|0
H4FL26103|ATKINS, JOEY DAVID|C|1|DEM|36675|0|36295.79|0|0|379.21|0|0|0|0|0|0|36675|FL|26||||||0|0|12/31/2024|0|0
H2FL25018|DIAZ-BALART, MARIO|I|2|REP|2363025.68|30659.61|1823215.18|0|1279509.7|1819320.2|0|0|0|0|0|0|1260616.07|FL|26||||||1071750|0|12/31/2024|0|4900
H4FL26095|FRATTO, JOHN ROBERT|C|2|REP|37786.81|0|37248.42|0|0|538.39|0|7705|0|0|0|7705|30081.81|FL|26||||||0|0|12/31/2024|9900|0
H4FL26111|EVANS, RICHARD MR.|C|2|REP|13700|0|13252.94|0|0|200|0|13500|0|0|0|0|200|FL|26||||||0|0|12/31/2024|0|0
H4FL27010|BAEZ-GELLER, LUCIA|C|1|DEM|654171.35|0|641799.11|0|0|12372.24|0|0|0|0|0|0|592775.51|FL|27||||||60800|56.33|12/31/2024|3190|0
H4FL27036|DAVEY, MICHAEL|C|1|DEM|577359.73|0|577561.26|0|0|-201.53|0|0|200000|0|0|205000|370109.58|FL|27||||||7250.15|0|12/31/2024|3600|0
H2FL27071|POLO, FRANK|C|2|REP|510.25|0|244.16|0|0|408.5|0|0|0|0|0|0|510.25|FL|27||||||0|0|09/30/2024|0|0
H8FL27185|SALAZAR, MARIA ELVIRA|I|2|REP|3230463.98|1312044.1|1849517|0|29880.16|1410827.14|0|0|0|0|0|14300|910896|FL|27||||||999203.48|5000|12/31/2024|382.8|5000
H4FL28042|EHR, PHIL|C|1|DEM|1199607.63|0|1186116.33|0|0|16850.92|17436.27|80000|0|0|0|319743.63|1102082.44|FL|28||||||0|0|12/31/2024|40386|0
H0FL26036|GIMENEZ, CARLOS|I|2|REP|1127145.82|425767.22|1270923.94|1070.52|719806.09|576027.97|0|0|0|0|0|0|345944.23|FL|28||||||344900|0|12/31/2024|1500|0
H4GA01153|HEWITT, PATTI|C|1|DEM|65790.26|0|65257.76|0|0|1082.26|0|7500|0|0|0|7500|58290.26|GA|01||||||0|0|12/31/2024|0|0
H4GA01039|CARTER, EARL LEROY|I|2|REP|2597666.23|235021.07|1396344.13|0|1817608.24|3018930.34|0|0|0|0|0|0|719028.02|GA|01||||||1583431.03|0|12/31/2024|13145|2500
H0GA01029|GRIGGS, JOYCE MARIE|C|3|IND|788|0|942.4|0|233.97|79.57|0|788|0|41|0|84555|0|GA|01||||||0|0|12/31/2024|0|0
H2GA02031|BISHOP, SANFORD|I|1|DEM|1913894.21|0|1785249.9|0|54216.67|182860.98|0|0|0|0|0|0|694444.19|GA|02||||||1210600|5000|12/31/2024|13317.7|7500
H2GA02163|JOHNSON, ARTHUR WAYNE|C|2|REP|599567.08|0|598266.2|0|560.24|1861.12|0|513150|0|0|0|1009650|53238.08|GA|02||||||28000|5000|12/31/2024|600|0
H4GA02094|TAYLOR, TRACY|C|2|REP|20806.27|0|16977.77|0|0|0|0|0|0|0|0|0|19172.81|GA|02||||||0|0|03/31/2024|0|0
H4GA02102|HAND, CHUCK|C|2|REP|57889.06|0|57889.06|0|0|0|5440.52|0|0|0|0|0|49839.33|GA|02||||||0|0|09/11/2024|349.77|0
H4GA02136|NIXON, MICHAEL|C|2|REP|45778.88|0|40086.53|0|251|5943.35|5300|0|0|0|0|0|37478.88|GA|02||||||0|0|05/01/2024|0|0
H0GA03074|ALMONORD, VALBRUN|O|1|DEM|44721.53|0|43133.85|0|2018.29|-4635.38|0|20000|0|0|0|0|24721.53|GA|03||||||0|0|12/31/2024|0|0
H4GA03100|KELLER, MAURA|O|1|DEM|148905.21|0|72901.51|0|0|2935.57|0|27121.88|100|0|5945.66|25520|121683.33|GA|03||||||0|0|12/31/2024|5000|0
H0GA13032|CRANE, MICHAEL ROBERT|O|2|REP|590543.15|0|590555.45|0|12.3|0|0|40000|0|3635.27|0|115755.6|534119.02|GA|03||||||9000|5000|12/31/2024|208266.22|1000
H2GA07121|CORBIN, MICHAEL ALLEN|O|2|REP|66605.52|17755.19|65268.62|900|2754.76|4091.66|0|2500|100|0|2000|700|39998.33|GA|03||||||0|0|12/31/2024|0|0
H4GA03050|BENNETT, JIM MR|O|2|REP|39848.19|0|39848.19|1099.76|0|0|1700|0|0|0|0|0|38148.19|GA|03||||||0|0|09/30/2024|0|0
H4GA03068|DUGAN, MICHAEL|O|2|REP|769169.46|0|769169.46|0|0|0|0|0|0|0|0|0|705277.54|GA|03||||||63891.92|0|09/05/2024|11406.06|1000
H4GA03076|SINGLETON, PHILLIP|O|2|REP|178393.8|0|176758.28|0|0|1635.52|1595.7|0|0|0|0|0|138562.14|GA|03||||||29186.09|0|12/31/2024|23600|3700
H4GA03092|JENKINS, DAVID|O|2|REP|1351|0|1351|0|0|0|0|0|0|0|0|0|351|GA|03||||||1000|0|03/31/2024|355.48|0
H4GA03118|BLAIR, RAYMOND J JR|O|2|REP|43373.9|0|43373.9|0|0|0|10872.43|15000|0|0|0|0|17501.47|GA|03||||||0|0|04/30/2024|0|0
H4GA03126|JACK, BRIAN|O|2|REP|2296183.1|415397.47|2056006.77|0|0|240176.33|259.84|7515.71|0|0|0|7515.71|1228335.96|GA|03||||||629289.67|0|12/31/2024|3194.08|5000
H6GA03113|FERGUSON, ANDERSON DREW IV|I|2|REP|885616.08|55170.93|1245173.14|22500|418309.36|58752.3|0|0|0|0|0|0|112095.15|GA|03||||||716350|0|12/31/2024|31348.89|36200
H6GA04129|JOHNSON, HENRY C. 'HANK'|I|1|DEM|669938.25|0|622047.45|0|63785.2|111676|0|0|0|0|0|5211.2|133881.96|GA|04||||||531193.45|31.3|12/31/2024|1043.12|2500
H4GA12051|YU, EUGENE CHIN MR.|C|2|REP|66585.15|0|44230.17|0|21026.05|43381.03|4500|0|0|0|0|61000|62085.15|GA|04||||||0|0|12/31/2024|0|0
H0GA05301|WILLIAMS, NIKEMA N.|I|1|DEM|1003637.94|40300|994463.42|0|4067.13|13241.65|0|0|0|0|0|0|361641.41|GA|05||||||592323.06|0|12/31/2024|2922.65|0
H4GA06145|RICHARDSON, JERICA|C|1|DEM|115730.65|0|117933.44|0|0|-2202.79|0|5220|0|0|0|8220|110510.65|GA|06||||||0|0|06/30/2024|0|0
H4GA06152|THOMAS, MAANDISHA A|C|1|DEM|20150|0|15959.75|0|0|4520.85|0|13475|0|0|0|13475|6675|GA|06||||||0|0|12/31/2024|0|0
H8GA06393|MCBATH, LUCIA KAY MS.|I|1|DEM|2454303.29|15670.69|2235332.3|0|734303.46|953274.45|0|0|0|0|0|0|1763263.15|GA|06||||||664754.93|31.3|12/31/2024|20047.5|0
H4GA07283|CRISWELL, JEFFERSON EDWARD|C|2|REP|28099.47|0|28099.47|0|0|0|0|12783|0|7270|0|14658.29|11816.47|GA|06||||||3500|0|12/31/2024|0|0
H2GA06149|DESVIGNES, ELFREDA|C|3|W|5623.77|0|4519.79|0|0|1103.98|0|0|0|0|0|0|2462.42|GA|06||||||0|0|09/30/2024|0|0
H2GA06222|CHRISTIAN, ROBERT FRANKLIN MR. III|C|1|DEM|37360.19|0|0|0|-10983.29|26376.9|0|0|0|0|0|245220|37360.19|GA|07||||||0|0|12/31/2024|0|0
H4GA06137|ABRAHAM, SHELLY JOHN|C|1|DEM|20534.6|0|19514.49|0|0|9381.52|2100|15041.6|0|2389.5|0|13607.9|3393|GA|07||||||0|0|12/31/2023|0|0
H0GA07273|MCCORMICK, RICHARD DEAN DR.|I|2|REP|2277571.82|795519.59|1684550.99|70446.85|104802.08|697822.91|0|0|0|58200|0|0|1020787.94|GA|07||||||446100|0|12/31/2024|27786.44|8300
H4GA07275|CRISWELL, JEFF|C|2|REP|7040|0|7040|0|0|0|0|7000|0|1400|0|0|40|GA|07||||||0|0|08/19/2023|0|0
H2GA08095|BUTLER, DARRIUS MAURICE|C|1|DEM|16292.11|0|16292.11|0|0|0|0|0|0|0|0|0|16292.11|GA|08||||||0|0|12/31/2024|0|0
H4GA08117|LASTER, JUSTIN|C|1|DEM|405|0|405|0|0|0|405|0|0|0|0|0|405|GA|08||||||0|0|09/30/2024|0|0
H4GA08125|WATKINS, VINSON|C|1|DEM|5433|0|5252.81|0|0|201.19|0|0|5320|0|0|5320|112|GA|08||||||1|0|12/31/2024|0|0
H0GA08099|SCOTT, JAMES AUSTIN|I|2|REP|1239044.5|7774.56|989842.4|0|730963.45|980165.55|0|0|0|0|0|0|526832.06|GA|08||||||657150|0|12/31/2024|11700|1500
H4GA14040|CASH, TAMBREI|C|1|DEM|61660.34|0|60994.1|0|0|16.68|0|0|0|0|0|0|61472.16|GA|09||||||188.18|0|12/31/2024|1300|0
H0GA09246|CLYDE, ANDREW|I|2|REP|563056.1|0|491877.34|0|24805.35|95984.11|0|46500|0|0|0|1308863.64|389686.1|GA|09||||||126750|0|12/31/2024|1000|0
H2GA10273|FORE, JESSICA ALLISON|C|1|DEM|10742|0|12637.49|0|2987.7|-1722.16|220|0|0|0|0|0|10463|GA|10||||||0|0|06/30/2024|0|0
H4GA10113|DOHERTY, ALEXANDRA JANE|C|1|DEM|240455.79|0|224001.4|0|0|26824.85|5275|0|10000|0|0|0|225180.79|GA|10||||||0|0|12/31/2024|0|0
H4GA10071|COLLINS, MICHAEL A JR|I|2|REP|1713411.61|102821.21|1313288.15|0|197071.63|597195.09|0|0|0|0|0|286941.43|1233349.27|GA|10||||||371350|0|12/31/2024|275|2500
H2GA11230|DAZA-FERNANDEZ, ANTONIO MIGUEL|C|1|DEM|42930.37|0|42930.37|0|0|0|0|0|0|0|0|0|41025.4|GA|11||||||500|0|12/31/2024|0|0
H4GA11137|STAMPER, KATY L MISS|C|1|DEM|24987.9|0|29034.45|0|0|1514.25|5473.8|16231.67|0|0|0|16231.67|2667.99|GA|11||||||188.18|0|12/31/2024|100|0
H4GA11061|LOUDERMILK, BARRY|I|2|REP|861133.31|70787.4|958238.61|0|270089.15|172983.85|0|0|0|0|0|0|225983.42|GA|11||||||532800|1000|12/31/2024|4330|0
H4GA11129|PONS, MICHAEL LOUIS MR|C|2|REP|9452.48|0|22515.25|0|1475.51|0|0|7809.98|0|0|0|0|1642.5|GA|11||||||0|0|12/31/2024|0|0
H0GA12059|JOHNSON, ELIZABETH|C|1|DEM|31475.66|0|12957.31|0|812.98|23874.33|0|0|0|0|0|9883.1|31475.07|GA|12||||||0|0|12/31/2024|0|0
H4GA12069|JACKSON, DANIEL LAFAVIEN|C|1|DEM|0|0|0|0|0|0|0|0|0|0|0|0|0|GA|12||||||0|0|03/31/2023|0|0
H4GA12077|JONES, RASHAAD|C|1|DEM|11730|0|11730|0|0|0|0|8250|0|3576.67|0|0|3480|GA|12||||||0|0|06/30/2023|0|0
H2GA12121|ALLEN, RICHARD W|I|2|REP|1224020.6|0|908308.25|0|859244.31|1174956.66|0|0|0|0|0|1639945.28|626892.66|GA|12||||||594650|0|12/31/2024|4003.29|0
H2GA13012|SCOTT, DAVID ALBERT|I|1|DEM|1213689.84|0|1675775.09|0|636609.93|174524.68|0|50000|0|0|0|52350|77358.17|GA|13||||||1086300.01|0|12/31/2024|2000|7700
H2GA13087|BAKER, MARK|C|1|DEM|0|0|350|0|3772.76|3422.76|0|0|0|0|0|107000|0|GA|13||||||0|0|03/31/2024|0|0
H4GA02110|KAMA, ULOMA S. DR.|C|1|DEM|54190.77|0|23086.42|0|0|0|0|0|0|0|0|0|23589.45|GA|13||||||0|0|06/25/2024|0|0
H4GA13091|RENE, KAREN|C|1|DEM|67020|0|50655.39|0|0|16364.61|0|0|0|0|0|0|67020|GA|13||||||0|0|03/31/2024|0|0
H0GA04148|CRUZ, JOHSIRA|C|2|REP|5550|0|5772.63|0|0|-222.63|0|3700|0|0|0|12689.61|1850|GA|13||||||0|0|06/30/2024|0|0
H4GA14032|BRYANT, BART ALEXANDER MR|C|1|DEM|5789.77|0|1468.35|0|0|1094.72|120|0|0|0|0|0|5729.77|GA|14||||||0|0|02/14/2024|0|0
H4GA14057|HARRIS, SHAWN|C|1|DEM|3529948.79|0|3534244.34|0|0|0|0|0|0|0|0|0|3496842.07|GA|14||||||33086.72|20|12/31/2024|8849.78|0
H4GA14065|LEIGH, JOSEPH|C|1|DEM|19419.16|0|19419.16|0|0|0|3309|9060|0|650.49|0|0|7050|GA|14||||||0|0|12/20/2024|9|0
H4GA14081|HOUSTON, DERIC|C|1|DEM|7032.75|0|7385.5|0|0|-1493.23|0|0|0|0|0|0|7032.75|GA|14||||||0|0|06/30/2024|0|0
H4GA14099|BLALOCK, CLARENCE|C|1|DEM|42319.74|0|33862.93|0|200|8656.81|0|29880|0|0|0|29880|12439.74|GA|14||||||0|0|12/31/2024|0|0
H0GA06192|GREENE, MARJORIE TAYLOR|I|2|REP|8960241.51|84469.41|10062930.19|8000|1958194.38|855505.7|0|0|0|600000|350000|0|8830041.34|GA|14||||||35250|0|12/31/2024|67694.7|0
H4GU01011|SHELTON, AMANDA LEE|C|1|DEM|166380.6|0|159751.18|0|0|6629.42|0|0|0|0|0|0|166380.6|GU|00||||||0|0|12/31/2024|0|0
H4GU01029|CRUZ, GINGER|C|1|DEM|681967.18|0|682492.48|0|0|-18008.77|262500|200000|0|0|0|200000|211536.96|GU|00||||||5000|2500|12/31/2024|0|0
H8GU01020|SAN NICOLAS, MICHAEL F.Q. MR.|C|1|DEM|24442|0|39765.5|0|15610.85|287.35|0|0|0|0|0|30086.78|24442|GU|00||||||0|0|12/31/2024|0|0
H2GU01031|MOYLAN, JAMES C.|I|2|REP|288357|0|285559.21|0|1226.58|4024.37|0|0|0|0|0|0|284857|GU|00||||||3500|0|12/31/2024|0|0
H2HI02128|CASE, EDWARD|I|1|DEM|700463.15|0|891335.38|0|507530.31|316658.08|0|0|0|0|0|0|152921.51|HI|01||||||546518.02|0|12/31/2024|0|0
H2HI02581|TOKUDA, JILL NAOMI|I|1|DEM|989460.69|0|706756.02|24000|200736.04|483440.71|331.27|0|0|0|0|0|663275.85|HI|02||||||316718.53|0|12/31/2024|1218.51|17800
H2IA02111|BOHANNAN, CHRISTINA|C|1|DEM|6900996.18|188741.14|6823503.73|9000|29724.93|107217.38|12187.51|0|0|0|0|23632.73|5963508.86|IA|01||||||572002.75|27397|12/31/2024|17021.68|2090.91
H4IA01127|PAUTSCH, DAVID ALFRED|C|2|REP|43080.73|0|38382.24|0|1000|5698.49|4469.33|0|0|0|0|0|33611.4|IA|01||||||5000|0|12/31/2024|0|0
H8IA02043|MILLER-MEEKS, MARIANNETTE JANE|I|2|REP|5800753.74|850204.01|5755348.76|135856.63|328338.42|373743.4|0|42000|0|42000|0|0|2234639.1|IA|01||||||2340483.24|8000|12/31/2024|71259.38|23600
H4IA02067|ALBERTSON-CORKERY, SARAH ELAINE|C|1|DEM|510625.86|0|501481.18|0|0|9144.68|3400|0|0|0|0|0|477091.38|IA|02||||||15500|12948|12/31/2024|949|0
H0IA01174|ARENHOLZ, ASHLEY HINSON|I|2|REP|5600532.3|801620.24|3740906.41|0|68449.51|1928075.4|0|0|0|0|0|0|3253294.79|IA|02||||||1522306.52|5500|12/31/2024|12400|5000
H4IA02091|PUFFETT, JODY MARIE|C|3|UN|30406.39|0|29499.4|0|0|906.99|24992.11|0|0|0|0|0|5414.28|IA|02||||||0|0|12/31/2024|0|0
H4IA03164|VINE, MELISSA|C|1|DEM|165417.16|0|165417.16|0|0|0|310|0|0|0|0|0|163857.16|IA|03||||||1000|250|06/20/2024|3345|0
H4IA03172|BACCAM, LANON|C|1|DEM|5610180.06|737325.23|5585059.27|0|0|25120.79|0|0|0|0|0|0|4359107.59|IA|03||||||487769.44|25830|12/31/2024|42507.11|2000
H2IA03119|NUNN, ZACH|I|2|REP|5809115.93|892526.63|5857350.2|16645.19|101067.66|52833.39|0|0|0|0|0|0|2778090.39|IA|03||||||2095030|11500|12/31/2024|41268.35|11000
H4IA03180|WIEDERIEN, JOSEPH MICHAEL|C|3|IND|0|0|0|0|0|0|0|0|0|0|0|0|0|IA|03||||||0|0|09/30/2024|0|0
H2IA04141|MELTON, RYAN MICHAEL APPLETON|C|1|DEM|153144.37|0|155195.04|0|4096.89|2897.22|0|0|0|0|0|0|136824.14|IA|04||||||1920|14178.32|12/31/2024|0|0
H0IA04145|FEENSTRA, RANDALL|I|2|REP|4301278.48|132638.26|4154572.67|143335|1023688.68|1170394.49|0|0|0|0|0|0|2091313.01|IA|04||||||1973315.07|5000|12/31/2024|20517.96|14000
H4IA04139|VIRGIL, KEVIN|C|2|REP|108167.06|0|108167.06|0|0|0|1825|0|0|0|0|13963.21|104341|IA|04||||||2000|0|12/31/2024|0|0
H2ID01192|PETERSON, KAYLEE JADE|C|1|DEM|190323.14|0|187640.55|0|2708.74|5391.32|3400|0|0|0|0|0|174053.96|ID|01||||||9269.18|3600|12/31/2024|0|3100
H8ID01124|FULCHER, RUSSELL|I|2|REP|637624.63|0|626902.72|0|169286.81|180008.72|0|0|0|0|0|0|275899.51|ID|01||||||350950|0|12/31/2024|3.15|200
H4ID01149|GOMEZ, BRENDAN JOSEPH|C|3|CON|0|0|0|0|0|0|0|0|0|0|0|0|0|ID|01||||||0|0|12/31/2024|0|0
H4ID02089|ROTH, DAVID|C|1|DEM|104431.35|0|100581.05|0|0|665.77|197.64|0|0|0|0|7822.08|102146.67|ID|02||||||275|1500|12/31/2024|3390|0
H4ID02097|HIGGINS, SEAN|C|2|REP|5364.35|0|1021.34|0|0|4343.01|0|5000|0|0|0|5648.31|364.35|ID|02||||||0|0|05/01/2024|0|0
H4ID02105|CLEVELAND, SCOTT|C|2|REP|105631.7|0|106348.63|0|0|-716.93|51069.07|0|0|0|0|0|53262.76|ID|02||||||1040|0|12/31/2024|0|0
H8ID02064|SIMPSON, MICHAEL|I|2|REP|1555834.51|35085.72|1589029.24|323337.11|138400.45|105205.72|0|0|0|0|0|0|625948.79|ID|02||||||894800|0|12/31/2024|12000|0
H2IL01349|JACKSON, JONATHAN|I|1|DEM|654094.58|0|601509.69|62500|1103.2|53688.09|0|0|0|55000|0|27000|303724.26|IL|01||||||347300|0|12/31/2024|13418.52|23700
H2IL02172|KELLY, ROBIN|I|1|DEM|1923741.97|0|1355795.73|0|1447164.73|2015110.97|716.45|0|0|0|0|0|666154.78|IL|02||||||1235556.11|0|12/31/2024|14738.1|8165
H2IL03162|RAMIREZ, DELIA|I|1|DEM|1131488.61|39000|782619.54|0|118702.33|467571.4|0|0|0|0|0|0|682287.73|IL|03||||||401517.97|1000|12/31/2024|8166.95|0
H4IL03101|BOORAS, JOHN MR.|C|2|REP|38596.8|0|39492.29|0|0|150|0|29506.39|0|0|0|29506.39|9090.41|IL|03||||||0|0|11/25/2024|0|0
H8IL04134|GARCIA, JESUS|I|1|DEM|863042.92|0|852232.18|0|25024.79|35835.53|0|0|0|0|0|0|375792.56|IL|04||||||423211|0|12/31/2024|4608.48|500
H8IL04167|LOPEZ, RAYMOND|C|1|DEM|82544|0|82544|0|0|.01|0|0|0|0|0|0|81544|IL|04||||||0|1000|10/15/2024|0|0
H0IL05096|QUIGLEY, MIKE|I|1|DEM|1093681.39|0|1097958.34|0|1185460.34|1181183.39|0|0|0|0|0|0|363190.52|IL|05||||||717487.5|0|12/31/2024|250|0
H2IL05225|CRUZ, JERICO MATIAS|C|1|DEM|36006.12|0|18903.07|0|-14447.13|25.36|300|18610.18|16990.94|1573.59|17330.76|17486.59|105|IL|05||||||0|0|01/04/2025|0|0
H4IL05163|WOZNICZKA, DANIEL|C|1|DEM|304378.68|0|304378.68|0|0|0|0|0|290000|0|274457.16|15542.84|14378.68|IL|05||||||0|0|12/31/2023|0|0
H8IL05073|HANSON, TOM|C|2|REP|4990.1|0|4954.89|0|2045.88|2009.85|2390.1|0|0|4000|0|14000|2600|IL|05||||||0|0|10/20/2024|0|0
H0IL03133|HUGHES, CHARLES M|C|1|DEM|7946.72|0|2954.33|0|486.41|0|4746|0|0|21105.51|0|0|0|IL|06||||||0|0|05/07/2024|0|0
H4IL06120|AHMAD, MAHNOOR|C|1|DEM|97025.26|0|97025.26|0|0|0|0|0|0|0|0|0|97025.26|IL|06||||||0|0|08/12/2024|0|0
H8IL03102|NEWMAN, MARIE|C|1|DEM|0|0|0|0|0|0|0|0|0|0|0|0|0|IL|06||||||0|0|06/26/2023|0|0
H8IL06139|CASTEN, SEAN|I|1|DEM|3128625.05|7704.54|2488898.72|0|54416.17|694142.5|0|0|0|0|0|75694.37|1976036.77|IL|06||||||1002268.53|2000|12/31/2024|22695|5000
H2IL06090|CONFORTI, NIKI|C|2|REP|155698.74|0|150507.06|0|10.14|5201.82|0|8000|0|8000|0|9300|137673.74|IL|06||||||7900|0|12/31/2024|0|0
H0IL07167|COLLINS, KINA|C|1|DEM|860648.28|0|860672.8|0|0|-24.52|0|0|0|0|0|0|858898.28|IL|07||||||1750|0|06/30/2024|0|0
H4IL07037|DAVIS, DANNY K. MR.|I|1|DEM|863135.13|0|978044.57|0|220637.76|105728.32|0|45000|0|37500|0|66454.71|365516.01|IL|07||||||448612.85|0|12/31/2024|4001|3400
H4IL07177|CONYEARS-ERVIN, MELISSA|C|1|DEM|738802.64|0|730069.84|0|0|8732.8|0|0|0|0|0|0|723980.66|IL|07||||||12750|0|12/31/2024|34300|0
H4IL07193|BHATIA, NIKHIL|C|1|DEM|160634.85|0|161102.35|0|0|-4099.46|53697.85|0|0|0|0|0|106437|IL|07||||||500|0|12/31/2024|0|0
H4IL07201|MARSHALL, KOURI MR.|C|1|DEM|131321.9|0|131321.9|0|0|0|4800|15000|0|0|0|0|111521.9|IL|07||||||0|0|09/30/2024|0|0
H6IL08147|KRISHNAMOORTHI, S. RAJA|I|1|DEM|10897838.27|0|4973013.29|1000|11186669.45|17111494.43|0|0|0|0|0|0|8497640.82|IL|08||||||1159253|0|12/31/2024|71239|2500
H4IL08159|RICE, MARK|C|2|REP|281464.08|0|179850.32|0|0|101613.76|0|152350|0|0|0|152350|128614.08|IL|08||||||500|0|12/31/2024|0|0
H4IL09082|DONAHUE, MICHAEL|C|1|DEM|0|0|0|0|0|0|0|0|0|0|0|0|0|IL|09||||||0|0|12/31/2023|0|0
H8IL09067|SCHAKOWSKY, JANICE D|I|1|DEM|1557667.59|0|1610398.83|0|900705.42|847974.18|0|0|0|0|0|0|1049033.26|IL|09||||||503401.41|0|12/31/2024|6963.52|0
H4IL09090|COHEN, SETH ALAN|C|2|REP|12108.78|0|7900.4|0|505.09|4713.47|0|100|0|0|0|100|12008.78|IL|09||||||0|0|12/31/2024|0|0
H2IL10068|SCHNEIDER, BRADLEY S.|I|1|DEM|3855356.96|11400|2993596.24|0|109665.37|971426.09|0|0|0|0|0|0|2242846.93|IL|10||||||1597101.07|0|12/31/2024|12362|2000
H4IL10098|CARRIS, JIM|C|2|REP|680779.3|0|680779.3|0|0|0|6600|0|0|0|0|0|659770.29|IL|10||||||11700|0|12/31/2024|3450|0
H4IL11260|RASHID, QASIM|C|1|DEM|1000614.33|0|1001488.54|0|0|-874.21|3022|0|0|0|0|124248.23|992519.95|IL|11||||||5000|0|12/31/2024|38808|0
H8IL14067|FOSTER, G. WILLIAM (BILL)|I|1|DEM|3282466.22|5400|2537016.89|0|805115.33|1550564.66|0|0|0|0|8075|1017994.89|2047764.33|IL|11||||||1156151|0|12/31/2024|41820|500
H0IL11128|BANSAL, KRISHNA K|C|2|REP|0|0|0|0|22609.59|22609.59|0|0|0|0|0|35754.73|0|IL|11||||||0|0|12/31/2024|0|0
H0IL14213|EVANS, JERRY|C|2|REP|636765.02|0|636193|0|0|572.02|0|22600|0|22600|0|0|562494.4|IL|11||||||51350|0|12/31/2024|15420.51|150
H2IL11264|HATHAWAY-ALTMAN, SUSAN|C|2|REP|65113.52|0|60218.35|0|0|4895.17|0|56694.33|0|26384.82|0|30309.51|8419.19|IL|11||||||0|0|12/31/2024|0|0
H2IL11272|MERCADO, O KENT DR|C|2|REP|75181.57|0|75181.57|0|0|0|0|51318.97|0|250|0|51068.97|22031|IL|11||||||0|0|05/02/2024|10|0
H4IL12060|BOST, MICHAEL|I|2|REP|3157655.8|91921.38|3195230.92|0|389871.13|352296.01|0|0|0|0|0|0|1438593.17|IL|12||||||1581352.62|250|12/31/2024|31300|6877.16
H4IL12078|BAILEY, DARREN|C|2|REP|640198.16|0|640196.98|0|0|1.18|905|215000|0|200|0|214800|418905.58|IL|12||||||5355|0|12/31/2024|52594.49|0
H2IL13153|BUDZINSKI, NIKKI|I|1|DEM|4337253.92|119769.53|2594263.83|0|41742.26|1784732.35|0|0|0|0|0|0|2577542.24|IL|13||||||1611074.8|13215.12|12/31/2024|28662.11|14944.79
H4IL13241|LOYD, JOSHUA|C|2|REP|90607.54|0|88886.09|0|0|369.38|17672.46|0|0|0|0|0|71948|IL|13||||||750|55|12/31/2024|0|0
H4IL13258|CLATTERBUCK, THOMAS|C|2|REP|45595.81|0|42938.72|0|0|0|44500.57|0|0|0|0|0|1095.24|IL|13||||||0|0|04/04/2024|0|0
H8IL14174|UNDERWOOD, LAUREN|I|1|DEM|4158558.79|230488.24|3890542.92|0|787086.15|1055102.02|419.39|0|0|0|0|0|3321444.51|IL|14||||||509056.16|0|12/31/2024|40067.39|3500
H2IL16081|LOMBARDI, JACK MR II|C|2|REP|511.42|0|0|0|0|511.42|222.42|0|0|0|0|0|289|IL|14||||||0|0|06/30/2023|0|0
H4IL11245|KIM, CHARLES|C|2|REP|85421.44|0|85633.7|0|0|0|0|81754.67|0|19665.45|0|63997.17|3666.77|IL|14||||||0|0|12/31/2024|0|0
H4IL14140|LEIV, MATTHEW|C|2|REP|63209.62|0|62433.09|0|0|776.53|35073.62|0|0|0|0|0|28136|IL|14||||||0|0|09/30/2023|250|0
H8IL16153|MARTER, JAMES THOMAS|C|2|REP|326753.53|0|322950.05|150|240.36|4043.84|770.8|1512.47|0|9712.47|0|31358.77|302665.26|IL|14||||||21425|0|12/31/2024|0|0
H0IL15129|MILLER, MARY|I|2|REP|1595994.35|44167.95|1259724.31|0|309986.3|646256.34|0|0|0|0|0|0|1365291.97|IL|15||||||153231.11|0|12/31/2024|4265|0
H6IL18088|LAHOOD, DARIN MCKAY|I|2|REP|3753031.58|511490.3|2196437.36|0|3964688.85|5521283.07|0|0|0|0|0|0|984780.67|IL|16||||||2139954.83|0|12/31/2024|9810|9050
H2IL17147|SORENSEN, ERIC|I|1|DEM|5046501.25|201999.03|4974635|0|40928.03|112794.28|0|0|0|0|0|0|3415548.03|IL|17||||||1314865.36|17000|12/31/2024|39955.22|4000
H4IL17085|ESTRADA, RAFAEL|C|2|REP|94758.03|0|94758.03|0|0|0|19147.98|45682|0|45682|0|0|28728.05|IL|17||||||1200|0|02/29/2024|0|0
H4IL17093|CROWL, SCOT ALAN MR.|C|2|REP|135837.35|0|129306.26|0|0|6531.09|100|129044.85|0|54.5|0|-.5|5942.5|IL|17||||||0|750|10/04/2024|0|0
H4IL17101|MCGRAW, JOE|C|2|REP|1510548.9|275410.61|1508956.03|0|0|1592.87|0|0|0|0|0|0|944499.02|IL|17||||||290638.86|0|12/31/2024|5340|1250
H0IN01150|MRVAN, FRANK J.|I|1|DEM|3196274.92|66655|3162106.15|0|54290.95|88459.72|0|0|0|0|0|0|1936701.11|IN|01||||||1179603.49|10000|12/31/2024|3606.76|7000
H4IN01194|RUIZ, DAVID BEN|C|2|REP|2750|0|3260.19|0|-320.65|-830.84|0|2000|0|410|0|1590|750|IN|01||||||0|0|03/31/2024|0|0
H4IN01210|NIEMEYER, RANDELL C.|C|2|REP|1107288.15|303808.49|1081043.78|0|0|26244.37|0|0|0|0|0|0|521644.97|IN|01||||||276642.23|5000|12/31/2024|1000|0
H4IN01244|MISKUS, DAKOTAH|C|3|LIB|0|0|0|0|0|0|0|0|0|0|0|0|0|IN|01||||||0|0|10/27/2024|0|0
H4IN02192|CAMP, LORI ANN MS.|C|1|DEM|130984.6|0|131331.75|0|0|-12218|0|0|0|0|0|0|126229.6|IN|02||||||0|4755|12/31/2024|0|0
H2IN02295|YAKYM, RUDY C. III|I|2|REP|3726754.51|749554.89|3265287.94|0|148112.73|609579.3|0|0|0|0|0|0|2241307.75|IN|02||||||730897.16|0|12/31/2024|136385.59|6750
H4IN03182|GOSS, PHIL|O|1|DEM|260098.72|1286.87|256767.59|0|0|3331.13|4000|250300|0|0|0|250300|4279|IN|03||||||230|0|12/31/2024|0|0
H4IN03240|ADOLPH, KILEY DR.|O|1|DEM|47977.01|200|53005.94|0|0|-5028.93|0|0|0|0|0|0|47777.01|IN|03||||||0|0|12/31/2024|0|0
H4IN03133|FELKER, MICHAEL|O|2|REP|24887.94|0|24314.03|0|0|477.11|9683.25|0|0|0|0|0|15204.69|IN|03||||||0|0|12/31/2024|0|0
H4IN03141|ZAY, ANDREW|O|2|REP|747427.41|0|746922.49|0|0|504.92|0|100000|0|0|0|100000|559924.27|IN|03||||||86750|0|12/31/2024|63675|2700
H4IN03158|DAVIS, WENDY|O|2|REP|1061226.96|171627.08|1061179.87|0|0|47.09|3622.94|263200|0|0|0|266454.86|537009.79|IN|03||||||85725|0|12/31/2024|134874.3|12200
H4IN03166|KENWORTHY, JON MICHAEL MR.|O|2|REP|84740.84|0|84740.84|0|0|0|68261.7|0|0|0|0|0|15518.3|IN|03||||||0|0|06/30/2024|0|0
H4IN03190|WHALEN, ERIC|O|2|REP|5202.38|0|4280.79|325|0|833.25|100|0|0|40.21|0|0|5102.38|IN|03||||||0|0|06/30/2024|0|0
H4IN03208|BUCHER, GRANT MR.|O|2|REP|105164.65|0|105271.71|0|0|0|6333.73|8885.16|0|0|0|1000|89945.76|IN|03||||||0|0|09/30/2024|13200|0
H4IN03232|SMITH, TIM|O|2|REP|1344166.48|0|1342821.27|0|0|1345.21|11735.81|1114000|0|0|0|1114000|212193.4|IN|03||||||485.45|0|12/31/2024|24369|0
H6IN03229|BANKS, JAMES E HON.|I|2|REP|7288500.99|1234991.51|6010627.68|3072.86|1335483.41|2613356.72|0|0|0|0|0|151180|4534399.13|IN|03||||||1432093.06|850|12/31/2024|181118.04|4950
H4IN04230|GIRN, RIMPI KAUR|C|1|DEM|42164.2|0|41608.33|0|1702.36|1444.14|2500|0|0|0|0|0|39664.2|IN|04||||||0|0|03/31/2024|0|0
H4IN04255|HOLDER, DERRICK ROSS|C|1|DEM|8116.13|0|5023.03|0|154.81|3247.91|0|259.6|0|0|0|409.6|2587.06|IN|04||||||0|1050|10/16/2024|0|0
H2IN04168|BOOKWALTER, CHARLES|C|2|REP|181148.64|0|155005.84|0|1505.99|27648.79|5000|60000|0|10000|0|50000|115798.64|IN|04||||||0|0|10/03/2024|4300|0
H4IN04248|HAGGARD, CRAIG|C|2|REP|95982.05|0|35339.63|0|0|60642.42|0|0|0|0|0|0|70682.05|IN|04||||||25300|0|12/31/2024|0|0
H8IN04199|BAIRD, JAMES R DR.|I|2|REP|618942.74|0|745075.16|0|340742.15|214609.73|0|200000|0|160000|0|210000|128381.78|IN|04||||||289600|155.75|12/31/2024|1070|1500
H4IN05278|PFENNINGER, RYAN SETH MR.|C|1|DEM|110598|0|110598|0|0|0|0|92500|0|3085.36|0|89414.64|18098|IN|05||||||0|0|12/31/2024|125|0
H4IN05286|PICKETT, DEBORAH A|C|1|DEM|44921.88|0|40146.03|0|0|4268.81|10716|0|0|0|0|0|33605.88|IN|05||||||600|0|12/31/2024|0|0
H0IN05326|SPARTZ, VICTORIA|I|2|REP|1982203.38|59015.51|3300531.66|5140|1576378.46|258050.18|1500|700000|0|1137000|0|700000|999237.28|IN|05||||||196150|3300|12/31/2024|14450|3550
H4IN05179|GOODRICH, CHARLES|C|2|REP|5498328.56|9959.04|5473301.03|0|0|25027.53|0|4600000|0|0|0|4600000|833119.52|IN|05||||||55250|0|12/31/2024|259150|7000
H4IN05187|CUMMINGS, RODNEY JUSTIN MR|C|2|REP|17868.19|0|12475.09|0|0|5393.1|607.19|3000|0|0|0|3000|14261|IN|05||||||0|0|12/31/2023|0|0
H4IN05203|CHINTHALA, BALARAJU RAJU|C|2|REP|300596.12|0|300596.12|0|0|0|0|0|0|0|0|0|300596.12|IN|05||||||0|0|06/30/2024|0|0
H4IN05211|HURT, MARK|C|2|REP|176231.58|0|176231.58|0|0|0|47649.58|0|9800|0|9800|0|116682|IN|05||||||2100|0|08/01/2024|1200|0
H4IN05229|POWELL, LONNIE|C|2|REP|45460|0|44127.19|0|0|1332.81|0|41000|0|0|0|41000|4460|IN|05||||||0|0|10/15/2024|0|0
H4IN05237|ENGLING, MAX|C|2|REP|206559.25|9000|206559.25|0|0|0|0|0|0|0|0|0|97749.25|IN|05||||||98555|0|06/30/2024|3500|12800
H4IN05252|MALAYTER, PATRICK MICHAEL|C|2|REP|7500|0|0|0|0|7500|0|0|0|0|0|1130|7500|IN|05||||||0|0|05/30/2024|0|0
H2IN06304|WIRTH, CYNTHIA|O|1|DEM|27712.88|0|21644.66|0|402.1|-9116.31|0|620.19|3359.9|0|0|0|22832.79|IN|06||||||500|400|12/10/2024|0|0
H4IN05195|MAHANT, SIDDHARTH|O|2|REP|2120568.37|0|598964|0|0|21604.37|0|2000000|0|300000|0|200000|120567|IN|06||||||0|0|04/30/2024|65300|0
H4IN06136|SPEEDY, MIKE|O|2|REP|1587196.58|0|1587196.58|0|0|0|0|1450000|0|1236.42|0|1448763.58|118710|IN|06||||||17250|0|12/31/2024|9100|0
H4IN06144|RAATZ, JEFF|O|2|REP|125383.42|0|125383.42|0|0|0|380|5000|0|2112.56|0|0|109352.72|IN|06||||||10650|0|06/05/2024|10800|0
H4IN06151|CARRIER, JAMISON|O|2|REP|872676.26|0|871734.44|0|0|941.82|0|750000|0|49282.5|0|700717.5|122276.26|IN|06||||||350|0|12/31/2024|18200|0
H4IN06177|JACOB, JOHN|O|2|REP|40111.93|0|40111.93|0|0|0|98.93|0|0|0|0|0|39013|IN|06||||||0|1000|07/12/2024|237.5|0
H4IN06185|SHREVE, JEFFERSON|O|2|REP|6241636.66|0|6109921.87|0|0|131714.79|42000|5900000|0|0|0|5900000|128724.61|IN|06||||||170750|0|12/31/2024|500|0
H6IN10075|FRAZIER, WILLIAM GOULD|O|2|REP|348302.38|0|349473.88|0|1171.5|0|348152.38|0|0|0|0|0|150|IN|06||||||0|0|12/31/2024|4747.27|0
H8IN06129|PENCE, GREGORY J.|I|2|REP|526945.16|29174.41|679662.9|3981.85|385568.92|232851.18|0|0|0|0|0|0|53185.35|IN|06||||||396500|0|12/31/2024|8100|27000
H8IN07184|CARSON, ANDRE|I|1|DEM|834438.54|0|1096116.35|0|711101.02|449423.21|0|0|0|0|0|0|347742.97|IN|07||||||467150|8611.83|12/31/2024|3011.11|250
H2IN08151|WHITLEY, GABRIEL MATHEW|C|2|REP|364320|0|262685.47|0|0|101634.53|0|120000|0|0|0|99900|244320|IN|07||||||0|0|09/30/2024|227695|0
H4IN07217|SCHMITZ, JOHN PALMER MR.|C|2|REP|78009.71|0|78009.71|0|0|0|54131.6|0|0|0|0|0|23378.11|IN|07||||||0|0|12/31/2024|0|0
H4IN07191|JOHNSON, RUSTY MR|C|3|LIB|0|0|0|0|0|0|0|0|0|0|0|0|0|IN|07||||||0|0|03/02/2024|0|0
H4IN08215|MOORE, KELLIE ANN MS|O|1|DEM|2623.5|0|1361.25|0|0|1262.25|123.5|0|0|0|0|1001.25|2500|IN|08||||||0|0|06/30/2023|0|0
H4IN08231|HURT, ERIK DAVID MR.|O|1|DEM|23916.9|0|22719.05|0|0|1197.85|103.67|0|0|0|0|0|16703.23|IN|08||||||500|2200|11/25/2024|0|0
H4IN08298|TALARZYK, MICHAEL|O|1|DEM|0|0|0|0|0|0|0|0|0|0|0|0|0|IN|08||||||0|0|04/24/2024|0|0
H4IN08306|SEIN, EDWARD UPTON|O|1|DEM|13820.97|0|21349.12|0|0|0|0|0|0|0|0|0|7675.78|IN|08||||||0|3376.15|10/15/2024|0|0
H0IN08114|BUCSHON, LARRY D.|I|2|REP|740452.71|0|902031.49|0|477257.29|315678.51|0|0|0|0|0|26240|170777|IN|08||||||566900|0|12/31/2024|29600|34500
H0IN08148|RISK, KRISTI|O|2|REP|70744|0|70811.38|0|0|-67.38|414|50000|0|0|0|0|17030|IN|08||||||3300|0|07/17/2024|414|0
H4IN06169|KAVANAUGH, DOMINICK|O|2|REP|528366.13|0|528366.13|0|0|0|0|500000|0|0|1727.99|0|27366.13|IN|08||||||1000|0|06/30/2024|0|0
H4IN08223|MOSS, RICHARD|O|2|REP|757656.26|0|757656.26|0|0|0|0|745000|0|6331.41|0|738668.59|12656.26|IN|08||||||0|0|05/20/2024|0|0
H4IN08249|MESSMER, MARK MR.|O|2|REP|1545283.84|146538.91|1338177.97|0|0|207105.87|3723.9|25000|0|25000|0|29727.72|1008722.09|IN|08||||||361269.95|0|12/31/2024|5504.69|7000
H4IN08264|HOSTETTLER, JOHN|O|2|REP|53971.73|0|53971.73|0|0|0|0|0|0|0|0|0|44444|IN|08||||||9450|0|12/12/2024|0|0
H4IN09163|PECK, TIMOTHY|C|1|DEM|362628.97|12099.88|346755.28|0|0|15873.69|7692.69|30000|0|0|0|70346.07|287751.53|IN|09||||||22438.55|2050|12/31/2024|0|0
H6IN09143|HOUCHIN, ERIN|I|2|REP|1723766|355692.02|1393946.47|0|412224.33|742043.86|0|0|0|0|0|0|362734.05|IN|09||||||999500.36|0|12/31/2024|970.7|6000
H4KS01083|BUSKIRK, PAUL|C|1|DEM|63181.81|0|62835.33|0|0|346.48|500|15000|0|0|0|0|47681.81|KS|01||||||0|0|12/31/2024|0|0
H0KS01123|MANN, TRACEY ROBERT|I|2|REP|1523582.68|254567.77|867436.85|4511.28|1097551.01|1753696.84|0|0|0|152700|0|0|431712.29|KS|01||||||776188.02|0|12/31/2024|2000|100
H4KS02107|BOYDA, NANCY E|C|1|DEM|245108.35|0|245108.35|0|0|0|527.1|105320|0|6300|0|99020|120511.25|KS|02||||||13000|5750|11/12/2024|0|0
H4KS02149|WOODY, ELGIN IV|C|1|DEM|40623.42|0|42790.84|0|0|-2167.42|0|0|0|0|0|0|40349.83|KS|02||||||0|0|06/30/2024|100|0
H4KS02198|KLEINMANN, MATTHEW RYAN|C|1|DEM|52818.77|0|52818.77|0|0|0|0|0|0|0|0|0|52818.77|KS|02||||||0|0|12/31/2024|0|0
H4KS02206|BOYDA, NANCY E|C|1|DEM|245108.35|0|245108.35|0|0|0|527.1|105320|0|6300|0|99020|120511.25|KS|02||||||13000|5750|11/12/2024|0|0
H0KS02188|LATURNER, JAKE|I|2|REP|923943.37|78553.34|992226.98|90500|281853.36|213569.75|0|0|0|0|0|0|526890.03|KS|02||||||318500|0|12/31/2024|213741.4|32000
H4KS02164|SCHMIDT, DEREK|C|2|REP|1266628.17|24571.11|1228127.03|122415.84|0|38501.14|8564.57|0|0|0|0|17484.47|817106.57|KS|02||||||415800|0|12/31/2024|3342.64|0
H4KS02172|TIFFANY, SHAWN|C|2|REP|478489.57|0|478489.57|0|0|0|0|25000|0|7000|0|18000|434339.57|KS|02||||||19150|0|10/16/2024|19200|0
H4KS02180|KAHRS, JEFF|C|2|REP|489578.41|0|487473.46|0|0|2104.95|0|300000|0|72000|0|228000|140593.76|KS|02||||||5000|0|12/31/2024|16908.2|0
H4KS02214|OGLE, MICHAEL ALLEN|C|2|REP|27791.87|0|18782.23|0|0|9009.64|7567.5|18646.71|0|0|0|21376.29|1577.66|KS|02||||||0|0|09/30/2024|0|0
H8KS03155|DAVIDS, SHARICE|I|1|DEM|5977870.92|142547.76|5638238.37|0|63623.24|403255.79|0|0|0|0|0|0|4289568.53|KS|03||||||1521190.16|14830.04|12/31/2024|47435.91|5000
H4KS03196|WESTBROOK, JONATHON|C|2|REP|90235|0|25062.5|0|0|130345|66000|0|0|0|0|0|24235|KS|03||||||0|0|12/31/2024|0|0
H4KS03204|CRNKOVICH, KAREN|C|2|REP|159997.31|0|153290.89|0|0|6706.42|23499.75|0|0|0|0|1017.64|122997.56|KS|03||||||13500|0|12/31/2024|10935.36|5000
H4KS03212|REDDY, PRASANTH DR.|C|2|REP|1903036.3|418218.52|1858431.69|17636.89|0|44603.71|2598.17|87000|0|87000|0|0|985590.01|KS|03||||||404629.6|5000|12/31/2024|11012.54|2500
H2KS04099|FREEMAN, ESAU A|C|1|DEM|99784.32|0|98796.57|0|0|987.75|100|0|0|0|0|0|47782.04|KS|04||||||50368.99|1000|12/31/2024|0|0
H8KS04112|ESTES, RON|I|2|REP|2287999.66|385407.72|2033296.41|1222.69|943572.79|1198276.04|0|0|0|0|0|0|406237.33|KS|04||||||1326524.13|0|12/31/2024|13162.27|500
H4KY01081|MARSHALL, ERIN|C|1|DEM|248478.33|0|248478.33|0|0|0|0|0|0|0|0|0|237977.68|KY|01||||||10500|0|11/26/2024|45|0
H6KY01110|COMER, JAMES|I|2|REP|7650141.57|156500|5518741.17|0|1077822.12|3209222.52|0|0|0|0|0|0|6674292.65|KY|01||||||805999.83|1500|12/31/2024|36967.76|5000
H2KY02125|COMPTON, WILLIAM DAKOTA|C|1|DEM|5164.12|0|5459.6|0|0|440.89|1081.52|0|0|0|0|0|4082.6|KY|02||||||0|0|12/31/2024|0|0
H8KY02080|LINDERMAN, HANK|C|1|DEM|41067.58|0|27762.33|0|18736.97|32042.22|0|0|0|0|0|0|36067.58|KY|02||||||5000|0|12/31/2024|0|0
H8KY02031|GUTHRIE, S. BRETT HON.|I|2|REP|3849228.99|0|5461907.55|0|1864119.81|366244.44|0|0|0|0|0|40613.8|993769.91|KY|02||||||2842787.93|0|12/31/2024|12800.01|3500
H2KY03206|MCGARVEY, MORGAN|I|1|DEM|2184235.62|262390.99|1141875.02|0|221056.5|1263417.1|0|0|0|0|0|0|1241661.21|KY|03||||||649084|0|12/31/2024|19700|3300
H4KY03251|YOUNG, GEOFFREY M.|C|1|DEM|16986.56|0|14976.96|0|0|9.6|0|15055.86|0|0|0|13055.86|1930.7|KY|03||||||0|0|12/21/2024|0|0
H2KY04212|LEHMAN, MATTHEW|C|1|DEM|2807.49|0|8827.35|2700|6019.86|0|0|2577.49|0|900|0|0|230|KY|04||||||0|0|12/31/2023|227.75|0
H2KY04121|MASSIE, THOMAS H.|I|2|REP|1349141.6|17919.45|690223.02|0|248091.61|907010.19|0|0|0|0|0|0|1106684.91|KY|04||||||214900|0|12/31/2024|16365.72|0
H0KY05015|ROGERS, HAROLD DALLAS|I|2|REP|1063926.73|0|805640.28|0|712965.28|971251.73|0|0|0|0|0|0|570767.64|KY|05||||||461200|0|12/31/2024|11650|0
H2KY05151|VAN DAM, RICHARD JACOB DR.|C|2|REP|0|0|2401.51|0|2401.51|0|0|0|0|0|0|0|0|KY|05||||||0|0|09/30/2024|0|0
H4KY05025|EDWARDS, DANA PHILLIP DR.|C|2|REP|311129.34|13558.05|313629.34|479.7|0|0|6210.75|45000|215000|200000|0|0|22867.77|KY|05||||||6998.88|0|06/16/2024|200|0
H2KY06217|CRAVENS, MAURICE RANDALL II|C|1|DEM|31687.2|0|20655.05|0|3171.68|14203.83|0|0|0|0|0|0|30687.2|KY|06||||||1000|0|12/31/2024|0|0
H4KY06171|KELLY, DURAND TODD|C|1|DEM|59680.62|0|51379.41|0|0|0|5327.28|0|5500|0|0|0|48853.34|KY|06||||||0|0|05/31/2024|0|0
H4KY06197|RUDD, SHAUNA|C|1|DEM|32964.12|0|33664.12|0|700|0|0|0|0|0|0|0|32964.12|KY|06||||||0|0|11/03/2024|0|0
H0KY06104|BARR, GARLAND ANDY|I|2|REP|4973206.54|485863.14|3320901.02|0|2040772.12|3693077.64|0|0|0|0|0|0|2446173.83|KY|06||||||1877037.26|0|12/31/2024|15654.16|11800
H4LA01154|MANUEL, MEL INARI|C|1|DEM|74559.16|0|74538.51|0|-20.65|0|0|0|0|0|0|0|74059.16|LA|01||||||500|0|11/27/2024|0|0
H0LA01087|SCALISE, STEVE MR|I|2|REP|14732239.34|11995968.58|15253286.22|3981.08|4652199.45|4131152.57|0|0|0|0|0|0|2538505.69|LA|01||||||187000|0|12/31/2024|85609.2|2500
H2LA02149|CARTER, TROY A. SR.|C|1|DEM|2042195.9|3119.62|1898973.77|0|366187.02|509409.15|0|0|0|0|0|24914.16|1102416|LA|02||||||936358.37|0|12/31/2024|38875|4750
H4LA02111|DAVIS, DEVIN CHARLES|C|1|DEM|118124.69|0|117859.95|0|0|264.74|4330|0|0|0|0|17415.38|111044.69|LA|02||||||2750|0|12/31/2024|0|0
H4LA02129|EKPETE KAMA, ULOMA|C|1|DEM|54190.77|0|23086.42|0|0|0|0|0|0|0|0|0|23589.45|LA|02||||||0|0|06/25/2024|0|0
H4LA02137|EKPETE KAMA, ULOMA|C|1|DEM|54190.77|0|23086.42|0|0|0|0|0|0|0|0|0|23589.45|LA|02||||||0|0|06/25/2024|0|0
H4LA02145|LYNCH, CHRISTY MS|C|2|REP|41708.99|0|41221.17|0|0|487.82|20.24|0|0|0|0|0|31909.29|LA|02||||||3750|5000|12/31/2024|2500|0
H4LA03143|SUMMERLIN, SADI|C|1|DEM|9707.25|0|5477.1|0|0|4230.15|0|0|0|0|0|0|9707.25|LA|03||||||0|0|12/31/2024|0|0
H6LA03148|HIGGINS, CLAY CAPTAIN|I|2|REP|1029946.49|467127.21|732895.62|0|27517.17|324568.04|0|0|0|0|0|0|371419.28|LA|03||||||191400|0|12/31/2024|10955|2000
H6LA04138|JOHNSON, JAMES MICHAEL|I|2|REP|19867069.39|6586237.41|19499271.29|0|884578.43|1252376.53|0|0|0|0|0|0|10686554.58|LA|04||||||1795400|0|12/31/2024|3150|0
H2LA05126|LETLOW, JULIA|I|2|REP|2613337.93|560608.16|2054171.08|0|786699.96|1346766.81|0|0|0|0|0|0|999148.28|LA|05||||||1053581.49|0|12/31/2024|25552.58|5800
H4LA06203|SYKES, JEFFREY|C|3|GRE|130.01|0|126.97|0|0|1.86|100|0|0|0|0|0|30|LA|05||||||0|0|07/07/2024|23|0
H4LA05171|WILLIAMS, PETER|C|1|DEM|21824.92|0|0|0|50000|71824.92|0|0|0|0|0|0|0|LA|06||||||0|0|11/15/2024|0|0
H4LA06070|ANDERSON, QUENTIN ANTHONY|C|1|DEM|35639.69|0|40108.02|0|0|-6029.64|19753.46|0|0|0|0|0|15886.23|LA|06||||||0|0|12/31/2024|0|0
H4LA06211|FIELDS, CLEO|C|1|DEM|1245924.5|0|1208484.64|0|0|37439.86|1100|0|0|0|0|0|1107541.71|LA|06||||||126182.8|0|12/31/2024|16800|2882.8
H4LA06153|GRAVES, GARRET|I|2|REP|2946360.9|173270.42|1803721.44|0|2520478.57|3663118.03|0|0|0|0|0|0|1242689.12|LA|06||||||1418600|0|12/31/2024|205250|294583.34
H4LA06229|GUILLORY, ELBERT LEE|C|2|REP|192851.48|0|189511.8|0|0|3339.68|0|6100|0|6100|0|0|174674.67|LA|06||||||5700|5000|12/31/2024|1540|0
H4LA06237|GUILLORY, ELBERT LEE|C|2|REP|192851.48|0|189511.8|0|0|3339.68|0|6100|0|6100|0|0|174674.67|LA|06||||||5700|5000|12/31/2024|1540|0
H8MA02041|NEAL, RICHARD E|I|1|DEM|3285602.29|75130.28|2881822.83|0|3484090.49|3887869.95|0|0|0|0|0|0|752821.17|MA|01||||||2417922.31|0|12/31/2024|8200|20000
H4MA01091|MILLERON, NADIA D|C|3|NPA|354342.68|0|341193.08|0|0|13149.6|5|75000|0|0|0|75000|279337.68|MA|01||||||0|0|12/31/2024|100|0
H4MA03022|MCGOVERN, JAMES P|I|1|DEM|1097317.3|0|1070531.65|0|367378.7|394164.35|0|0|0|0|0|0|741403.73|MA|02||||||349400|643.98|12/31/2024|4117.52|0
H2MA02085|SOSSA-PAQUETTE, JEFF|C|2|REP|3538.9|0|7771.35|0|4232.45|0|0|0|0|7258.85|0|0|0|MA|02||||||0|0|09/30/2024|0|0
H4MA02065|SHEA, CORNELIUS|C|3|IND|2220|0|2966.13|0|4772.53|3975.4|1000|0|0|0|0|0|600|MA|02||||||0|0|11/25/2024|0|0
H8MA03106|TRAHAN, LORI|I|1|DEM|1766479.2|28700|1178827.41|0|867499.45|1455151.24|0|0|0|0|0|0|1082467.26|MA|03||||||619100.01|0|12/31/2024|13200|0
H4MA03105|HASAN, SYED|C|2|REP|0|0|0|0|0|0|0|0|0|0|0|0|0|MA|03||||||0|0|10/29/2023|0|0
H0MA04192|AUCHINCLOSS, JAKE|I|1|DEM|3517184.83|700433.18|988223.07|0|2454265.01|4983226.77|0|0|0|0|0|0|2019337.32|MA|04||||||510101|0|12/31/2024|23793|12750
H4MA05084|CLARK, KATHERINE|I|1|DEM|4984888.62|600400|4766147.78|0|1107149.87|1325890.71|0|0|0|0|0|0|1910057.62|MA|05||||||2303968.53|0|12/31/2024|6897.52|2500
H4MA06090|MOULTON, SETH|I|1|DEM|2908225.26|219728.58|1827201.45|77500|769314.25|1850338.06|0|0|0|0|0|0|2143452.03|MA|06||||||507400|250|12/31/2024|33556.5|0
H8MA07032|PRESSLEY, AYANNA|I|1|DEM|1432055.24|146700|1636120.86|102.94|322287.03|118221.41|0|0|0|0|0|0|1142938.57|MA|07||||||136850.01|0|12/31/2024|14035.69|1000
H2MA09072|LYNCH, STEPHEN|I|1|DEM|710123.92|0|976310.31|0|1354910.25|1088723.86|0|0|0|0|0|0|277606.06|MA|08||||||407500|0|12/31/2024|0|0
H2MA08090|BURKE, ROBERT G.|C|2|REP|1147.1|0|20838.83|0|6096.33|-13595.4|0|0|0|0|0|10000|1147.1|MA|08||||||0|0|11/20/2024|0|0
H4MA08047|GOVATSOS, JAMES MR.|C|2|REP|3412.27|0|5016.02|0|1603.75|0|108.59|0|0|0|0|0|3303.68|MA|08||||||0|0|12/04/2024|0|0
H0MA10082|KEATING, WILLIAM R|I|1|DEM|681883.89|0|877343.05|0|861326.66|665867.5|0|0|0|0|0|0|332908.89|MA|09||||||347975|1000|12/31/2024|3000|0
H4MD01143|BRUNEAU, CHRISTOPHER MARC MR SR|C|2|REP|72478.77|0|70606.43|0|0|0|35657|25000|0|21455.66|0|0|10821.21|MD|01||||||0|0|09/30/2024|50|0
H8MD01094|HARRIS, ANDREW P|I|2|REP|1361364.4|19760.18|1419584.92|0|813156.06|754935.54|0|0|0|0|0|0|823912.58|MD|01||||||488750|125|12/31/2024|9289|2225
H2MD02160|RUPPERSBERGER, C. A. DUTCH|I|1|DEM|373512.72|0|1007472.61|0|909570.19|275610.3|0|0|0|0|0|0|111755.74|MD|02||||||261750|0|12/31/2024|3200|10500
H4MD02224|BHANDARI, HARRY|O|1|DEM|269241.81|0|269241.81|0|0|0|1.63|0|0|0|0|0|267112.22|MD|02||||||1499|0|08/29/2024|10801|0
H4MD02232|OLSZEWSKI, JOHN ANTHONY JR.|O|1|DEM|1570997|0|1404405.32|0|0|166591.68|0|0|0|0|0|0|1243084.77|MD|02||||||310694|0|12/31/2024|12518.34|0
H4MD02240|KYRIAKAKOS, ATHANSIA MS.|O|1|DEM|23028|0|23368.33|0|0|-340.33|0|0|0|0|0|3.12|23028|MD|02||||||0|0|06/13/2024|0|0
H0MD07197|KLACIK, KIMBERLY|O|2|REP|169860.63|0|325170.16|0|172329.68|17020.15|800|0|0|0|0|235202.18|161707.95|MD|02||||||3889|0|12/31/2024|0|0
H2MD06138|WALLACE, DAVID DRAIN II|O|2|REP|14345|0|14441.87|0|96.87|0|0|2700|0|267.92|0|70432.08|11645|MD|02||||||0|0|09/30/2024|0|0
H4MD02257|THORMANN, JOHN|O|2|REP|3045.7|0|4521.73|75|3333.17|1857.14|0|0|0|0|0|0|3045.7|MD|02||||||0|0|04/24/2024|0|0
H4MD02265|KLACIK, KIMBERLY|O|2|REP|169860.63|0|325170.16|0|172329.68|17020.15|800|0|0|0|0|235202.18|161707.95|MD|02||||||3889|0|12/31/2024|0|0
H0MD07171|HILL, TERRI|O|1|DEM|206275.82|0|206275.82|0|0|0|1689.29|0|0|0|0|0|195571.53|MD|03||||||8449|0|09/13/2024|0|0
H4MD03156|ELFRETH, SARAH KELLY|O|1|DEM|2276073.8|0|2245334.25|0|0|30739.55|0|0|0|0|0|0|1967896.39|MD|03||||||305518|250|12/31/2024|23253.33|5749
H4MD03164|ATTERBEARY, VANESSA|O|1|DEM|19350|0|19350|0|0|0|0|0|0|0|0|0|19350|MD|03||||||0|0|10/03/2024|4355.16|0
H4MD03172|HILL, TERRI|O|1|DEM|206275.82|0|206275.82|0|0|0|1689.29|0|0|0|0|0|195571.53|MD|03||||||8449|0|09/13/2024|0|0
H4MD03180|ROGERS, MICHAEL|O|1|DEM|319534.25|0|314515.01|0|0|5019.24|30|64000|0|0|0|58980.76|233255.25|MD|03||||||22249|0|06/30/2024|135|0
H4MD03198|LAM, CLARENCE|O|1|DEM|914026.78|0|904616.47|0|0|9410.31|0|0|50000|0|0|50000|830741.8|MD|03||||||33200.98|0|12/31/2024|0|0
H4MD03206|DIEHL, ABIGAIL|O|1|DEM|91156.24|0|94109.03|250|0|-2952.79|0|28463|0|0|0|34563|62693.24|MD|03||||||0|0|12/03/2024|1|0
H4MD03222|CHANG, MARK|O|1|DEM|139633|0|139633|0|0|0|0|16000|0|15253.4|0|0|119385|MD|03||||||4248|0|09/17/2024|1500|1000
H4MD03230|QUINN, DONALD|O|1|DEM|19688|0|20088|0|0|-400|10000|0|0|0|0|0|9688|MD|03||||||0|0|07/16/2024|4592.83|0
H4MD03248|DOMINGUEZ, JUAN|O|1|DEM|379860.01|0|379860.02|0|0|0|146610|12000|0|0|0|0|217887.88|MD|03||||||2500|0|05/22/2024|0|0
H4MD03255|MORSE, JOHN III|O|1|DEM|157565.35|0|155892.73|0|0|1672.62|0|0|0|0|0|0|114925.35|MD|03||||||41450|0|12/31/2024|100|6000
H4MD03289|COBURN, MICHAEL|O|1|DEM|229985|0|229985|0|0|0|33700.04|116299.96|0|116299.96|0|0|79985|MD|03||||||0|0|04/18/2024|43890|0
H4MD03297|KHAN, AISHA S|O|1|DEM|286557.29|0|283055.98|0|24.87|3526.18|2000|115000|0|113615|0|1385|44025|MD|03||||||8332.29|0|06/30/2024|1000|0
H4MD03339|LIBBER, MATT|O|1|DEM|3171.38|0|3171.38|0|0|0|0|494.38|0|494.38|0|0|2677|MD|03||||||0|0|12/31/2024|12|0
H6MD03292|SARBANES, JOHN P. MR.|I|1|DEM|28581.56|0|161063.96|0|483141.62|350659.22|0|0|0|0|0|0|15978.74|MD|03||||||10000|0|12/31/2024|5111|5000
H4MD03149|FLOWERS, BERNARD|O|2|REP|40727.32|0|40727.32|100|0|0|0|23481.93|0|3530.33|0|0|16745.39|MD|03||||||0|0|10/22/2024|0|0
H4MD03271|STEINBERGER, ROBERT J|O|2|REP|51442.69|0|53110.46|0|724.01|-943.76|0|19300|0|0|0|0|31642.69|MD|03||||||0|0|12/31/2024|0|0
H4MD03321|BAKER, ARTHUR|O|2|REP|5515.75|0|9970.89|0|0|-4455.14|5404.75|0|0|0|0|0|111|MD|03||||||0|0|07/15/2024|111|0
H4MD04162|NJINIMBOT, GABRIEL|C|1|DEM|68533.4|0|65241.73|0|0|3649.67|0|0|0|0|0|0|68239.34|MD|04||||||0|0|12/31/2024|0|0
H0MD05183|WILKES, MCKAYLA|C|1|DEM|8414|0|2866.3|0|0|5547.7|0|0|0|0|0|0|8414|MD|05||||||0|0|09/30/2023|0|0
H2MD05155|HOYER, STENY|I|1|DEM|1756898.25|214540.64|1860120.14|1989.29|726896.8|623674.91|0|0|0|0|0|0|466145.6|MD|05||||||1038000|0|12/31/2024|12695|2500
H4MD05201|CROOMS, ANDREA LYNN|C|1|DEM|99232.22|0|101497.7|0|0|0|42190.22|48300|0|0|0|0|8742|MD|05||||||0|0|12/31/2024|0|0
H4MD05235|BAREEBE, QUINCY|C|1|DEM|271367.22|0|271148.11|0|0|219.11|0|209665.22|0|0|0|209665.22|61702|MD|05||||||0|0|12/31/2024|1700|0
H4MD05219|TALKINGTON, MICHELLE|C|2|REP|21998.2|0|19070.54|0|0|2927.66|0|6582.17|0|0|0|6582.17|10498.32|MD|05||||||3717.71|0|12/31/2024|0|0
H2MD08175|GLUCK , GEORGE|O|1|DEM|10291|0|10783|0|899.6|407.6|0|10243|0|0|0|10343|48|MD|06||||||0|0|09/30/2024|0|0
H4MD06225|VOGEL, JOSEPH|O|1|DEM|814884.6|8221|807769.57|0|0|7115.03|0|0|13000|0|0|19500|652944.07|MD|06||||||130050|0|12/31/2024|35931|16800
H4MD06233|LOPEZ, LESLEY|O|1|DEM|193446.23|0|193446.23|0|0|0|0|0|0|0|0|0|175266.74|MD|06||||||17826|0|09/30/2024|1905|2997
H4MD06266|WEST, DESTINY DRAKE|O|1|DEM|15880.35|0|16091.58|0|275|63.77|0|0|0|0|0|0|15880.35|MD|06||||||0|0|06/30/2024|0|0
H4MD06282|MARTINEZ, TEKESHA|O|1|DEM|628506.68|0|621517.72|0|0|6988.96|4908|0|0|0|0|0|621348.68|MD|06||||||2250|0|12/31/2024|21421|0
H4MD06316|SAYLES, LAURIE-ANNE|O|1|DEM|83292.5|0|84134.06|0|0|-841.56|0|0|0|0|0|11868.67|83042.5|MD|06||||||250|0|12/31/2024|0|0
H4MD06324|GRAMMER, GEOFFREY|O|1|DEM|551058.73|0|550660.73|0|0|0|0|0|439688.94|0|252643.78|187045.16|97869.79|MD|06||||||13500|0|05/02/2024|7150|1000
H4MD06332|JAIN, ASHWANI|O|1|DEM|105163.51|0|109694.51|2894|0|0|30000|0|0|0|0|0|75163.51|MD|06||||||0|0|05/31/2024|0|0
H4MD06340|DELANEY, APRIL MCCLAIN|O|1|DEM|5943527.85|17050|5930648.68|0|0|12879.17|0|3873000|0|0|0|3898051.37|1661758.77|MD|06||||||386428.81|0|12/31/2024|22003.33|0
H4MD06365|WILKS, ALTIMONT|O|1|DEM|3375|0|3169.64|0|0|205.36|0|0|0|0|0|0|3375|MD|06||||||0|0|12/31/2024|0|0
H4MD06373|CHOHARIS, PETER CHARLES|O|1|DEM|109293|0|69612.33|55|0|39680.67|0|25000|0|25000|0|0|84293|MD|06||||||0|0|12/31/2024|0|0
H4MD06449|GLUCK, GEORGE|O|1|DEM|10291|0|10783|0|899.6|407.6|0|10243|0|0|0|10343|48|MD|06||||||0|0|09/30/2024|0|0
H4MD06456|GLUCK, GEORGE|O|1|DEM|10291|0|10783|0|899.6|407.6|0|10243|0|0|0|10343|48|MD|06||||||0|0|09/30/2024|0|0
H6MD08523|RUBIN, JOEL MARTIN|O|1|DEM|133133.36|0|133133.36|0|0|0|0|0|0|0|0|0|132133.36|MD|06||||||0|0|03/31/2024|3475|0
H6MD08549|TRONE, DAVID|I|1|DEM|63833136.59|0|64032401.51|0|203106.35|3841.43|0|62877800|0|0|0|73680994|853811.58|MD|06||||||5000|0|12/31/2024|145766.73|2000
H0MD06231|PARROTT, NEIL|O|2|REP|1091508.3|58134.24|1117264.29|0|30370.19|4614.2|0|0|0|0|0|0|801562.12|MD|06||||||223479.14|5000|12/31/2024|50300|0
H2MD08183|ROCA, MARIELA|O|2|REP|289671.12|0|289697.18|0|26.06|0|35753.92|0|0|0|0|35753.92|232967.83|MD|06||||||20800|0|12/31/2024|3655.5|0
H4MD06241|THIAM, BRENDA J DR.|O|2|REP|49519.82|0|35473.68|0|0|14046.14|0|30670|0|0|0|0|17527.15|MD|06||||||1000|0|12/31/2024|0|0
H4MD06258|HYSER, CHRIS|O|2|REP|167255.62|0|43353.31|1200|0|123902.31|0|132268.09|0|0|0|132268.09|34987.53|MD|06||||||0|0|12/31/2024|0|0
H4MD06274|COX, DAN|O|2|REP|0|0|0|0|0|0|0|0|0|0|0|0|0|MD|06||||||0|0|07/04/2023|0|0
H4MD06290|ROYALS, TOM|O|2|REP|558345.28|0|553993.95|0|0|4351.33|0|0|0|0|0|0|538891.27|MD|06||||||16163.06|0|12/31/2024|16610|0
H4MD06308|BARNES, HEATH|O|2|REP|34372.73|0|34372.73|0|0|0|0|5302.25|0|5302.25|0|0|29070.48|MD|06||||||0|0|12/31/2023|0|0
H4MD06357|COX, DAN|O|2|REP|171049.02|0|171035.76|0|0|13.26|8767.34|12600|0|0|0|12600|148543.35|MD|06||||||0|0|12/31/2024|7425|0
H6MD07020|MFUME, KWEISI|I|1|DEM|533861.78|0|431365.07|0|591428.75|693925.46|841.88|0|0|0|0|0|180408.93|MD|07||||||352270.71|0|12/31/2024|7200|0
H6MD08457|RASKIN, JAMIE|I|1|DEM|4843711.39|223000|2999506.79|0|3120998.44|4965203.04|0|0|0|0|0|0|3946956.34|MD|08||||||472572.52|232.62|12/31/2024|39526.03|0
H4MD08213|RILEY, CHERYL|C|2|REP|13872.24|0|13283.27|0|0|588.97|0|0|0|0|0|0|5368.52|MD|08||||||8503.72|0|12/31/2024|0|0
H8ME01120|PINGREE, CHELLIE M|I|1|DEM|670959.02|11503.56|659556.13|0|404275.34|415678.23|0|0|0|0|0|20000|324930.03|ME|01||||||331282.22|0|12/31/2024|4507.27|2500
H4ME01152|PIANTIDOSI, ANDREW|C|2|REP|79435.09|0|79435.09|0|0|0|4501|10000|0|0|0|0|63928.56|ME|01||||||1000|0|11/08/2024|10900|0
H4ME01160|RUSSELL, RONALD CHARLES|C|2|REP|175939.22|0|161387.15|0|0|14221.08|43423.73|0|0|0|0|0|122597.69|ME|01||||||9717.8|0|12/31/2024|1000|0
H4ME02309|BASSILE, ELIAS|C|3|IND|1005102|0|234.7|0|0|1004867.3|5101|1000000|0|0|0|1000000|1|ME|01||||||0|0|03/31/2024|0|0
H8ME02185|GOLDEN, JARED|I|1|DEM|7943838.27|528126.4|7851798.65|0|34690.26|126729.88|0|0|0|0|0|0|6258176.78|ME|02||||||1003326|9529.86|12/31/2024|161789.59|3000
H4ME02275|CROSS, ROBERT N|C|2|REP|57055.95|0|62814.95|14600|0|-5759|250|0|0|0|0|0|56805.95|ME|02||||||0|0|12/31/2024|16516.05|0
H4ME02283|SOBOLESKI, MIKE|C|2|REP|129714.72|0|129714.72|0|0|0|5604.03|8500|0|2480.08|0|0|115329.49|ME|02||||||0|0|07/24/2024|10200|0
H4ME02291|THERIAULT, AUSTIN LEO|C|2|REP|3628072.48|721948.78|3611594.86|0|0|16477.62|0|0|0|0|0|0|2273223.17|ME|02||||||575275|5000|12/31/2024|3300|1700
H2MI01142|LORINSER, ROBERT JAMES|C|1|DEM|371077.66|0|379844.18|0|11043.34|2276.82|5249.6|0|0|6500|0|27000|364470.91|MI|01||||||0|500|09/30/2024|1612|0
H4MI01155|BARR, CALLIE|C|1|DEM|1011922.71|0|1004282.01|0|0|7640.7|320|0|0|0|0|0|969169.32|MI|01||||||29250.01|7683|12/31/2024|5515|3500
H4MI01171|SAUL, JOSHUA|C|2|REP|21450.29|0|21450.29|0|0|0|1102.69|0|0|0|0|0|20346.13|MI|01||||||0|0|12/09/2024|0|0
H4MI01189|WILSON, J.D.|C|2|REP|225|0|0|0|0|225|0|0|0|0|0|0|225|MI|01||||||0|0|06/30/2024|0|0
H6MI01226|BERGMAN, JOHN|I|2|REP|2016388.02|646463.6|1915509.73|14970.01|10071.5|110949.79|0|0|0|42680|0|0|645798.34|MI|01||||||713990.64|0|12/31/2024|11984|2700
H4MI02138|LYNCH, MICHAEL|C|1|DEM|19849.07|0|18406.33|0|2886.23|4328.97|0|0|0|0|0|0|13299.07|MI|02||||||300|6250|12/31/2024|0|0
H4MI04126|MOOLENAAR, JOHN MR.|I|2|REP|2135244.82|77215|1359471.38|0|506170.81|1281944.25|0|0|0|0|0|14251.29|1147704.43|MI|02||||||868674.76|600|12/31/2024|5827.7|0
H0MI03316|SCHOLTEN, HILLARY|I|1|DEM|5285875.86|148267.88|4946506.33|0|10345.07|349714.6|0|0|0|0|0|0|3741953.07|MI|03||||||1358251.98|10764.49|12/31/2024|31395.47|8800
H4MI03292|AL-SHATEL, SALIM MOHAMMED MR.|C|1|DEM|3047.91|0|3047.91|0|0|0|2888.58|0|0|0|0|0|159.33|MI|03||||||0|0|08/06/2024|0|0
H4MI03243|MARKEY, MICHAEL JAY MR. JR.|C|2|REP|805848.35|0|802721.19|0|0|3127.16|75131.62|469890|0|0|0|469890|256833.71|MI|03||||||0|1600|12/31/2024|600|0
H4MI03250|ICKES, JASON|C|2|REP|40093.58|0|39960.83|0|0|132.75|3300|10100|0|0|0|16630|26693.58|MI|03||||||0|0|12/31/2024|8300|0
H4MI03268|HUDSON, PAUL|C|2|REP|1201985.4|26000|1201985.4|0|0|0|250098.2|250000|0|250000|0|0|607659.44|MI|03||||||67000|0|12/31/2024|218.18|0
H2MI04260|ALFONSO, JOSEPH|C|1|DEM|12084|0|13184.1|0|1100.1|0|0|0|0|0|0|0|12084|MI|04||||||0|0|04/30/2024|0|0
H4MI04159|SWARTZ, JESSICA|C|1|DEM|1166577.1|0|1051049.74|0|0|115527.36|0|0|0|0|0|0|1104226.96|MI|04||||||60850|0|12/31/2024|11698|0
H0MI02094|HUIZENGA, WILLIAM P|I|2|REP|3128825.74|276446.98|3121254.39|0|101468.61|109039.96|0|0|0|0|0|0|1270050.63|MI|04||||||1577377|0|12/31/2024|16500|1000
H4MI04175|MUIR, BRENDAN|C|2|REP|25023.1|0|24233.74|0|0|789.36|11000|0|0|0|0|0|14002.76|MI|04||||||0|0|12/31/2024|0|0
H4MI05164|URBAN, LIBBI DEANN MS|C|1|DEM|123982.76|0|118561.86|0|0|5420.9|0|0|0|0|0|1281.87|101370.99|MI|05||||||16688.18|5382|12/31/2024|0|0
H4MI07103|WALBERG, TIMOTHY L REP|I|2|REP|1597811.15|22585|1751815.02|15535.02|1063455.67|909451.8|0|0|0|0|0|0|766725.43|MI|05||||||800234.32|0|12/31/2024|16099.8|0
H4MI12079|DINGELL, DEBBIE|I|1|DEM|1600750.13|118000|1655632.43|360000|397805.14|342922.84|0|0|0|0|0|0|475303.26|MI|06||||||992369.63|3684.26|12/31/2024|0|0
H4MI06154|SMILEY, HEATHER|C|2|REP|3435.6|0|3350.09|0|0|85.51|0|2000|0|0|0|2000|1435.6|MI|06||||||0|0|12/31/2024|0|0
H4MI07210|HERTEL, CURTIS JR.|O|1|DEM|7656059.9|710983.25|7652531.73|0|0|3638.17|0|0|0|0|0|0|6011245.96|MI|07||||||887622.06|5000|12/31/2024|57683.99|4000
H8MI08102|SLOTKIN, ELISSA|I|1|DEM|708162.35|283658.21|836582.18|632130.69|128870.47|450.64|0|0|0|0|0|0|389736.39|MI|07||||||16000|0|03/31/2024|12211.88|10000
H2MI07123|BARRETT, THOMAS MORE|O|2|REP|5103613.26|748717.93|5090802.49|1694.58|5289.11|22099.88|0|0|0|0|0|0|3479823.74|MI|07||||||859023.52|10000|12/31/2024|29222.7|0
H2MI05119|KILDEE, DANIEL T|I|1|DEM|1465197.96|18301.15|1068586.96|85000|21873.97|418484.97|0|0|0|0|0|0|465691.59|MI|08||||||954663.25|0|12/31/2024|100873.48|102500
H4MI08200|MOILANEN, DANIEL BURTON|O|1|DEM|22569.48|0|22569.48|0|0|155.89|275|619.1|0|869.1|0|0|21657.4|MI|08||||||0|0|06/30/2024|0|0
H4MI08218|MCDONALD RIVET, KRISTEN|O|1|DEM|6067031.69|177288.21|6050001.17|0|0|17030.52|7657.3|0|0|0|0|0|4942450.14|MI|08||||||926635.94|13000|12/31/2024|39104.57|5122.94
H4MI08234|NEELEY, SHELDON|O|1|DEM|26935|0|26216.14|0|0|718.86|0|0|0|0|0|0|26935|MI|08||||||0|0|12/31/2024|0|0
H4MI08242|COLLIER, MATT|O|1|DEM|1212680.41|0|1212680.41|0|0|0|16600|500000|0|130077.67|0|0|543276.34|MI|08||||||15000|0|12/22/2024|91971|0
H0MI08141|JUNGE, PAUL|O|2|REP|5984458.77|257369.08|5636818.38|72483.58|92281.22|439921.61|354.92|4100000|700000|0|0|6176050|703023.06|MI|08||||||195500|5000|12/31/2024|13588.94|0
H4MI08184|BLANK, MARTIN|O|2|REP|13171.3|0|11806.61|0|0|1364.69|5000|0|0|0|0|47072.63|8171.3|MI|08||||||0|0|12/31/2024|0|0
H4MI08226|HUDSON, ANTHONY JASON|O|2|REP|141047.61|0|107774.28|0|0|31130.64|2241.21|0|0|0|0|0|136331.17|MI|08||||||0|0|12/31/2024|0|0
H4MI08259|DRAVES, MARY F.|O|3|UNK|629824.94|22169.68|629150.97|0|0|673.97|11602.69|287000|0|0|0|0|281333.5|MI|08||||||27500|0|12/31/2024|25792.5|6700
H4MI09125|ST MOSLEY, CLINTON|C|1|DEM|113478.38|0|110216.31|0|0|3262.07|535.34|0|0|0|0|0|99354.86|MI|09||||||13588.18|0|12/31/2024|404|0
H0MI10287|MCCLAIN, LISA|I|2|REP|1968688.95|34061.27|2278334.66|13200.01|916503.08|606857.37|0|0|0|900000|0|550000|965057.12|MI|09||||||955043.27|0|12/31/2024|20850|4500
H4MI09117|JOWSKE, JEFFREY|C|2|REP|0|0|0|0|0|0|0|0|0|0|0|0|0|MI|09||||||0|0|09/30/2023|0|0
H2MI08154|JAYE, BRIAN STEVEN|C|1|DEM|15208.88|0|12137.55|300|0|3071.33|10179.88|0|0|0|0|0|5029|MI|10||||||0|0|12/31/2024|0|0
H2MI10176|MARLINGA, CARL J.|C|1|DEM|2954055.05|314146.03|2925341.82|0|5906.37|34619.6|619.18|0|0|0|0|0|2370780.39|MI|10||||||258509.45|0|12/31/2024|24301.95|0
H4MI10099|YOUNG, DIANE|C|1|DEM|572023.91|0|569283.99|0|0|2739.92|15879.79|20000|0|4000|0|16000|523305.4|MI|10||||||8950|0|12/31/2024|16258|0
H4MI10107|BUSCH, EMILY|C|1|DEM|511788.56|0|497616.81|0|0|14171.75|3157.57|0|0|0|0|0|501030.96|MI|10||||||7600|0|12/31/2024|8472.5|0
H4MI10115|TILLEY, TIFFANY|C|1|DEM|67039.26|0|63184.47|0|0|1977.58|0|0|0|0|0|0|64539.26|MI|10||||||2500|0|12/31/2024|0|0
H4MI10123|POWELL, RHONDA M.|C|1|DEM|43406.74|0|44307.29|0|0|-2430.14|5272|0|0|0|0|0|38134.74|MI|10||||||0|0|09/30/2024|0|0
H4MI10131|KUMAR, ANIL DR.|C|1|DEM|1385481.52|0|1383820.51|0|0|1661.01|5|928500|0|762694.45|0|165805.55|432134.23|MI|10||||||8500|0|12/31/2024|128453.99|0
H2MI10150|JAMES, JOHN|I|2|REP|9546139.34|3547674.17|9606963.87|11652.98|795505.56|734681.03|0|0|0|0|0|3999.96|4647146.12|MI|10||||||1323180|5000|12/31/2024|37658.89|7899
H4MI11121|GHANIM, AHMED|C|1|DEM|179273.7|0|157742.61|0|0|21531.09|737.91|0|0|0|0|0|177444.45|MI|11||||||0|0|12/31/2024|16100|0
H8MI11254|STEVENS, HALEY|I|1|DEM|2662469.11|0|1915716.8|0|6983.25|753735.56|0|0|0|0|0|0|1469802.92|MI|11||||||1187740.7|0|12/31/2024|2377.5|1600
H4MI11113|SOMBERG, NICHOLAS MR|C|2|REP|68845.76|0|68845.76|0|0|0|0|56500|0|1418.55|0|55081.45|11081.82|MI|11||||||0|1000|12/31/2024|0|0
H4MI11139|FRANGIE, CHARLES|C|2|REP|89017.5|0|89017.5|0|0|0|24732.59|40000|0|9000|0|0|24284.91|MI|11||||||0|0|12/31/2024|0|0
H8MI13250|TLAIB, RASHIDA|I|1|DEM|8473097.48|238780.85|4446846.31|0|237303.81|4263554.98|0|0|0|0|0|0|8097297.14|MI|12||||||93490.18|0|12/31/2024|88222.6|0
H2MI12198|HOOPER, JAMES D|C|2|REP|13451.35|0|7081.92|0|2647.47|9016.9|0|0|0|0|0|532.86|13321.35|MI|12||||||130|0|12/31/2024|0|0
H2MI13196|NEHME, HASSAN|C|2|REP|385.09|0|6221.2|0|5836.11|0|0|385.09|0|0|0|25385.09|0|MI|12||||||0|0|08/17/2024|0|0
H2MI13311|ELLIOTT, STEVEN|C|2|REP|708733.14|0|681028|0|4281.65|31986.79|0|0|0|10000|0|0|708251.74|MI|12||||||0|0|12/31/2024|2391|0
H2MI13204|THANEDAR, SHRI|I|1|DEM|9660670.47|0|2873299.51|0|117196.74|6904567.7|5400|5300000|0|0|0|11470000|1071523.16|MI|13||||||274500|0|12/31/2024|9650|0
H2MI13246|HOLLIER, ADAM|C|1|DEM|900703.21|0|718690.55|0|16160.66|198173.32|0|0|0|0|0|0|839150.25|MI|13||||||58450|0|12/31/2024|130499.34|0
H2MI13261|CONYERS, JOHN|C|1|DEM|86249.65|0|82479.15|0|8401.44|26353.47|1631|6937.54|0|0|0|38900|77681.11|MI|13||||||0|0|09/30/2023|100|0
H4MI13259|HAWKINS, SHAKIRA|C|1|DEM|250|0|789.65|0|0|-539.65|0|0|0|0|0|31018.98|250|MI|13||||||0|0|12/31/2024|0|0
H8MI13185|WATERS, MARY|C|1|DEM|194060.05|500|192906.41|0|0|1153.64|151|305|0|0|0|305|183200.15|MI|13||||||9500|0|12/31/2024|0|0
H2MI13360|BIVINGS, MARTELL DE'ANGELO|C|2|REP|66831.09|0|51759.3|0|355.12|15426.91|347.33|0|0|0|0|0|62983.76|MI|13||||||1000|2500|12/31/2024|0|0
H2MN01223|FINSTAD, BRAD|I|2|REP|1975242.85|161784.88|1914098.15|7500|264.53|61409.23|0|0|0|0|0|0|911084.11|MN|01||||||896584|0|12/31/2024|8559.41|6111.11
H4MN01179|BOHMAN, RACHEL|C|3|DFL|413540.87|0|394295.34|0|0|19245.53|5195.02|27000|0|27000|0|0|313875.02|MN|01||||||44600|22870.83|12/31/2024|250|0
H6MN02131|CRAIG, ANGELA DAWN|I|1|DEM|8288031.44|234704.61|8295355.52|43300|30926.49|23602.41|0|0|0|352000|25000|373000|5738584.27|MN|02||||||2245654.82|12000|12/31/2024|97815.84|3113.63
H4MN02151|MURPHY, MICHAEL A|C|2|REP|4032|0|4055.7|0|0|0|100|0|0|0|0|0|3932|MN|02||||||0|0|12/20/2023|2525|0
H4MN02177|TEIRAB, JOE|C|2|REP|3304665.91|562496.39|3284981.02|2000|0|19684.89|0|0|0|0|0|0|2347642.15|MN|02||||||352780.96|5000|12/31/2024|64177.28|0
H4MN02185|BOWMAN, THOMAS WILLIAM MR.|C|3|IND|19800|0|19800|0|0|0|0|0|0|0|0|0|19800|MN|02||||||0|0|09/30/2024|0|0
H4MN02193|KOURY, JAKE MARIUS MR|C|3|UN|300|0|300|0|0|0|0|0|0|0|0|0|300|MN|02||||||0|0|07/16/2024|0|0
H4MN03084|HARRIS, RON|O|1|DEM|108666.61|0|108666.61|0|0|0|0|25634.1|0|0|0|25634.1|83032.51|MN|03||||||0|0|12/31/2024|5700|0
H4MN03092|HARRIS, RON|O|1|DEM|108666.61|0|108666.61|0|0|0|0|25634.1|0|0|0|25634.1|83032.51|MN|03||||||0|0|12/31/2024|5700|0
H4MN03100|HARRIS, RON|O|1|DEM|108666.61|0|108666.61|0|0|0|0|25634.1|0|0|0|25634.1|83032.51|MN|03||||||0|0|12/31/2024|5700|0
H0MN06051|JUDE, TAD|C|2|REP|380144.48|0|372978.57|0|0|7165.91|25000|0|8800|0|0|5533.17|325199.48|MN|03||||||17000|0|12/31/2024|0|0
H4MN03126|WITTROCK, QUENTIN|O|2|REP|14191|0|14191|0|0|0|2000|0|0|0|0|0|12191|MN|03||||||0|0|05/14/2024|0|0
H4MN03142|PAGE, JAMES JAMIE|O|2|REP|11167.02|0|11200.31|0|95|61.71|2019.6|0|0|0|0|0|9147.42|MN|03||||||0|0|12/31/2024|0|0
H4MN03159|JUDE, TAD|O|2|REP|380144.48|0|372978.57|0|0|7165.91|25000|0|8800|0|0|5533.17|325199.48|MN|03||||||17000|0|12/31/2024|0|0
H4MN03118|MORRISON, KELLY LOUISE|O|3|DFL|2263653.66|23933.88|2238265.11|0|0|25388.55|6600|15000|0|15000|0|0|1926943.45|MN|03||||||284600.01|0|12/31/2024|12450|0
H8MN03143|PHILLIPS, DEAN|I|3|DFL|781655.5|13800.35|957733.99|0|176428.85|350.36|0|0|0|0|0|250000|757992.33|MN|03||||||0|0|12/31/2024|187525|0
H0MN04049|MCCOLLUM, BETTY|I|1|DEM|1789789.09|0|1542549.43|0|307679.11|554918.77|0|0|0|0|0|0|1076598.19|MN|04||||||689250|1916.67|12/31/2024|11834.19|1200
H4MN04132|CASEY, MIKE|C|2|REP|3266.21|0|3266.21|0|0|0|0|0|0|0|0|0|2981.21|MN|04||||||0|0|12/31/2023|255|0
H4MN04157|XIONG, MAY LOR|C|2|REP|95138.59|1500|95138.59|0|0|0|4000|0|0|0|0|0|76334.64|MN|04||||||13300|0|12/31/2024|128.08|0
H4MN05097|GAD, SARAH|C|1|DEM|86810|0|52261.85|0|0|34548.15|0|0|0|0|0|0|86810|MN|05||||||0|0|12/31/2023|0|0
H0MN05251|AL-AQIDI, DALIA|C|2|REP|2270918.5|0|2231999.62|0|0|38918.88|57|0|0|0|0|0|2215178.56|MN|05||||||2000|0|12/31/2024|9466.56|0
H4MN05113|AL-AQIDI, DALIA|C|2|REP|2270918.5|0|2231999.62|0|0|38918.88|57|0|0|0|0|0|2215178.56|MN|05||||||2000|0|12/31/2024|9466.56|0
H2MN05208|SAMUELS, DON MR.|C|3|DFL|1742908.49|0|1775600.33|0|52655.55|19963.71|0|0|0|0|0|0|1726389.65|MN|05||||||16400|0|12/31/2024|99845|0
H4MN05105|PETERSON, TIMOTHY L|C|3|DFL|18322|0|18413|0|0|0|336|13200|0|0|0|0|4786|MN|05||||||0|0|10/01/2024|9744.94|0
H8MN05239|OMAR, ILHAN|I|3|DFL|8335875.08|126353.93|8063370.6|0|51716.15|324220.63|0|0|0|0|0|0|7949065.52|MN|05||||||232667.24|0|12/31/2024|109103.84|1085
H4MN06145|WINKELMAN, AUSTIN D|C|1|DEM|9378.43|0|2420.49|0|-172.8|15659.16|0|0|0|0|0|0|96.22|MN|06||||||0|0|07/24/2024|0|0
H4MN06087|EMMER, THOMAS EARL JR.|I|2|REP|8158685.41|3541103.94|7115860.66|0|645627.08|1688451.83|0|0|0|0|0|0|2088654.11|MN|06||||||2524190|0|12/31/2024|-12132.5|2500
H2MN06214|HENDRICKS, JEANNE MARIE|C|3|DFL|81016.38|0|81032.44|0|180.17|164.11|0|0|14919.23|0|0|120008.26|49274.78|MN|06||||||16653|0|11/25/2024|25|0
H4MN07093|PETERS, ALVIN JOHN 3205946498|C|1|DEM|17603.68|0|9938.94|0|0|-2014.7|0|0|0|0|0|10099.5|10165.5|MN|07||||||188.18|3250|12/31/2024|0|0
H0MN07091|FISCHBACH, MICHELLE|I|2|REP|2016031.04|101009.18|1615955.09|11000|11004.56|411080.51|1020.51|0|0|0|0|0|848441.43|MN|07||||||1064450|0|12/31/2024|3620|1000
H2MN07147|WATSON, ANNETTE|C|2|REP|4312.37|0|2753.16|0|131.93|0|0|3803.6|0|0|0|0|508.77|MN|07||||||0|0|12/31/2024|0|0
H4MN07085|BOYD, STEPHEN|C|2|REP|208733.79|0|208725.41|0|0|8.38|0|5000|0|5000|0|21622|203633.79|MN|07||||||0|0|12/31/2024|7600|0
H8MN08043|STAUBER, PETER ALLEN|I|2|REP|2276284.45|23317.14|2176224.23|0|428433.33|528493.55|0|0|0|0|0|0|1250576.51|MN|08||||||995980.8|2500|12/31/2024|11298.84|0
H2MN08152|SCHULTZ, JENNIFER|C|3|DFL|1255402.35|460.92|1231131.85|0|39416.53|63687.03|0|0|0|0|0|0|1169068.11|MN|08||||||76700|8575.32|12/31/2024|18343|1800
H4MO01134|BELL, WESLEY MR|C|1|DEM|5386197.6|0|4952276.71|0|0|433920.89|100|0|0|0|0|0|5136025.24|MO|01||||||244750|125|12/31/2024|24982|0
H6MO01253|CHAPPELLE-NADAL, MARIA MS.|C|1|DEM|19265|0|18354.58|0|0|910.42|0|0|0|0|0|14214.95|19265|MO|01||||||0|0|12/31/2024|0|0
H8MO01143|BUSH, CORI|I|1|DEM|4165845.57|107000|4154359.26|0|10847.18|22333.49|0|0|0|0|0|1259.22|3790054.97|MO|01||||||206608.5|0|12/31/2024|216624.51|14500
H4MO01142|JONES, ANDREW|C|2|REP|16076.14|0|16076.14|0|0|0|0|0|0|0|0|0|16030.83|MO|01||||||0|0|12/31/2024|369.14|0
H4MO01167|ASHBY, STEPHAN BLAKE|C|3|OTH|63833.16|0|61009.52|0|30023.19|32846.83|0|63833.16|0|0|0|63833.16|0|MO|01||||||0|0|12/31/2024|0|0
H4MO02082|HARTMANN, RAY|C|1|DEM|710024.93|0|678235.73|0|0|31789.2|0|0|0|0|0|0|670224.91|MO|02||||||39400|0|12/31/2024|2110|0
H4MO02090|SUMMERS, CHARLES DAVID|C|1|DEM|45235.34|0|41209.29|2500|0|526.46|0|40000|0|0|0|15000|4300|MO|02||||||0|0|09/15/2024|0|0
H2MO02102|WAGNER, ANN L.|I|2|REP|4328377.17|72597.82|2674627.26|0|1457479.49|3111229.4|0|0|0|0|0|0|2589627.27|MO|02||||||1657759.83|0|12/31/2024|79854.11|26500
H4MO02108|PFEIFER, PETER ANTHONY|C|2|REP|4494.76|0|2492.73|0|50|2052.03|0|0|0|0|0|0|4494.76|MO|02||||||0|0|07/17/2024|0|0
H2MO03159|KARLEN, JONATHAN|O|1|DEM|165|0|0|0|3323.4|3523.4|0|0|0|0|0|0|165|MO|03||||||0|0|06/30/2023|0|0
H2MO03167|MANN, BETHANY|C|1|DEM|38121.42|0|47686.7|0|13992.62|4427.34|0|0|0|3000|0|0|32792.66|MO|03||||||5175|0|12/31/2024|0|0
H4MO03213|COLEMAN, MARY ELIZABETH|O|2|REP|125538.45|0|125538.45|0|0|0|0|0|0|0|0|0|125538.45|MO|03||||||0|0|09/30/2024|89220.72|0
H4MO03221|ONDER, ROBERT FOR JR.|O|2|REP|1778242.31|0|1627798.17|10000|0|150444.14|231.76|900000|0|0|0|900000|654649.56|MO|03||||||222347|0|12/31/2024|2258.56|9995
H4MO03239|SCHAEFER, KURT|O|2|REP|331037.02|0|314267.92|0|0|16769.1|0|0|0|0|0|0|249037.02|MO|03||||||82000|0|12/31/2024|16935.35|7000
H4MO03247|HICKS, JUSTIN|O|2|REP|161738.83|0|158619.13|0|0|32319.7|0|27900|0|23846.92|0|4053.08|133430.66|MO|03||||||0|0|12/31/2024|7100|0
H4MO03270|BOWMAN, BRUCE A DR.|O|2|REP|54450.65|0|54461.06|0|0|0|25|25500|0|3446.3|0|0|28918.33|MO|03||||||0|0|10/04/2024|687.07|0
H4MO04161|BURKS, TAYLOR|O|2|REP|0|0|0|0|0|0|0|0|0|0|0|0|0|MO|03||||||0|0|02/29/2024|0|0
H8MO09153|LUETKEMEYER, W BLAINE|I|2|REP|1393096.59|1243.1|2693424.04|70|1771113.52|470786.07|0|0|0|0|0|0|254403.49|MO|03||||||755450|0|12/31/2024|44009.9|78090.28
H4MO04179|MCCAFFREE, MIKE|C|1|DEM|9603.05|0|11249.59|0|1|-1645.54|0|2644.05|0|2644.05|0|0|6959|MO|04||||||0|0|09/01/2024|50|0
H2MO04207|ALFORD, MARK|I|2|REP|1304136.4|101403.4|1140337.86|0|56642.16|217408.3|0|0|0|0|0|0|602673.46|MO|04||||||594938.83|0|12/31/2024|250|0
H4MO04187|CASS, JEANETTE|C|3|MO|5858.6|0|8333.65|0|0|-1466.44|0|0|0|0|0|5581.49|5843.6|MO|04||||||0|0|12/31/2024|0|0
H4MO05234|CLEAVER, EMANUEL II|I|1|DEM|1385775.6|0|1457206.59|0|961057.81|889626.82|0|0|0|0|0|0|462883.3|MO|05||||||922892.3|0|12/31/2024|0|1000
H4MO05366|SMITH, SEAN|C|2|REP|167517.17|0|165522.17|0|0|1995|432.64|107063.96|0|96311.06|0|10752.9|56720.57|MO|05||||||3000|0|12/31/2024|0|0
H4MO06109|RICHARDSON, ERIK|C|1|DEM|9095.1|0|3513.74|0|0|5606.36|0|0|0|0|0|0|9095.1|MO|06||||||0|0|09/30/2024|0|0
H4MO06125|MAY, PAM|C|1|DEM|19086.67|0|18529.03|0|0|557.64|5243.11|0|0|0|0|0|11805.56|MO|06||||||2033|0|12/31/2024|0|0
H0MO06073|GRAVES, SAMUEL B. JR.|I|2|REP|2787183.53|18467.52|1752968.85|0|1383273.39|2413988.07|0|0|0|0|0|56784.43|865694.71|MO|06||||||1761739.68|0|12/31/2024|2500|2500
H4MO07156|HESKETH, MISSI MS.|C|1|DEM|47168.78|0|37514.6|0|0|5137.79|5|1000|0|0|0|0|33770.39|MO|07||||||300|3850|01/30/2025|50|0
H2MO07143|BURLISON, ERIC|I|2|REP|923026.09|56902.11|503233.8|0|181595.28|601387.57|0|0|0|0|0|0|438101.97|MO|07||||||426152.72|0|12/31/2024|0|0
H4MO07164|ADAIR, JOHN DOUGLAS|C|2|REP|10835.86|0|8451.68|0|0|2975.86|1035.86|9800|0|0|0|13007.4|0|MO|07||||||0|0|08/14/2024|304.68|0
H2MO08091|MCCALLIAN, RANDI MCCALLIAN|C|1|DEM|52669.25|0|60932.29|0|8408.88|145.84|0|3000|0|3000|0|0|47675.26|MO|08||||||1949.99|8|12/31/2024|200|0
H4MO08238|ROTH, FRANKLIN DELANO II|C|1|DEM|34810.02|0|34759.99|0|0|50.03|4000|5859.1|0|0|0|5859.1|23700.92|MO|08||||||1250|0|12/31/2024|0|0
H4MO08162|SMITH, JASON T|I|2|REP|6549798.75|776929.54|4020602.59|0|487947.8|3017143.96|0|0|0|0|0|0|2285776.58|MO|08||||||3480068.13|0|12/31/2024|10900|17200
H4MO08253|HEITHOLD, GRANT|C|2|REP|19230.17|0|15108.37|0|0|4122|14570.3|0|0|0|0|381|4659.87|MO|08||||||0|0|09/06/2024|0|0
H8MP00041|SABLAN, GREGORIO KILILI CAMACHO REP.|I|1|DEM|2151.01|0|27901.19|0|31579.96|5829.78|0|0|0|0|0|0|1650|MP|00||||||500|0|12/31/2024|0|0
H8MP00033| GONZALES, JOHN OLIVER DELOS REYES|C|3|IND|17027.11|0|14995.26|0|0|2031.85|0|0|0|0|0|0|100|MP|00||||||0|0|10/16/2024|0|0
H4MP01048|PROPST, EDWIN KENNETH|C|1|DEM|75213.07|0|66674.04|0|0|8588.01|0|0|0|0|0|0|65313.07|MP|01||||||4900|5000|12/31/2024|350|0
H4MP01022|KING-HINDS, KIMBERLYN KAY|C|2|REP|86429.79|0|80648.07|0|200|5981.72|0|0|0|0|0|0|86429.79|MP|01||||||0|0|12/31/2024|0|0
H2MS01148|BLACK, DIANNE DODSON|C|1|DEM|9759.9|0|19821.33|0|689.65|-11755.27|0|0|0|0|0|0|9759.9|MS|01||||||0|0|11/25/2024|0|0
H6MS01131|KELLY, JOHN TRENT|I|2|REP|1281874.14|37900|998727.89|146450|325712.28|608858.53|0|0|0|0|0|0|584616.67|MS|01||||||655195.09|0|12/31/2024|3400|0
H4MS02068|THOMPSON, BENNIE G.|I|1|DEM|1245200.98|0|1349946.31|0|1730909.56|1626164.23|0|0|0|0|0|0|435270.81|MS|02||||||809372.45|0|12/31/2024|7672.15|4000
H2MS02203|ELLER, RON|C|2|REP|160676.12|0|123525.67|1341.2|0|36729.1|105662|0|0|0|0|0|32565.12|MS|02||||||22449|0|12/31/2024|0|0
H4MS02217|TURCOTTE, TAYLOR|C|2|REP|0|0|0|0|0|0|0|0|0|0|0|0|0|MS|02||||||0|0|02/21/2024|0|0
H8MS03125|GUEST, MICHAEL PATRICK|I|2|REP|925968.2|0|439640.66|0|25017.9|511345.44|0|0|0|0|0|0|416140.77|MS|03||||||508797.8|0|12/31/2024|0|0
H0MS04161|BOYANTON, CARL|C|2|REP|533609.35|0|533609.35|0|0|0|0|509500|0|270000|0|0|17793.78|MS|04||||||5000|0|05/22/2024|120|0
H2MS04258|EZELL, WALTER MICHAEL|I|2|REP|1227959.76|21250|1084766.62|0|8271.91|151465.05|0|0|0|12500|0|0|644867.78|MS|04||||||561841.98|0|12/31/2024|1000|0
H4MS04171|MCGILL, MICHAEL|C|2|REP|9617.32|0|4651.34|0|0|2477.98|0|2625|0|0|0|2625|6992.32|MS|04||||||0|0|03/03/2024|0|0
H2MT02092|TRANEL, MONICA|C|1|DEM|6225655.3|446799.35|6205245.86|0|9885.65|30295.09|11025|0|0|0|0|0|5352238.77|MT|01||||||405180.69|7729.35|12/31/2024|34206.33|1600
H2MT00112|TODD, MARY|C|2|REP|122732.43|0|122732.43|0|0|0|12640|96300|0|13177.18|0|83122.82|13792.43|MT|01||||||0|0|06/30/2024|0|0
H4MT01041|ZINKE, RYAN K|I|2|REP|10117220.53|838449.07|9546737.64|517.34|110048.12|680531.01|0|0|0|0|0|0|7952758.75|MT|01||||||1290717.56|249|12/31/2024|87275.36|4500
H4MT02031|HAMM, KEVIN|O|1|DEM|71856.39|0|71856.39|0|0|0|0|5136.98|0|0|0|5432.21|66649.9|MT|02||||||69.51|0|08/30/2024|0|0
H4MT02056|CABRERA, MING A MR|O|1|DEM|61522|0|61522|0|0|0|0|2740|0|2740|0|0|58782|MT|02||||||0|0|09/30/2024|13200|0
H4MT02148|HELD, STEVE|O|1|DEM|96204|0|96204|0|0|0|650|45000|0|663.01|0|0|50554|MT|02||||||0|0|08/11/2024|30|0
H4MT02155|NEILL, REILLY|C|1|DEM|15824.16|0|9460.78|0|0|6363.38|7507.52|0|0|0|0|0|8316.64|MT|02||||||0|0|09/30/2024|0|0
H0MT00033|REHBERG, DENNIS R|O|2|REP|631425.21|1055.44|631425.21|0|0|0|0|460000|0|300000|0|0|142869.77|MT|02||||||27500|0|09/30/2024|10170.7|0
H2MT02175|AUSTIN, KYLE|O|2|REP|4550|0|4500|0|500|550|4550|0|0|0|0|0|0|MT|02||||||0|0|12/31/2024|0|0
H4MT00050|ROSENDALE, MATT MR.|I|2|REP|1067698.39|297619.83|1365378.51|0|1217772.92|920092.8|0|0|0|0|0|0|582548.66|MT|02||||||187500|0|12/31/2024|236057.15|41200
H4MT01058|ARNTZEN, ELSIE|O|2|REP|893087.96|0|893087.96|0|0|0|1593.36|761500|0|431.9|0|761068.1|122994.6|MT|02||||||7000|0|09/09/2024|25341.41|0
H4MT02064|KRAUTTER, JOEL|O|2|REP|88078.89|0|88078.89|0|0|0|337|6240|0|3430.25|0|0|66501.89|MT|02||||||15000|0|09/24/2024|0|0
H4MT02072|HOLDEN, ARCHIE RODERIC|O|2|REP|51720.86|0|50654.15|0|0|1067|37072.99|0|0|0|0|0|14647.87|MT|02||||||0|0|07/01/2024|0|0
H4MT02098|DOWNING, TROY|O|2|REP|2943575.08|33092.26|2832044.58|0|0|111530.5|2|1085000|0|100000|0|999883.34|1419719.25|MT|02||||||350535.1|0|12/31/2024|18698.36|0
H4MT02106|ZINN, STACY|O|2|REP|154182.2|0|154182.2|0|0|0|106541.96|0|0|0|0|0|45140.24|MT|02||||||2500|0|11/15/2024|0|0
H4MT02114|BOGNER, KEN|O|2|REP|55442.49|0|55442.49|0|0|0|0|0|0|0|0|0|53913.39|MT|02||||||1500|0|09/30/2024|1065|0
H8MT01190|WALKER, EDWARD ALAN|O|2|REP|113963.42|0|109495.54|0|0|4467.88|0|10000|0|10000|0|0|103963.42|MT|02||||||0|0|12/31/2024|13606.05|0
H2NC02287|DAVIS, DON|I|1|DEM|6061265.18|420638.83|5808396.52|334350|17973.08|270841.74|0|0|0|0|0|0|3771941.34|NC|01||||||1843024.47|7814.57|12/31/2024|31297.56|15100
H0NC03149|SMITH, SANDY|C|2|REP|948026.71|0|960672.86|0|12791.01|144.86|0|450000|0|446000|0|180983.66|487161.21|NC|01||||||5000|0|12/31/2024|20052|0
H2NC08235|VILLAVERDE, CHRISTINE|C|2|REP|44225|0|55288.1|0|11063.1|0|0|0|0|19805.84|0|0|44225|NC|01||||||0|0|12/07/2023|0|0
H4NC01137|BUCKHOUT, LAURIE|C|2|REP|4795621.51|623476.69|4769317.96|17089.12|0|26303.55|6600|1713000|0|213000|0|1500000|1933890.21|NC|01||||||515130.79|2199.99|12/31/2024|35606.22|2000
H0NC02125|ROSS, DEBORAH|I|1|DEM|1930246.07|0|1662060.04|565500|469324.36|737510.39|0|0|0|0|0|0|1148574.63|NC|02||||||778045.13|31.3|12/31/2024|9970.62|0
H0NC02158|SWAIN, ALAN D|C|2|REP|33206|0|34107.25|0|1996.67|1095.42|0|0|0|10546.78|0|28411.34|31756|NC|02||||||450|1000|12/31/2024|0|0
H2NC02253|ROBERSON, SANDY|C|2|REP|29020|0|25101.07|0|5507.92|9426.85|0|29020|0|0|0|1032020|0|NC|02||||||0|0|12/31/2024|0|0
H2NC06106|GANORKAR, MAHESH|C|3|UN|5139.75|0|5187.89|0|15292.15|15244.01|4311|0|0|0|0|0|822.6|NC|02||||||0|0|12/31/2024|0|0
H4NC02150|GANORKAR, MAHESH|C|3|UN|5139.75|0|5187.89|0|15292.15|15244.01|4311|0|0|0|0|0|822.6|NC|02||||||0|0|12/31/2024|0|0
H0NC03172|MURPHY, GREGORY FRANCIS DR.|I|2|REP|1939613.96|175196.28|1165664.54|0|809512.87|1583462.29|0|0|0|0|0|0|885200.82|NC|03||||||872700|0|12/31/2024|50973.85|9500
H2NC06114|FOUSHEE, VALERIE|I|1|DEM|695097.87|0|737113.53|172500|127711.25|85695.59|0|0|0|0|0|0|336576.51|NC|04||||||352195.11|0|12/31/2024|2846|2000
H4NC05294|HUBBARD, CHUCK|C|1|DEM|416650.34|0|409254.33|2000|0|7396.01|0|20000|0|0|0|20000|385458.36|NC|05||||||3300|7635|12/31/2024|1209|0
H4NC05146|FOXX, VIRGINIA ANN|I|2|REP|2376260.8|0|1978017.91|2000|2513025.69|2911268.58|0|0|0|0|0|0|1503229|NC|05||||||872381.8|0|12/31/2024|14586.25|0
H4NC05302|MAYBERRY, RYAN|C|2|REP|152381.49|0|156412.43|5206.25|0|33.74|90206|32000|0|0|0|32000|19067.49|NC|05||||||10100|0|09/30/2024|0|0
H4NC06185|CRAIGHILL-MIDDLETON, ANDUIN ELIM|O|1|DEM|9777.09|0|9997.53|0|0|-68|469.28|0|0|0|0|0|4907.81|NC|06||||||0|4400|12/31/2024|0|0
H8NC13067|MANNING, KATHY|I|1|DEM|785012.57|0|988076.08|34500|208376.93|5313.42|0|0|0|250000|0|0|560680.08|NC|06||||||157250|0|12/31/2024|20425|19000
H2NC05157|HINES, ROBERT NICHOLAS|O|2|REP|1476515.72|85896.29|1480494.94|0|4394.32|415.1|2700|862500|0|0|0|2229465.16|508317.03|NC|06||||||0|0|12/31/2024|43822.47|0
H2NC06155|CONTOGIANNIS, MARY ANN DR|O|2|REP|226299|0|229011.83|0|8504.88|5792.05|0|175600|0|0|0|200600|33699|NC|06||||||17000|0|12/31/2024|0|0
H2NC07161|CASTELLI, ROBERT CHRISTIAN|O|2|REP|843118|1370.01|847036.29|0|6689.55|2771.26|0|500000|0|270000|0|570000|322412.14|NC|06||||||19000|0|12/31/2024|8500|0
H4NC06052|WALKER, BRADLEY MARK MR.|O|2|REP|826947.5|0|849590.18|0|22642.68|0|0|0|0|0|0|0|774677.43|NC|06||||||41800|0|12/31/2024|133391.52|0
H4NC06169|WAGNER, JAY|O|2|REP|274510.58|0|274510.58|0|0|0|0|134851.46|0|0|0|0|139159.02|NC|06||||||500|0|10/15/2024|7214.45|0
H4NC06177|MCDOWELL, ADDISON|O|2|REP|933322.68|6847.2|925999.79|0|0|7322.89|0|0|0|0|0|30000|628836.6|NC|06||||||296841.02|0|12/31/2024|27608.81|41.02
H2NC07096|ROUZER, DAVID|I|2|REP|1784469.61|7750.02|1965223.57|0|1616279.67|1435525.71|0|0|0|0|0|0|737144.38|NC|07||||||1037550|1000|12/31/2024|5042.17|3000
H0NC09187|BISHOP, JAMES DANIEL|I|2|REP|324587.12|0|1587707.25|0|1300228.47|37108.34|0|0|0|0|0|0|183488.08|NC|08||||||34019.56|500|12/31/2024|89325|5000
H0NC09203|BROWN, LEIGH|O|2|REP|156928.15|0|190393.67|0|43631.19|10165.67|0|100000|0|0|0|100000|51428.15|NC|08||||||5500|0|12/31/2024|0|0
H4NC08058|BAUCOM, ALLAN|O|2|REP|1395025|0|1387252.41|0|0|7772.59|0|1290000|0|0|0|1290000|101775|NC|08||||||3250|0|12/31/2024|800|0
H4NC08066|HARRIS, MARK E|O|2|REP|837984.14|0|730451.42|0|0|107532.72|1088|75000|0|45000|0|30000|583022.33|NC|08||||||176025|2800|12/31/2024|2300|0
H4NC08074|BROWN, DON|O|2|REP|90297.91|0|89457.3|0|0|840.61|1110|8800|0|0|0|8800|80387.91|NC|08||||||0|0|12/31/2024|406.05|0
H4NC08090|BRADFORD, JOHN R III|O|2|REP|2046259.12|0|2046259.12|0|0|0|1740|1600000|0|78910.66|0|1521089.34|356419.12|NC|08||||||85600|0|12/31/2024|31271.34|3300
H4NC08108|MAPLES, CHRIS|O|2|REP|26360|0|26360|0|0|0|0|20000|0|6705.25|0|0|6360|NC|08||||||0|0|03/22/2024|0|0
H4NC09171|BRISTOW, NIGEL WILLIAM|C|1|DEM|31339.93|0|31056.08|0|0|-524.91|0|0|0|0|0|0|25749.26|NC|09||||||0|5575|12/31/2024|4100|0
H2NC08185|HUDSON, RICHARD L. JR.|I|2|REP|3952795.91|606404.55|4757025.68|6620.13|1435963.06|631733.29|0|0|0|0|0|0|1273708.1|NC|09||||||2019775|0|12/31/2024|-5200|7000
H4NC09163|ETCHISON, SHELANE|C|3|UN|358874.03|0|353487.26|0|0|5386.77|0|125958.46|0|0|0|125958.46|230315.57|NC|09||||||2600|0|12/31/2024|0|0
H2NC13243|HARRIGAN, PAT|O|2|REP|1915655.19|49113.96|1936861.45|0|74047.61|52841.35|0|503000|0|453409.1|0|99590.9|961205.43|NC|10||||||392300|0|12/31/2024|13594|0
H4NC10047|MCHENRY, PATRICK TIMOTHY|I|2|REP|2203813.61|600775.41|2519830.44|0|2123375.72|1807358.89|0|0|0|0|0|0|680863.51|NC|10||||||900300|0|12/31/2024|212800|117300
H4NC10112|MILLS, GREY|O|2|REP|1537315.3|0|1537315.3|0|0|0|0|1190000|0|37040.38|0|1152959.62|271234.87|NC|10||||||52000|0|12/31/2024|33801|0
H4NC10120|MCGOWAN, ANGELYNN BROOKE|O|2|REP|21182.74|0|20860.59|0|0|322.15|1076.63|0|0|0|0|20224.61|20106.11|NC|10||||||0|0|12/31/2024|0|0
H4NC10138|ELLER, CHARLES IVEY MR.|O|2|REP|18376|0|18376|0|0|0|0|10000|0|1119.38|0|8880.62|8376|NC|10||||||0|0|06/30/2024|0|0
H4NC10195|HELM, MARSHALL TODD|O|3|CON|24657.29|0|24226.2|1250|0|431.09|0|12959.29|0|0|0|12959.29|6653|NC|10||||||5000|0|12/31/2024|0|0
H4NC10146|FELDMAN, STEVEN|O|3|LIB|181428.64|0|164167|0|0|17261.64|167583.14|0|0|0|0|0|13845.5|NC|10||||||0|0|12/31/2024|0|0
H4NC10153|WARREN, DARREN|O|3|UN|5032.97|0|5032.97|0|0|0|3902.97|1005|0|135|0|14.48|125|NC|10||||||0|0|03/11/2024|0|0
H4NC11102|RUDOW, CALEB|C|1|DEM|645960.29|0|620895.51|0|0|25064.78|100|0|0|0|0|0|634423.71|NC|11||||||7025|0|12/31/2024|1245|0
H2NC14050|EDWARDS, CHUCK|I|2|REP|1442893.38|421616.69|1432022.21|0|97892.87|108764.04|0|0|0|229500|0|0|542026.69|NC|11||||||478000|0|12/31/2024|781.82|0
H4NC11094|REAGAN, CHRISTIAN|C|2|REP|35530.06|0|35523.09|0|0|6.97|2911.69|14684.22|0|0|0|14684.22|17934.15|NC|11||||||0|0|12/31/2024|0|0
H4NC12100|ADAMS, ALMA SHEALEY|I|1|DEM|715498.2|0|685531.13|210250|543442.3|573409.37|0|0|0|0|0|0|199253.7|NC|12||||||516244.49|0|12/31/2024|560|0
H4NC12175|ALI, ADDUL RAHMAN EL|C|2|REP|48917.57|0|48917.57|0|0|0|0|0|0|0|0|0|42141.89|NC|12||||||3975.2|2800|11/25/2024|332.51|500
H2NC07203|PARRISH, BERNARD KYLE|O|1|DEM|2392.43|0|10725.8|250|8333.37|0|276.43|0|0|0|0|10500|1866|NC|13||||||0|250|09/30/2024|0|0
H2NC14019|NICKEL, WILEY|I|1|DEM|2383094.47|0|1731102.48|0|36999.17|688991.16|3018.2|765000|0|792091.99|0|926858.01|867468.46|NC|13||||||737073.34|1554.43|12/31/2024|28306.98|49000
H4NC13157|PIERCE, FRANK|O|1|DEM|37167.56|0|35806.6|0|0|1335.96|0|560|0|0|0|560|27947.61|NC|13||||||4250|4400|12/31/2024|0|0
H2NC04168|BARBOUR, DEVAN IV|O|2|REP|307411.02|0|316874.7|0|11397.44|1933.76|4740.02|85000|0|6692.74|0|261117.26|217671|NC|13||||||0|0|12/31/2024|22700|0
H4NC01129|VON CANON, FRED|O|2|REP|3332387|0|3328980.16|0|0|3406.84|0|3200500|0|230000|0|2970500|124887|NC|13||||||7000|0|12/31/2024|6600|0
H4NC02143|XU, KENNY|O|2|REP|171523.28|0|171523.28|0|0|0|100|0|0|0|0|0|170879.52|NC|13||||||236.36|0|05/22/2024|11410.41|0
H4NC13066|MCCONKEY, JOSH|O|2|REP|601739.42|0|587718.84|0|12.15|14032.73|48|340000|0|0|0|340100|235124.42|NC|13||||||26500|0|12/31/2024|10255|5000
H4NC13074|SHOEMAKER, MATT|O|2|REP|111577|0|111577|0|0|0|24768.54|67870.75|0|1140.69|0|66730.06|18937.71|NC|13||||||0|0|12/31/2024|0|0
H4NC13082|PARE, ERIN|O|2|REP|613185|0|613185|0|0|0|0|400000|0|400000|0|0|212185|NC|13||||||1000|0|06/30/2024|166400|500
H4NC13116|KNOTT, BRAD|O|2|REP|2473895.81|4733.93|2456635.71|0|0|17260.1|0|780000|0|19517.29|0|760482.71|1319843.89|NC|13||||||369317.29|0|12/31/2024|4820|0
H4NC13124|DIXON, DAVID MR.|O|2|REP|13000|0|10972.59|0|0|2027.41|1200|10000|0|0|0|10000|1800|NC|13||||||0|0|03/31/2024|0|0
H4NC13140|DAUGHTRY, KELLY|O|2|REP|4507302.43|0|4507302.43|0|0|0|20120.71|4300000|0|492284.78|0|0|143188.97|NC|13||||||6500|0|08/13/2024|13000|1500
H2NC14076|JACKSON, JEFF|I|1|DEM|891839.08|0|971904.91|0|80065.83|0|0|0|0|0|0|0|616380.53|NC|14||||||176651.95|350|09/20/2024|13215|28500
H4NC14023|GENANT, PAMELA|O|1|DEM|50829.38|0|43172.14|0|0|7657.24|0|600|0|600|0|0|41129.96|NC|14||||||2514.42|6560|12/31/2024|0|0
H4NC14031|MAGINNIS, BRENDAN KYRAN|O|1|DEM|40255|0|40255|0|0|0|0|36985|0|0|0|36985|3270|NC|14||||||0|0|03/31/2024|0|0
H2NC12278|JOSEPH, NALINI|O|2|REP|5487.37|0|6834.5|0|4900.09|3552.96|0|0|0|0|0|0|5487.37|NC|14||||||0|0|12/31/2024|0|0
H4NC12167|LEVINSON, ERIC|O|2|REP|471184.66|0|439962.01|0|0|31222.65|10105.3|272000|0|272000|0|0|189079.36|NC|14||||||0|0|12/31/2024|43236.24|0
H4NC14015|MOORE, TIM|O|2|REP|2399255.27|242857.64|1475688.71|0|0|923566.56|0|0|0|0|0|0|1784636.17|NC|14||||||370500|0|12/31/2024|44000|1800
H4ND01044|HAMMER, TRYGVE|O|1|DEM|1174195.59|0|1164239|0|0|9956.59|0|0|0|0|0|0|1161589.67|ND|00||||||12120|400|12/31/2024|11815.1|0
H2ND01022|MUND, CARA|O|2|REP|26472.35|0|40333.92|0|15538.44|1676.87|7000|0|0|0|0|0|17448|ND|00||||||0|0|12/31/2024|0|0
H4ND00053|BECKER, RICK|O|2|REP|988330.42|0|987168.58|0|0|1161.84|0|550000|0|349000|0|201000|395328.58|ND|00||||||38051|0|12/31/2024|46940|0
H4ND00061|FEDORCHAK, JULIE|O|2|REP|1979067.01|89841.44|1649739.07|0|0|329327.94|0|0|0|0|0|0|1331059.57|ND|00||||||556166|0|12/31/2024|3000|5000
H4ND00079|BALAZS, ALEX|O|2|REP|133289.13|0|133289.13|0|0|0|0|113030.24|0|46603.96|0|66426.28|16958.89|ND|00||||||3300|0|12/31/2024|0|0
H4ND01051|CAMPBELL, THOMAS SCOTT|O|2|REP|52600|0|48034.58|0|0|4565.42|0|50000|0|0|0|0|2600|ND|00||||||0|0|07/18/2024|0|0
H8ND00096|ARMSTRONG, KELLY|I|2|REP|893118.45|48381.7|1170382.15|0|277263.7|0|0|0|0|158988.29|0|0|248993.87|ND|00||||||591731.16|0|12/04/2024|33350|36000
H4NE01189|BLOOD, CAROL|C|1|DEM|129104.43|0|127583.16|0|0|1521.27|45|0|0|0|0|0|116996.93|NE|01||||||11900|50|12/31/2024|445|0
H2NE01118|FLOOD, MIKE|I|2|REP|2005390.45|62206|1791480.44|0|6871.76|220781.77|0|0|0|0|0|102053.5|1033441.99|NE|01||||||908881.4|0|12/31/2024|0|0
H2NE02132|VARGAS, ANTHONY 'TONY'|C|1|DEM|7515611.35|130369.44|7487835.3|0|53388.23|81164.28|6600|0|0|0|0|0|6659264.45|NE|02||||||709888.09|9489.37|12/31/2024|82338.61|0
H4NE02096|FREI, DANIEL EDWARD|C|2|REP|139834|0|138602.28|0|0|1231.72|0|8100|0|0|0|8100|124634|NE|02||||||7100|0|12/31/2024|3400|0
H6NE02125|BACON, DONALD J|I|2|REP|6358739.35|921398.27|6174541.22|3211.56|14235.5|198433.63|4217.93|0|0|0|0|0|3235410.5|NE|02||||||2194880|0|12/31/2024|24032.41|5000
H4NE03078|WALZ, JOHN|C|2|REP|33135.1|0|37817.21|0|0|765.64|0|10000|0|0|0|0|23135.1|NE|03||||||0|0|12/31/2024|0|0
H6NE03115|SMITH, ADRIAN|I|2|REP|1996681.41|24238.66|1982984.46|0|914536.05|928233|0|0|0|0|0|0|455652.43|NE|03||||||1457609.26|0|12/31/2024|0|1000
H8NH01210|PAPPAS, CHRIS|I|1|DEM|4069100.41|41983.79|3774742.48|0|113226.3|407584.23|0|0|0|0|0|0|2722901.15|NH|01||||||1277252.31|10000|12/31/2024|4283.42|0
H2NH01304|PRESCOTT, RUSSELL|C|2|REP|1505457.35|262728.08|1306264.26|129534.16|532.72|199725.81|0|450000|0|0|0|800000|686051.6|NH|01||||||94700|4500|12/31/2024|11537.81|1400
H4NH01268|NOVELETSKY, HOLLIE T.|C|2|REP|521212.91|0|518625.57|0|0|2587.34|0|165000|0|0|0|165000|343712.91|NH|01||||||12500|0|12/31/2024|24700|0
H4NH01276|BRIGHT, CHRIS|C|2|REP|294054.85|0|292206.62|0|0|1848.23|11778.27|205000|0|18500|0|186500|75771.37|NH|01||||||1500|0|12/31/2024|16600|0
H4NH01284|MCFARLANE, WALTER JAMES III|C|2|REP|334129.77|0|332147.27|0|0|1982.5|3156.72|242000|0|64500|0|177500|88973.05|NH|01||||||0|0|12/31/2024|0|0
H4NH01292|LEVASSEUR, JOSEPH|C|2|REP|141610|0|18299.11|3380.11|0|123907.89|0|100000|0|0|0|122853.11|41610|NH|01||||||0|0|12/31/2024|0|0
H0NH02181|KUSTER, ANN MCLANE|I|1|DEM|1731702.12|1707.16|1561659.9|0|146137.74|316179.96|0|0|0|0|0|0|942726.51|NH|02||||||753633.5|276.24|12/31/2024|163609|84500
H4NH02332|VAN OSTERN, KEVIN COLIN|O|1|DEM|1574893.43|0|1574893.43|0|0|0|20466.77|0|0|0|0|0|1481625.84|NH|02||||||69900|0|09/30/2024|230765.25|13000
H4NH02365|WHITLEY, REBECCA G|O|1|DEM|140425.79|0|140425.79|0|0|0|0|0|0|0|0|0|140424.8|NH|02||||||0|0|08/28/2024|42785|0
H4NH02399|GOODLANDER, MAGGIE|O|1|DEM|4358978.46|33324.1|4300980.61|0|0|57997.85|3640.42|0|0|0|0|0|3928838.51|NH|02||||||392933|105.75|12/31/2024|34965|1000
H4NH02407|NEENOS, JASON|O|1|DEM|9780|0|9780|0|0|0|0|0|0|0|0|0|9780|NH|02||||||0|0|06/30/2024|500|0
H2NH02260|WILLIAMS, LILY TANG|O|2|REP|881771.24|0|783084.55|0|30792.91|129479.6|20000|160000|0|160000|0|0|650977.86|NH|02||||||46000|200|12/31/2024|4458.27|0
H4NH02324|WAGNER, PAUL MICHAEL|O|2|REP|6279.2|0|5693.3|0|0|585.9|5729.2|0|0|0|0|0|550|NH|02||||||0|0|08/21/2024|0|0
H4NH02373|MANSHARAMANI, VIKRAM|O|2|REP|539918.85|0|491057.29|0|10526.23|59387.79|6655.85|0|0|0|0|243377.5|506613|NH|02||||||26650|0|12/31/2024|118000|0
H4NH02381|HAMLEN, WILLIAM P|O|2|REP|849298.46|132215.9|849296.34|0|0|2.12|0|700000|0|0|0|700000|7986.56|NH|02||||||0|0|12/31/2024|0|25702.37
H4NJ01084|NORCROSS, DONALD W|I|1|DEM|2200275.83|0|1049735.64|0|556948.14|1707488.33|0|0|0|0|0|0|1061942.93|NJ|01||||||1101975|0|12/31/2024|1500|0
H2NJ01187|GALDO, DAMON M|C|2|REP|17592.78|0|17739.09|0|215.1|68.79|5|2500|0|0|0|5925.39|15054|NJ|01||||||0|0|12/31/2024|0|0
H4NJ01183|WHITELOCK, NICHOLAS|C|2|REP|0|0|4000|0|0|-4000|0|0|0|0|0|0|0|NJ|01||||||0|0|12/31/2023|0|0
H4NJ01209|LIDDELL, THEODORE M.|C|2|REP|27218.05|0|26167.45|0|0|1050.6|17243.05|0|0|0|0|0|9974.43|NJ|01||||||0|0|12/31/2024|0|0
H2NJ02193|ALEXANDER, TIMOTHY|C|1|DEM|195518.2|0|196850.09|0|14871.57|13589.68|0|19000|0|5000|0|31360|174347.1|NJ|02||||||2100|0|12/31/2024|100|0
H2NJ02219|RUSH, CAROLYN|C|1|DEM|125579|0|126439.03|0|860.03|0|0|100000|0|0|0|105000|25579|NJ|02||||||0|0|07/19/2024|0|0
H4NJ02207|SALERNO, JOE|C|1|DEM|1742454.22|0|1705654.38|0|0|36799.84|20154.61|753277.54|0|0|0|774734.29|912368.05|NJ|02||||||53050|0|12/31/2024|17515|0
H8NJ02166|VAN DREW, JEFF MR|I|2|REP|3233277.47|95582.79|2950258.37|0|479411.3|762430.4|0|0|0|0|0|0|2675941.97|NJ|02||||||441375|0|12/31/2024|12615.63|2300
H4NJ03080|CONAWAY, HERB MD|C|1|DEM|1353247.91|23285.51|1315833.57|0|0|37414.34|0|0|0|0|0|23595.41|878820.61|NJ|03||||||445850.02|0|12/31/2024|1811.5|0
H4NJ03205|MURPHY, CAROL|O|1|DEM|191668.04|0|189111.64|0|0|2556.4|0|0|0|0|0|80113.07|170042.98|NJ|03||||||21000|0|12/31/2024|0|0
H4NJ03213|COHN, JOSEPH|O|1|DEM|144919.63|0|144919.63|0|0|0|512.63|20000|0|4927.03|0|0|120907|NJ|03||||||3500|0|07/18/2024|25850|0
H4NJ03221|SCHOENGOOD, SARAH|O|1|DEM|59508.34|0|61344.57|0|0|-1836.23|1000|41200|0|0|0|41200|16308.34|NJ|03||||||1000|0|12/31/2024|0|0
H4NJ03262|SCHKEEPER, BRIAN|O|1|DEM|15821.65|0|16119.36|0|0|-297.71|1525.65|0|0|0|0|0|14296|NJ|03||||||0|0|06/30/2024|55|0
H8NJ03206|KIM, ANDY|I|1|DEM|12441003.62|578909.18|11981836.13|0|162532.59|621700.08|0|0|0|0|0|0|11094385.53|NJ|03||||||725533.82|0|12/31/2024|223028.93|5018.54
H2NJ03316|SOBOCINSKI, GREGORY|O|2|REP|20750|0|21499.66|0|749.66|0|1200|9700|0|0|0|9700|9850|NJ|03||||||0|0|12/31/2024|0|0
H4NJ03171|MAIA-CUSICK, SHIRLEY|O|2|REP|408565.03|0|408565.03|0|0|0|0|337311.58|0|0|0|0|71253.45|NJ|03||||||0|0|11/25/2024|0|0
H4NJ03239|MOHAN, RAJESH|O|2|REP|422972.73|0|422738.34|0|0|234.39|0|231000|0|0|0|231000|191967.76|NJ|03||||||0|0|12/31/2024|0|0
H4NJ03270|WYNN, DOUGLAS|O|3|IND|6686|0|2987.89|0|0|3698.11|0|0|0|0|0|0|0|NJ|03||||||0|0|12/31/2024|0|0
H2NJ04215|JENKINS, MATTHEW|C|1|DEM|44774.79|0|50310.47|0|3311.91|-2223.77|0|0|0|0|0|0|44774.79|NJ|04||||||0|0|12/31/2024|0|0
H8NJ04014|SMITH, CHRISTOPHER H|I|2|REP|838736.82|44881.45|701104.91|63000|226433.26|364065.17|0|0|0|0|0|0|489738.53|NJ|04||||||300025|3200|12/31/2024|200|0
H4NJ09095|WILDES, MICHAEL|C|1|DEM|49861.49|0|357.85|0|875419.81|924923.45|0|0|0|0|0|0|0|NJ|05||||||0|0|12/31/2024|0|0
H6NJ05171|GOTTHEIMER, JOSH|I|1|DEM|10246423.95|258631.76|2879879.11|0|13345948.22|20712493.06|0|0|0|0|0|0|6661250.49|NJ|05||||||1785140.01|0|12/31/2024|135450.16|1000
H4NJ05150|GUINCHARD, MARY JO-ANN|C|2|REP|330121.09|84926.09|328206.37|0|0|1914.72|0|233000|0|0|0|241038.9|6595|NJ|05||||||5600|0|12/31/2024|0|0
H4NJ05168|SONG, GEORGE|C|2|REP|13208.48|0|12748.34|0|0|460.14|0|0|0|0|0|0|13208.48|NJ|05||||||0|0|12/31/2024|0|0
H0NJ06214|HSU, JOHN|C|1|DEM|6182.86|0|9261.06|200|3078.2|0|0|1925.86|0|0|0|1925.86|4257|NJ|06||||||0|0|12/31/2024|1000|0
H8NJ03073|PALLONE, FRANK JR|I|1|DEM|3462887.15|0|3077719.91|0|2686743.08|3071910.32|0|0|0|0|0|0|1295550.79|NJ|06||||||2058500|0|12/31/2024|5500|1500
H4NJ06133|FEGLER, SCOTT MICHAEL MR.|C|2|REP|109023.45|0|109023.45|0|0|0|0|31270|0|722.41|0|0|77348.45|NJ|06||||||250|0|11/25/2024|0|0
H4NJ06166|AKHTAR, FAHAD|C|3|OTH|27931.27|0|41264.64|0|0|0|7846.08|0|0|0|0|0|20085.19|NJ|06||||||0|0|12/31/2024|0|0
H4NJ07107|ALTMAN, SUSAN COPIUS|C|1|DEM|6252517.05|380345.42|6241501.33|0|0|11015.72|0|0|0|0|0|0|5390086.1|NJ|07||||||451837.83|11945.66|12/31/2024|46538.79|250
H4NJ07115|SIGNORELLO, JOSEPH III|C|1|DEM|132510.69|18191.75|132510.69|0|0|0|31244.19|0|0|0|0|0|83074.75|NJ|07||||||0|0|12/31/2023|0|0
H4NJ07123|BLAZAKIS, JASON|C|1|DEM|452785.33|0|452785.33|0|0|0|71600|0|0|0|0|0|363104.59|NJ|07||||||5000|0|04/29/2024|150875|0
H4NJ07131|VARTAN, GREGORY III|C|1|DEM|87248|0|59138.37|0|0|28109.63|0|0|0|0|0|0|87248|NJ|07||||||0|0|12/31/2024|9900|0
H0NJ07261|KEAN, THOMAS H. JR.|I|2|REP|6023132.92|1157213.75|6068925.14|5656.02|94078.89|48286.67|6600|0|0|0|0|7295.7|3382308.65|NJ|07||||||1392832.78|20000|12/31/2024|64098.09|23497.61
H2NJ08232|MENENDEZ, ROBERT J.|I|1|DEM|2384982.94|0|2463492.82|0|355195.44|276685.56|0|0|0|0|0|0|1558693.85|NJ|08||||||822382.79|0|12/31/2024|8713.34|3500
H4NJ07149|BHALLA, RAVI|C|1|DEM|2213858.42|0|2213858.42|0|0|0|0|0|0|0|0|0|2202084.19|NJ|08||||||10000|0|11/25/2024|81894.92|2500
H4NJ08105|JASEY, KYLE FORT|C|1|DEM|51350.3|0|42385.25|0|0|8965.05|0|0|0|0|0|0|51180|NJ|08||||||0|0|03/31/2024|0|0
H4NJ08121|VALDES, ANTHONY|C|2|REP|7559.58|0|7559.58|0|0|0|100|0|0|0|0|0|7459.58|NJ|08||||||0|0|12/31/2024|0|0
H4NJ09178|KHAIRULLAH, MOHAMED T.|O|1|DEM|404620.21|0|394470.82|0|0|10149.39|0|0|0|0|0|0|400120.21|NJ|09||||||1500|0|12/31/2024|4750|0
H4NJ09186|WIMBERLY, BENJIE E.|O|1|DEM|12182|0|7027.28|0|0|5154.72|0|0|0|0|0|0|12182|NJ|09||||||0|0|12/31/2024|0|0
H4NJ09194|POU, NELIDA|C|1|DEM|642843.46|0|490369.9|0|0|152473.56|1000|0|0|0|0|10000|316010.45|NJ|09||||||325833|0|12/31/2024|1000|1000
H6NJ08118|PASCRELL, WILLIAM J. JR.|I|1|DEM|1271401.16|0|1643811.8|0|1361044.87|988634.23|0|0|0|0|0|16961.75|556919.28|NJ|09||||||704425|0|12/31/2024|1703|-500
H8NJ09120|HENRY, WILLIAM OSCAR|O|1|DEM|0|0|1250.69|0|1758.8|508.11|0|0|0|0|0|0|0|NJ|09||||||0|0|05/05/2024|0|0
H0NJ09200|PREMPEH, WILLIAM SREBOE|O|2|REP|49755.61|0|48802.89|0|29058.91|192.89|1230|0|0|0|0|0|48175.61|NJ|09||||||350|0|12/31/2024|0|0
H4NJ09137|MICCO, VINCENT MR|O|2|REP|18943|0|34837.46|0|15894.46|0|0|0|0|0|0|0|18943|NJ|09||||||0|0|09/30/2023|0|0
H4NJ09160|CASTILLO, HECTOR L DR|O|2|REP|97550|0|97375.37|0|0|174.63|0|88450|0|0|0|88450|9100|NJ|09||||||0|0|12/31/2024|0|0
H0NJ10208|MAZO, EUGENE|C|1|DEM|0|0|1231.75|0|8524.94|7293.19|0|0|0|0|0|0|0|NJ|10||||||0|0|12/31/2024|0|0
H2NJ07242|FLORA, JOHN|C|1|DEM|0|0|235|0|0|-235|0|0|0|0|0|0|0|NJ|10||||||0|0|03/31/2023|0|0
H2NJ10154|PAYNE, DONALD M MR. JR|I|1|DEM|440639.66|0|479393.97|0|48350.07|280.76|0|0|0|0|0|0|166996.21|NJ|10||||||267408.25|0|06/30/2024|35|4900
H4NJ10168|GODFREY, DARRYL|C|1|DEM|146899.79|0|146899.79|0|0|0|65489.79|2300|0|0|0|0|77610|NJ|10||||||0|0|08/12/2024|6505|0
H4NJ10176|MCIVER, LAMONICA|C|1|DEM|647863.29|0|484650.82|0|0|163212.47|0|1025.01|0|0|0|0|420778.28|NJ|10||||||226050|0|12/31/2024|10734.78|0
H4NJ10184|MELIUS, SHANA|C|1|DEM|18126.71|0|12755.31|0|1500|6871.4|0|10000|0|0|0|10000|8126.71|NJ|10||||||0|0|12/31/2024|0|0
H4NJ10192|CLAYBROOKS, BRITTANY|C|1|DEM|15471|0|15182.5|0|0|288.5|0|0|0|0|0|18152.44|15471|NJ|10||||||0|0|12/31/2024|0|0
H4NJ10200|ARMSTEAD, DEREK|C|1|DEM|119120|0|119352.39|0|0|-232.39|0|19000|20000|0|0|51100|80120|NJ|10||||||0|0|12/31/2024|2000|0
H4NJ10226|GORDON, ALBERTA|C|1|DEM|12882|0|958.35|0|-59.96|11863.69|0|4500|0|0|0|4500|8382|NJ|10||||||0|0|06/30/2024|0|0
H4NJ10135|BUCCO, CARMEN|C|2|REP|20817.07|0|20817.07|0|0|0|325|0|0|0|0|0|14992.07|NJ|10||||||500|5000|11/15/2024|0|0
H4NJ10143|HERNANDEZ, RAMON|C|2|REP|0|0|0|0|0|0|0|0|0|0|0|0|0|NJ|10||||||0|0|03/31/2024|0|0
H8NJ11142|SHERRILL, MIKIE|I|1|DEM|4557540.15|275446.07|4991670.89|1667|618196.25|184065.51|0|0|0|0|0|0|3281322.3|NJ|11||||||873576.55|0|12/31/2024|30484.15|-700
H4NJ11133|BARSOOM, RAAFAT|C|2|REP|22123|0|22123|0|0|0|3|22000|0|0|0|0|120|NJ|11||||||0|0|06/30/2024|0|0
H4NJ11141|BELNOME, JOSEPH|C|2|REP|235275.8|456.27|235275.8|0|0|0|0|139000|0|139000|0|0|81785.45|NJ|11||||||14034.08|0|12/31/2024|0|0
H4NJ11158|SAUERS, JOHN|C|2|REP|5104.1|0|3699.01|0|0|1405.09|0|0|0|0|0|0|5104.1|NJ|11||||||0|0|06/30/2024|0|0
H4NJ12149|COLEMAN, BONNIE WATSON|I|1|DEM|955739.86|0|985003.69|0|68641.92|39378.09|0|0|0|0|0|0|401537.2|NJ|12||||||553917.65|0|12/31/2024|25068.51|1000
H4NJ12198|DART, DANIEL|C|1|DEM|159281.56|0|156422.16|50|0|2659.4|0|121074.21|0|0|0|121074.21|38156|NJ|12||||||0|0|12/31/2024|0|0
H2NJ12127|MAYFIELD, DARIUS|C|2|REP|71530.15|0|77595.57|0|6196.91|131.49|0|9400|0|4750|0|4650|54933.59|NJ|12||||||7175|0|12/31/2024|75|0
H2NM01144|STANSBURY, MELANIE|I|1|DEM|1353281|45875|1218912.86|0|11340.52|145708.66|0|0|0|0|0|0|961451.84|NM|01||||||339359|553.21|12/31/2024|4000.43|0
H2NM01367|SANCHEZ, LOUIE|C|2|REP|28345.57|0|28345.57|0|0|0|0|28070.57|0|23851.35|0|0|275|NM|01||||||0|0|06/30/2024|0|0
H4NM01140|JONES, STEVE|C|2|REP|216986.63|0|191416.11|0|10.66|25581.18|0|192554.08|0|0|0|192554.08|21132.55|NM|01||||||3300|0|12/31/2024|0|0
H2NM01235|ARAGON, EDDY|C|3|IND|0|0|446.03|0|446.03|0|0|0|0|0|0|0|0|NM|01||||||0|0|09/25/2024|0|0
H2NM02191|VASQUEZ, GABRIEL|I|1|DEM|7040626|391223.41|7024317.6|0|22776.73|39085.13|0|0|0|0|0|0|5307622.94|NM|02||||||1318450.12|10000|12/31/2024|62183.6|8297.62
H8NM02156|HERRELL, STELLA YVETTE|C|2|REP|4475628.35|720054.65|4563150.29|2250|107106.16|19584.22|0|0|0|0|0|0|3011980.37|NM|02||||||684958.21|5500|12/31/2024|70423.37|8612.3
H0NM03102|LEGER FERNANDEZ, TERESA|I|1|DEM|2123599.55|48975|1748502|378450.95|36320.02|407925.57|0|0|0|0|0|0|1720654.63|NM|03||||||344450|53.21|12/31/2024|9039.29|0
H4NM03096|CLAHCHISCHILLIAGE, SHARON|C|2|REP|87912.28|0|87398.05|0|0|514.23|0|0|0|0|0|3232.5|73223.3|NM|03||||||14637.05|0|12/31/2024|270.7|3123.05
H8NV03036|TITUS, DINA|I|1|DEM|2436548.88|27822.89|2454387.4|0|173202.08|155363.56|0|0|0|0|0|0|1369087.85|NV|01||||||1031580.45|7954.94|12/31/2024|5133.29|4000
H2NV03153|ROBERTSON, MARK|C|2|REP|401643.87|4277.37|560978.16|0|169030.62|9696.33|100|92344.34|0|92344.34|0|0|279320.03|NV|01||||||25600|0|12/31/2024|20490.53|0
H4NV01203|LARSEN, FLEMMING|C|2|REP|1903158.01|26914.43|1903014.95|12265.85|0|0|6570.08|1550000|0|1359000|0|0|284074.08|NV|01||||||5115.39|0|12/31/2024|54077|1700
H4NV01237|BORIS, MICHAEL|C|2|REP|30781.35|0|30781.35|0|0|0|0|23992.79|0|240|0|23752.79|6788.56|NV|01||||||0|0|12/31/2024|0|0
H4NV01211|QUINCE, RONALD|C|3|NON|1509737.77|0|1513980.57|0|4242.8|0|0|1500000|0|0|0|1500000|9737.77|NV|01||||||0|0|12/31/2024|0|0
H2NV02395|AMODEI, MARK EUGENE|I|2|REP|1297832.06|61568.16|1216445.1|50000|279653.65|361040.61|0|0|0|0|0|9000|680837.42|NV|02||||||551600.01|2500|12/31/2024|19450|0
H4NV02193|SIMON, FRED JOSEPH JR MD|C|2|REP|35528.08|0|98189.22|0|49539.07|-13814.07|0|0|0|0|0|49752.07|35528.08|NV|02||||||0|0|07/15/2024|0|0
H4NV02185|KIDD, GREG|C|3|IND|9201825.03|0|9140023.39|0|0|61801.64|0|9200000|0|500000|0|8700000|0|NV|02||||||0|0|12/31/2024|0|0
H6NV04020|LEE, SUSIE|I|1|DEM|6071959.21|312406.6|5642671.43|0|37366.76|466654.54|0|0|0|0|0|0|4217867.76|NV|03||||||1481185.39|10048.38|12/31/2024|42852.79|12000
H2NV04029|SCHWARTZ, DANIEL MARK|C|2|REP|922043.37|0|922043.37|0|0|0|0|900000|0|36900.58|0|0|22043.37|NV|03||||||0|0|09/30/2024|0|0
H4NV03159|HELGELIEN, ELIZABETH NICOLE|C|2|REP|300804.4|0|300804.4|0|0|0|9402.45|848.72|0|0|0|0|284169.17|NV|03||||||6100|0|07/31/2024|21200|1000
H4NV03167|JOHNSON, DREW|C|2|REP|1506098.9|119259.06|1491415.17|85256.41|0|14683.73|0|722400|0|527400|0|207059.27|496836.7|NV|03||||||163083.76|0|12/31/2024|3441.41|1300
H4NV03183|KASAMA, HEIDI|C|2|REP|479825.54|0|479825.54|0|0|0|0|300000|0|300000|0|0|157825.54|NV|03||||||22000|0|05/13/2024|24851.88|12000
H4NV03225|O'DONNELL, MARTY|C|2|REP|1246755.62|0|1246755.62|0|0|0|0|1200000|0|160.87|0|0|46421.87|NV|03||||||0|0|07/30/2024|494.09|0
H2NV04011|HORSFORD, STEVEN ALEXZANDER|I|1|DEM|5441412.69|108155|5497224.6|0|62102.42|6290.51|0|0|0|0|0|155476.99|2742293.7|NV|04||||||2541047.83|9964.39|12/31/2024|40008.11|15000
H4NV04108|FLIPPO, DAVID|C|2|REP|1013563.56|1300|1009402.35|9400|0|4161.21|699424|85500|0|0|0|85500|213324.33|NV|04||||||9000|0|12/31/2024|58500|0
H4NV04116|LEE, JOHN|C|2|REP|1677950.55|0|1676847.62|0|0|1102.93|0|1040000|0|0|0|1040000|595400.55|NV|04||||||37250|5000|12/31/2024|13448.77|0
H4NY01139|GAUGHRAN, JAMES F|C|1|DEM|202794.11|0|131548.22|0|0|71245.89|0|0|0|0|0|0|192029.99|NY|01||||||10764.12|0|12/31/2024|13705.74|5014.12
H4NY01154|HERSKOWITZ, CRAIG|C|1|DEM|259107.3|0|232993.3|0|0|26114|5990.5|200000|0|114400|0|85600|50778.79|NY|01||||||500|0|03/31/2024|1500|0
H4NY01162|GOROFF, NANCY|C|1|DEM|2389663.54|8178.99|2388201.89|0|0|1461.65|41761.85|1200000|0|0|0|1200000|1104781.78|NY|01||||||28500|0|12/31/2024|261513|0
H4NY01170|HILL, KYLE|C|1|DEM|165755.25|0|86352.52|0|0|79402.73|100|0|0|0|0|0|160905.25|NY|01||||||4750|0|12/31/2024|250|0
H4NY01204|AVLON, JOHN|C|1|DEM|5298299.52|644106.56|5297995.26|0|0|304.26|0|0|0|0|0|0|4388801.31|NY|01||||||264649.46|0|12/31/2024|139381.14|10200
H0NY03083|DEVOLDER-SANTOS, GEORGE|I|2|REP|162529.31|0|191881.81|0|34908.19|5555.65|0|0|0|85000|0|803157.07|162529.31|NY|01||||||0|0|12/31/2024|29400.78|0
H2NY01190|NICK, LALOTA|I|2|REP|4271171.67|1285282.59|3673656.56|184356.67|77562.55|676077.66|0|0|0|0|0|0|1234508.92|NY|01||||||1533118.46|15000|12/31/2024|53115.61|31916.47
H4NY03267|FOTI, DANIEL PETER|C|3|CRV|0|0|5800|0|15000|9200|0|0|0|0|0|20000|0|NY|01||||||0|0|12/31/2023|0|0
H4NY02087|LUBIN, ROB|C|1|DEM|1036037.9|1482.22|1025032.4|0|0|11257.5|6800.64|150000|0|0|0|150000|856225.84|NY|02||||||21488.13|0|12/31/2024|11541.2|0
H0NY02234|GARBARINO, ANDREW|I|2|REP|3863201.83|499261.5|2614677.34|3916.47|297081.8|1545606.29|0|0|0|0|0|0|1112351.8|NY|02||||||2110400|0|12/31/2024|0|2500
H4NY02095|STEPHENS, SHANNON EMILY|C|2|REP|4399.51|0|1940.5|0|100|-10.18|0|0|0|0|0|0|4399.49|NY|02||||||0|0|12/31/2024|0|0
H2NY03162|LAFAZAN, JOSHUA|O|1|DEM|741311.35|0|723715.51|0|-17595.84|0|166000|0|0|166000|0|0|569311.35|NY|03||||||6000|0|09/30/2024|29609.5|1000
H4NY03093|MURPHY, WILLIAM|O|1|DEM|69993.24|0|69993.24|10000|0|0|100|0|0|0|0|0|69663.24|NY|03||||||0|0|01/30/2024|0|0
H4NY03101|KAPLAN, ANNA|O|1|DEM|1310032.31|0|1302535.93|0|0|7496.38|7370.39|190000|0|190000|0|0|1099217.02|NY|03||||||0|0|04/30/2024|53635.28|0
H4NY03127|MALAMED, ZAK|O|1|DEM|749595.24|0|468130.45|0|0|281464.79|0|0|0|0|0|0|739574.94|NY|03||||||1500|0|12/31/2024|156579.1|0
H4NY03150|LIVINGSTON, SCOTT|O|1|DEM|121980.27|0|86889.57|2500|0|-500|0|0|0|0|0|0|121968.75|NY|03||||||0|0|12/31/2024|1000|0
H4NY03218|CHENG, AUSTIN FRANKLIN|O|1|DEM|615088.17|0|615088.17|0|0|0|100100|400030|0|177441.51|0|222588.49|114855.26|NY|03||||||0|0|01/31/2024|3403|0
H6NY03247|SUOZZI, THOMAS|I|1|DEM|9646883.39|520352.38|7675778|1921|63235.78|2034341.17|0|0|0|0|0|379.2|7242273.42|NY|03||||||1863507.24|15437.01|12/31/2024|99121.57|4600
H0NY02267|LIPETRI, MIKE|O|2|REP|970547.97|86572.43|960069.24|0|5310.87|15789.6|0|0|0|25000|0|0|749325.54|NY|03||||||131850|0|12/31/2024|10200|4300
H4NY03085|CURRY, KELLEN|O|2|REP|465250.71|0|417398.51|0|0|47852.2|20000|5500|0|5500|0|0|414844.18|NY|03||||||19606.53|0|12/31/2024|49900|20000
H4NY03184|SAPRAICONE, MICHAEL|O|2|REP|1417733.96|311133.95|1363358.22|0|0|54375.74|83451.34|600000|50050|0|50050|635209|362788.15|NY|03||||||7750|2500|12/31/2024|10049.82|500
H4NY03192|HACH, GREGORY|O|2|REP|779230.96|0|769995.02|0|0|9235.94|0|675000|0|465000|0|210000|99218.09|NY|03||||||5000|0|12/31/2024|12070.7|0
H4NY03200|NORBER, DANIEL|O|2|REP|489543.12|0|489543.12|0|0|0|205|150000|0|104589.71|0|0|330253.81|NY|03||||||0|0|06/13/2024|0|0
H4NY03242|TOES, JIM MR.|O|2|REP|114660.46|0|114660.46|0|0|0|0|0|0|0|0|0|108786.46|NY|03||||||0|0|06/30/2024|1905.08|0
H4NY03259|LUDWIG, THOMAS CHARLES|O|2|REP|42578.1|2578.1|42578.1|0|0|0|0|40000|0|20000|0|20000|0|NY|03||||||0|0|05/15/2024|0|0
H4NY03283|PILIP, MAZI MELESA|O|2|REP|2988676.57|176394.7|2979787.29|63000|0|8889.28|0|0|0|0|0|8500|2311624.76|NY|03||||||495524|0|12/31/2024|30457.97|2000
H4NY03291|COTTER, WILLIAM BIDDLE|O|2|REP|73490.96|0|73490.96|0|0|0|0|45000|0|0|0|0|23815.96|NY|03||||||0|0|05/24/2024|5.21|0
H4NY04141|MAHER, PATRICIA|C|1|DEM|8051.52|0|6399.08|0|0|1652.44|200.21|4456.31|0|0|0|4456.31|3395|NY|04||||||0|0|09/30/2023|0|0
H4NY04166|HUGHES, SARAH|C|1|DEM|110147.12|0|110147.12|0|0|0|0|0|0|0|0|0|109826.18|NY|04||||||0|0|03/11/2024|37525|0
H4NY04174|JONES, GIAN|C|1|DEM|19928.28|0|10345.36|0|0|9582.92|0|0|0|0|0|2348|19923.28|NY|04||||||0|5|12/31/2024|0|0
H4NY04190|DENENBERG, DAVID W|C|1|DEM|29304|0|29304|0|0|0|0|24000|0|9437|0|0|5304|NY|04||||||0|0|03/31/2024|1560|0
H2NY04277|DESPOSITO, ANTHONY P|I|2|REP|4644841.34|1061716.56|4621136.76|5316.47|22466.67|46171.25|0|0|0|0|0|25728.31|2044340.93|NY|04||||||1502859.06|15000|12/31/2024|65131.49|39600
H8NY06048|MEEKS, GREGORY W.|I|1|DEM|3048026.76|688582.89|2548056.09|4813.66|1728581.4|2228552.07|0|0|0|0|0|0|1088534.52|NY|05||||||1264818.53|1957.03|12/31/2024|20687.22|0
H2NY05126|KING, PAUL|C|2|REP|48325.36|0|46250.86|0|4413.76|6488.26|431.75|0|0|0|0|0|47893.61|NY|05||||||0|0|11/25/2024|0|0
H2NY06116|MENG, GRACE|I|1|DEM|2097459.33|0|1836399.64|0|707826.12|968885.81|0|0|0|0|0|0|1502379.33|NY|06||||||595050|0|12/31/2024|7957|1000
H0NY06086|ZMICH, THOMAS|C|2|REP|7250.99|0|7326.84|0|328.8|252.95|0|0|0|0|0|105000|7142.44|NY|06||||||0|0|12/31/2024|0|0
H4NY06047|CHOU, JOSEPH|C|2|REP|92644|0|90481.09|0|0|2162.91|0|76192|0|70000|0|6192|16452|NY|06||||||0|0|12/31/2024|501|0
H2NY00010|VELAZQUEZ, NYDIA M.|I|1|DEM|472587.1|0|616271.72|0|303251.05|159566.43|0|0|0|0|0|7736.52|264837.1|NY|07||||||207750|0|12/31/2024|3300|5000
H4NY07128|KREGLER, WILLIAM|C|2|REP|18245.55|0|18222.27|0|0|23.28|0|1127.59|0|0|0|1127.59|17117.96|NY|07||||||0|0|11/15/2024|0|0
H2NY10092|JEFFRIES, HAKEEM|I|1|DEM|22977197.34|4384634.17|20238857.8|0|2216225.11|4954564.65|0|0|0|0|0|0|15936793.65|NY|08||||||2639351|418.49|12/31/2024|148553.38|74.46
H4NY11138|CLARKE, YVETTE D|I|1|DEM|1108983.72|0|1061633.75|0|62704.77|110054.74|0|0|0|0|0|49480|339924.94|NY|09||||||766923.12|26.1|12/31/2024|8233.52|3125
H2NY10308|GOLDMAN, DANIEL|I|1|DEM|3659240.76|447522.85|2764329.95|0|37338.07|932248.88|0|0|0|0|0|4888468.2|2912947.98|NY|10||||||292193.53|43.56|12/31/2024|48286.5|0
H4NY10122|GRANDSARD, BRUNO|C|1|DEM|28247|0|22802.81|0|-578.31|4865.88|0|0|0|0|0|0|28247|NY|10||||||0|0|07/01/2024|0|0
H4NY10130|HUTCHISON, EVAN HALE|C|1|DEM|41945.95|0|40723.62|0|0|1222.33|1590.84|11547.64|0|2961.85|0|24160.67|28807.47|NY|10||||||0|0|12/31/2024|2521.99|0
H4NY10155|DODENHOFF, ALEXANDER|C|2|REP|7331.71|0|4457.98|0|375.73|3249.46|0|5250|0|0|0|5250|2071|NY|10||||||0|0|10/16/2024|0|0
H4NY10163|BRISCOE, PAUL J.|C|3|CRV|0|0|0|0|0|0|0|0|0|0|0|0|0|NY|10||||||0|0|11/05/2024|0|0
H4NY11203|BLAS, SARAH|C|1|DEM|6316.01|0|6316.01|0|0|0|0|0|0|0|0|0|6316.01|NY|11||||||0|0|05/20/2024|0|0
H4NY11211|MORSE, ANDREA S|C|1|DEM|273868.12|0|273868.12|0|0|0|0|0|0|0|0|0|273868.12|NY|11||||||0|0|12/31/2024|2242|0
H0NY11078|MALLIOTAKIS, NICOLE|I|2|REP|3371724.78|473977.31|2075796.47|0|50318.15|1346246.46|0|0|0|0|0|0|1564360.49|NY|11||||||1265691.12|250|12/31/2024|27561.9|6000
H2NY17071|NADLER, JERROLD L|I|1|DEM|1189675.18|0|1009847.3|50000|14723.77|194551.65|0|0|0|0|0|0|715915.56|NY|12||||||473380|31.31|12/31/2024|2500|0
H2NY12221|ZUMBLUSKAS, MICHAEL|C|2|REP|0|0|0|0|0|0|0|0|0|0|0|0|0|NY|12||||||0|0|12/31/2024|0|0
H6NY14202|ZUMBLUSKAS, MICHAEL K|C|2|REP|0|0|0|0|0|0|0|0|0|0|0|0|0|NY|12||||||0|0|12/31/2024|0|0
H2NY13096|ESPAILLAT, ADRIANO|I|1|DEM|1373169.59|0|1075320.02|330000|98741.21|396590.78|0|0|0|0|0|0|996539.42|NY|13||||||364729.54|0|12/31/2024|3625|1000
H4NY16079|DOLAN, MARTIN WILLIAM MR|C|1|DEM|476804.46|0|476804.46|0|0|0|7062.07|376500|0|42000|0|0|93241.26|NY|14||||||0|0|11/15/2024|731|0
H8NY15148|OCASIO-CORTEZ, ALEXANDRIA|I|1|DEM|15299235.57|120053.46|16716492.89|0|5151904.2|3734646.88|20|0|0|0|0|0|14866494.81|NY|14||||||44882.58|0|12/31/2024|99309.3|-2000
H2NY14128|FORTE, TINA|C|2|REP|1922536.14|0|1845354.18|0|6391.79|82215.05|0|0|0|0|0|15000|1911997.13|NY|14||||||3000|0|12/31/2024|34089.43|0
H0NY15160|TORRES, RITCHIE JOHN|I|1|DEM|9208382.46|1670655.55|1674801.71|0|3890401.22|11423981.97|0|0|0|0|0|0|6102405.56|NY|15||||||842073|0|12/31/2024|61344|2000
H4NY15147|VEGA, JOSE DAVID|C|3|UN|166048.53|6977.8|164775.1|2500|0|1273.43|0|400|0|400|0|0|157110.86|NY|15||||||1500|0|12/31/2024|0|0
H0NY16143|BOWMAN, JAMAAL|I|1|DEM|6052175.61|71801.12|5993807.77|0|21516.46|79884.3|0|0|0|0|0|13261.52|5451971.32|NY|16||||||295119.98|0|12/31/2024|345553.32|11700
H4NY16061|GERALD, MICHAEL BERNARD DR.|C|1|DEM|41993.16|0|39994.98|0|0|640.88|0|0|0|0|0|0|40993.16|NY|16||||||1000|0|12/31/2024|9572|0
H4NY16087|LATIMER, GEORGE|C|1|DEM|6679191.82|0|6486537.83|0|0|192653.99|0|0|0|0|0|0|6468157.18|NY|16||||||210216.45|450|12/31/2024|11030|3500
H2NY16115|FLISSER, MIRIAM LEVITT|C|2|REP|23883.42|0|31799.04|0|10667|2403.38|0|0|0|0|0|0|22817.54|NY|16||||||0|0|12/31/2024|0|0
H4NY05114|BRAME, MADELINE|C|2|REP|12112.82|0|12112.82|0|0|0|0|0|0|0|0|0|11412.82|NY|16||||||0|0|12/31/2023|10|0
H4NY16095|WRIGHT, CHRIS|C|2|REP|10624.55|0|10624.55|0|0|0|0|0|0|0|0|0|10610.88|NY|16||||||0|0|12/31/2024|82.48|0
H4NY16103|SHERRILL, DR PETER W|C|2|REP|3400|0|2300|0|0|1200|2300|0|0|0|0|0|1100|NY|16||||||0|0|09/30/2024|0|0
H0NY17174|JONES, MONDAIRE|C|1|DEM|9960888.75|1544935.6|9990162.8|0|71345.37|42071.32|0|0|0|0|0|0|7755364.69|NY|17||||||633019.41|10147.62|12/31/2024|114805.15|29575
H4NY17143|GEREGHTY, ELIZABETH|C|1|DEM|624569.56|0|624569.56|0|0|0|0|6600|0|6600|0|0|589554.23|NY|17||||||24500|0|03/31/2024|89664|17000
H4NY17150|CARR, MARYANN|C|1|DEM|15716|0|10049.86|0|0|5666.14|1468|0|0|0|0|288|14248|NY|17||||||0|0|12/31/2023|0|0
H2NY17162|LAWLER, MICHAEL VINCENT|I|2|REP|8387801.92|2046707.71|8256895.05|0|38461.65|169368.52|0|0|0|0|0|0|3863417.03|NY|17||||||2326002.96|24651.9|12/31/2024|100334.28|22700
H8NY19223|RYAN, PATRICK|I|1|DEM|8143126.11|640622.69|8011645.3|0|35710.55|167191.36|0|50000|0|50000|0|0|6063033.91|NY|18||||||1343070.34|9616.62|12/31/2024|101897.73|19300
H4NY00057|GWINN, LOVELYNN|C|2|REP|32253.29|0|30136.96|0|0|2116.33|0|0|0|0|0|48032.25|28253|NY|18||||||0|0|12/31/2024|955|0
H4NY18117|ESPOSITO, ALISON|C|2|REP|2435666.01|729598.31|2421806.9|31297.27|0|13859.11|0|10000|0|10000|0|0|1295965.79|NY|18||||||391960|5000|12/31/2024|27923.34|6000
H8NY22177|RILEY, JOSH|C|1|DEM|9848776.11|987409.09|9797483.03|0|17026.53|68319.61|0|0|0|0|0|4000|8164381.39|NY|19||||||632191.06|9282.06|12/31/2024|126730.38|6408.69
H2NY19127|MOLINARO, MARCUS J.|I|2|REP|5570305.64|1125112.61|5580361.75|0|62014.95|51958.84|0|0|0|0|0|59783.23|2541463.77|NY|19||||||1858058.08|22350|12/31/2024|49482.11|13434.58
H4NY20154|JORGE GARCIA, EMMANUEL MR.|C|1|DEM|1050|0|1350.01|0|0|0|400|0|0|0|0|0|650|NY|20||||||0|0|06/08/2024|0|0
H8NY21203|TONKO, PAUL DAVID|I|1|DEM|1547112.87|0|1673736.28|0|726125.32|599501.91|0|0|0|0|0|0|560327.99|NY|20||||||980817.51|0|12/31/2024|275|2860
H2NY24127|HOLDEN, STEVEN WESLEY SR.|C|1|DEM|93533.53|0|91827.8|0|48706.95|11059.71|0|38133|0|1200|0|0|43845.53|NY|21||||||0|0|12/31/2024|0|0
H4NY21145|COLLINS, PAULA|C|1|DEM|149173.87|0|54289.75|0|0|95408.12|0|11130|0|0|0|11130|133398.87|NY|21||||||4645|0|12/31/2024|0|0
H4NY21079|STEFANIK, ELISE M.|I|2|REP|15467577.5|8841894.28|7636448.94|0|916788.92|8747917.48|0|0|0|0|0|0|5531699.86|NY|21||||||1076225.96|0|12/31/2024|7100|0
H4NY21129|LOCHNER, JILL ANDREA|C|2|REP|15984.23|0|15984.23|0|0|0|0|5000|0|5000|0|0|10984.23|NY|21||||||0|0|07/14/2024|0|0
H0NY22117|KRIESEL, KATELYN|C|1|DEM|15516|0|15516|0|0|0|0|0|0|0|0|0|15491|NY|22||||||0|0|03/22/2023|0|0
H2NY24150|KLEE HOOD, SARAH|C|1|DEM|1517852.63|27802.03|1516963.98|0|591.65|1480.3|0|0|0|36442.56|0|0|1438531.65|NY|22||||||46694.26|0|12/31/2024|68952.42|1000
H4NY22069|HARRIS, CLEMMIE L|C|1|DEM|59682.12|0|59682.12|0|0|0|0|0|0|0|0|0|58682.12|NY|22||||||1000|0|06/30/2024|0|0
H4NY22085|MANNION, JOHN W|C|1|DEM|4161857.47|137305.49|4033616.17|0|0|128241.3|0|0|0|0|0|0|3371163.52|NY|22||||||647987.08|5000|12/31/2024|50254.04|400
H4NY22093|ADDINGTON, JACOB TAY|C|1|DEM|6359.88|0|2162.26|0|0|4197.62|0|6000|0|0|0|6000|350|NY|22||||||0|0|12/31/2024|250|0
H2NY22212|WILLIAMS, BRANDON MCDONALD|I|2|REP|4190242.6|1209313.18|4208335.51|1158.42|24163.94|6071.03|0|0|0|0|0|0|1876099.42|NY|22||||||1084580|20250|12/31/2024|18091.94|0
H4NY22101|GOWETT, CHRISTOPHER JAMES|C|3|NPA|0|0|0|0|0|0|0|0|0|0|0|0|0|NY|22||||||0|0|10/16/2024|0|0
H4NY23075|CARLE, THOMAS A|C|1|DEM|32743.03|0|32386.73|0|0|-2838.59|3942.58|0|0|0|0|0|24394.86|NY|23||||||2472.46|1850|12/31/2024|200|0
H2NY23228|LANGWORTHY, NICK|I|2|REP|1931075.63|167255.98|927737.09|0|90469.55|1093808.09|0|0|0|0|0|0|889803.56|NY|23||||||856663.5|8147|12/31/2024|17960.41|8650
H4NY24131|WAGENHAUSER, DAVID|C|1|DEM|97274.05|0|95433.02|0|0|1841.03|0|700|0|700|0|0|84480.99|NY|24||||||5498.2|5550|12/31/2024|500|0
H4NY22051|TENNEY, CLAUDIA|I|2|REP|2995402.57|182487.67|2701849.55|3296.14|61449.34|355002.36|0|0|0|0|0|0|1609727.64|NY|24||||||1202564.09|0|12/31/2024|1700|0
H4NY24115|FRATTO, MARIO|C|2|REP|560049.67|75752.81|563085.21|0|3035.54|0|9395.83|450000|0|200000|0|0|9470|NY|24||||||13580.31|0|12/31/2024|3400|0
H4NY24123|GIOIA, PHILLIP DR.|C|2|REP|212|0|188.7|0|0|23.3|162|0|0|0|0|0|50|NY|24||||||0|0|03/31/2024|0|0
H8NY25105|MORELLE, JOSEPH D|I|1|DEM|2154064.87|457996.25|1826735.78|0|52875.19|380204.28|0|0|0|0|0|0|507094.16|NY|25||||||1167377.69|3550|12/31/2024|8050|5500
H4NY25054|SADWICK, GREGG ANTHONY MR|C|2|REP|647600.21|0|603551.38|67260|0|44048.83|0|610000|0|0|0|610000|37150.21|NY|25||||||450|0|11/25/2024|235.35|0
H4NY26078|KENNEDY, TIMOTHY|I|1|DEM|2664314.25|58962.93|2325249.7|0|0|339064.55|0|0|0|0|0|0|1858362.7|NY|26||||||742580.14|0|12/31/2024|58750|2300
H4NY26094|MCMURRAY, NATHAN DOUGLAS|O|1|DEM|29291.05|0|29291.05|0|0|0|0|4000|0|1115.05|0|2884.95|25291.05|NY|26||||||0|0|12/31/2024|0|0
H4NY26102|DICKSON, GARY A|O|2|REP|62849.36|0|62849.36|0|0|0|0|0|0|0|0|0|59652.18|NY|26||||||797.18|2400|05/28/2024|0|0
H2OH01194|LANDSMAN, GREG|I|1|DEM|3719975.07|73396.67|3607908.97|0|68048.81|180114.91|0|0|0|0|0|0|2684339.3|OH|01||||||941425.65|9442.43|12/31/2024|22176.8|13500
H2OH02127|MEADOWS, SAMANTHA|O|1|DEM|160265.99|0|160282.6|0|16.61|0|1|0|0|0|0|0|132781.86|OH|02||||||23846.82|1600|12/31/2024|410|0
H2OH02085|WENSTRUP, BRAD DR.|I|2|REP|673650.89|31782.74|1092897.56|0|878664.52|459417.85|0|0|0|0|0|0|293919.57|OH|02||||||343616.77|0|12/31/2024|36897.69|16000
H2OH08082|HEIMLICH, PHIL|O|2|REP|166961.28|0|170547.5|0|0|-3586.22|758.48|101504|0|11089.91|0|90414.09|56527.88|OH|02||||||4500|0|12/31/2024|0|0
H2OH15202|HWANG, THOMAS|O|2|REP|254000|0|254500|0|500|0|4000|250000|0|0|0|0|0|OH|02||||||0|0|12/27/2024|900.02|0
H4OH02172|ANTANI, NIRAJ JAIMINI|O|2|REP|756549.98|0|756549.98|2000|0|0|0|0|0|0|0|149016.62|719720.99|OH|02||||||30500|2000|12/31/2024|5252|1000
H4OH02180|TASSELL, CHARLES|O|2|REP|137232.78|0|137232.78|0|0|0|2425.12|2000|5000|0|0|7000|110107.66|OH|02||||||17700|0|05/21/2024|3435.35|0
H4OH02198|MYERS, DEREK J.|O|2|REP|20510.25|0|14547.52|0|8964.51|14927.24|0|18000|0|0|0|18000|2510.25|OH|02||||||0|0|12/31/2023|0|0
H4OH02206|KIDD, LARRY|O|2|REP|1716312.58|0|1715441.72|0|0|870.86|90.86|1529464.62|0|0|0|1529464.62|163247.11|OH|02||||||22500|0|12/31/2024|13850|0
H4OH02214|O'HARA, TIM|O|2|REP|1447610.38|0|1447610.38|0|0|0|0|1270000|0|3403.13|0|1266596.87|172610.38|OH|02||||||5000|0|12/31/2024|39400|0
H4OH02230|WILKIN, SHANE|O|2|REP|202778.55|0|203148.55|0|0|-370|0|0|0|0|0|0|166087.35|OH|02||||||35567.2|0|06/30/2024|8400|0
H4OH02248|TAYLOR, DAVID|O|2|REP|2299491.25|11500|2171683.51|0|0|127807.74|1326.4|1725000|0|17700|0|1707300|346814.85|OH|02||||||214850|0|12/31/2024|200|0
H4OH02255|GEORGETON, KIM|O|2|REP|42082.35|0|42082.35|0|0|0|2602.23|0|0|0|0|0|37992.66|OH|02||||||600|0|05/21/2024|3300|0
H4OH02263|HENDERSON, MATTHEW|O|2|REP|950|0|950|0|0|0|0|0|0|0|0|0|950|OH|02||||||0|0|02/29/2024|0|0
H4OH02271|HOOD, RON|O|2|REP|201363.96|0|198971.82|0|0|2392.14|0|0|0|0|0|0|172690|OH|02||||||21000|0|12/31/2024|6900|0
H4OH02289|HWANG, TOM|O|2|REP|254000|0|254000|0|0|0|4000|250000|0|0|0|0|0|OH|02||||||0|0|12/27/2024|900.02|0
H8OH02058|HEIMLICH, PHILIP MURRAY|O|2|REP|166961.28|0|170547.5|0|0|-3586.22|758.48|101504|0|11089.91|0|90414.09|56527.88|OH|02||||||4500|0|12/31/2024|0|0
H2OH03125|BEATTY, JOYCE|I|1|DEM|1820579.91|0|1265489.96|0|2157483.55|2712573.5|0|0|0|0|0|2500|490790.16|OH|03||||||1321525|1000|12/31/2024|100|3000
H4OH03105|CHANDRAKUMAR, ROSHAN|C|1|DEM|31898.6|0|31898.6|0|0|0|0|0|0|0|0|0|31898.6|OH|03||||||0|0|03/14/2024|0|0
H4OH03113|YOUNG, MICHAEL|C|2|REP|0|0|0|0|0|0|0|0|0|0|0|0|0|OH|03||||||0|0|12/31/2024|0|0
H0OH04085|SITES, JEFFREY ALAN|C|1|DEM|334908.56|0|438786.48|0|103877.92|0|0|0|0|0|0|0|334907.87|OH|04||||||0|0|09/30/2024|5479.18|0
H2OH04164|WILSON, TAMARA|C|1|DEM|2376890.57|0|1886728.7|0|3941.62|498770.42|0|0|0|0|0|0|2298856.55|OH|04||||||1300|0|12/31/2024|2750|0
H4OH04061|SCHERTZER, SCOTT|C|1|DEM|0|0|0|0|0|0|0|0|0|0|0|0|0|OH|04||||||0|0|11/20/2023|0|0
H6OH04082|JORDAN, JAMES D.|I|2|REP|13427350.75|221568.97|13625784.66|2579000|7685314.5|7486880.59|0|0|0|0|0|0|11973481.49|OH|04||||||448048.5|0|12/31/2024|162692.47|11350
H6OH16136|MUNDY, KEITH FRANCIS|C|1|DEM|13584.21|0|15088.76|0|0|-1504.55|0|2000|0|0|0|2000|8587.03|OH|05||||||2997.18|0|12/31/2024|0|0
H8OH05036|LATTA, ROBERT EDWARD|I|2|REP|1998121.54|7056|2325877.9|0|924551.44|596795.08|0|0|0|0|0|0|688702.68|OH|05||||||1267150|0|12/31/2024|5684|13500
H4OH06207|FINZER, RYLAN ZACHARY|O|1|DEM|8385.01|0|8028.88|0|25|381.13|500|0|0|0|0|0|7835.01|OH|06||||||0|50|04/03/2024|0|0
H4OH06231|KRIPCHAK, MICHAEL LAWRENCE|O|1|DEM|79013.2|0|111515.76|0|0|3735.17|500|0|0|0|0|0|64038.2|OH|06||||||13725|750|12/31/2024|0|0
H8OH13154|LYRAS, LOUIS GEORGE|O|1|DEM|2182|0|15035.76|0|12853.76|0|0|2145|0|0|0|0|0|OH|06||||||0|0|11/16/2023|0|0
H4OH06165|RULLI, MICHAEL|I|2|REP|1154951.89|83398.73|1084314.78|45|0|70637.11|0|30400|0|30400|0|0|595457.91|OH|06||||||445336.49|0|12/31/2024|29273.91|10025
H4OH06181|STOLTZFUS, REGGIE|O|2|REP|645692.04|0|645692.04|0|0|0|0|383000|0|2196.76|0|380803.24|241192.04|OH|06||||||21500|0|12/31/2024|4400|0
H4OH06199|TSAI, RICK DR.|O|2|REP|42222.94|0|42123.66|0|0|99.28|182.53|9453.54|0|1021.56|0|8431.98|32239.71|OH|06||||||0|0|03/31/2024|0|0
H2OH16044|DIEMER, MATTHEW|C|1|DEM|86340.29|0|85230.64|0|0|1109.65|0|0|0|0|0|0|83713.43|OH|07||||||2625|0|11/25/2024|0|0
H4OH07064|BUGIE, DOUGLAS GORDON|C|1|DEM|55786.02|0|55707.12|0|0|78.9|0|37000|0|0|0|37000|18735|OH|07||||||0|0|06/11/2024|0|0
H2OH16051|MILLER, MAX|I|2|REP|1989521.73|623833.04|1887691.12|2125|72698.78|174529.39|0|0|0|50000|0|1000000|780037.64|OH|07||||||571316.57|0|12/31/2024|12860|5200
H4OH07056|KUCINICH, DENNIS|C|3|UN|538886.95|0|534934.16|0|0|3952.79|0|0|0|0|0|0|515423.44|OH|07||||||13950|0|12/31/2024|18688|0
H6OH23033|KUCINICH, DENNIS J|C|3|UN|538886.95|0|534934.16|0|0|3952.79|0|0|0|0|0|0|515423.44|OH|07||||||13950|0|12/31/2024|18688|0
H4OH08120|HAWKINS, NATHANIEL ALAN|C|1|DEM|6172.05|0|3123.49|0|0|301.3|175.78|0|0|0|0|0|4922|OH|08||||||1074.27|0|06/30/2024|0|0
H4OH08146|GELB, DAVID EDWARD|C|1|DEM|27540|0|26353.13|0|0|0|0|25000|0|14522.9|0|10477.1|2540|OH|08||||||0|0|03/31/2024|0|0
H8OH08097|ENOCH, VANESSA L. DR.|C|1|DEM|0|0|0|0|20421.52|20421.52|0|0|0|0|0|0|0|OH|08||||||0|0|12/31/2023|0|0
H4OH08138|ROGERS, MARY C|C|2|REP|7952.65|0|6390.85|0|0|0|9.65|0|0|0|0|0|7943|OH|08||||||0|0|12/31/2024|0|0
H6OH08315|DAVIDSON, WARREN|I|2|REP|1152789.42|72275.51|1095555.77|34217.93|337467.46|394701.11|0|0|0|0|0|0|370971.65|OH|08||||||697391|0|12/31/2024|16182.12|4700
H2OH09031|KAPTUR, MARCY HON. M.C.|I|1|DEM|5063732.53|452203.06|4995852.91|0|380046.87|448926.49|0|0|0|0|0|0|2892844.74|OH|09||||||1491799.47|2000|12/31/2024|14190.23|613.63
H2OH09189|RIEDEL, CRAIG|C|2|REP|1298354.66|0|1297070.28|0|0|1284.38|0|255000|0|63200|0|384196.95|937806.01|OH|09||||||104825|0|12/31/2024|170932.95|15625
H4OH09136|WILCZYNSKI, DANIEL VINCENT|C|2|REP|263803.07|0|243740.12|0|0|20062.95|153612.07|0|0|0|0|0|110191|OH|09||||||0|0|09/30/2023|152291|0
H4OH09144|LANKENAU, STEVE|C|2|REP|135832.87|0|135832.87|0|0|0|958.42|66269.45|0|0|0|66269.45|68530|OH|09||||||0|0|09/30/2024|6700|0
H4OH09151|MAJEWSKI, JR|C|2|REP|289421.72|0|289421.72|0|0|0|317.5|0|0|0|0|0|266136.24|OH|09||||||16150|0|10/15/2024|24297.74|2000
H4OH09169|MERRIN, DEREK|C|2|REP|1722804.22|540887.22|1646153.07|0|0|76651.15|0|30000|0|30000|0|0|666547.86|OH|09||||||465884.79|11000|12/31/2024|7221.13|8500
H4OH10183|COX, AMY|C|1|DEM|205053.9|0|205053.9|0|0|0|1144|0|2705|0|2705|0|163088.67|OH|10||||||34300|0|12/31/2024|527.5|0
H4OH10191|POMBO, TONY|C|1|DEM|10025|0|8389.75|0|0|1635.25|0|10000|0|0|0|10000|25|OH|10||||||0|0|12/31/2024|0|0
H8OH03098|ESRATI, DAVID|C|1|DEM|5928|0|1992.33|0|523.62|4459.29|0|0|0|0|0|0|5928|OH|10||||||0|0|03/31/2024|0|0
H2OH03067|TURNER, MICHAEL R REP.|I|2|REP|1252813.43|26407.06|1393257.1|17946.81|570868.63|430424.96|0|0|0|0|0|0|650980.25|OH|10||||||575250|0|12/31/2024|15550|0
H4OH10175|HARBAUGH, MICHAEL ROBERT|C|3|IND|7211.12|0|6956.96|0|0|254.16|0|5000|0|0|0|5000|2211.12|OH|10||||||0|0|12/31/2024|0|0
H2OH11169|BROWN, M SHONTEL|I|1|DEM|1418292.05|57382.25|926301.07|0|363823.08|855814.06|0|0|0|0|0|0|568030.66|OH|11||||||763802.85|0|12/31/2024|4019|0
H4OH11108|RAPOPORT, ALAN|C|2|REP|84766.11|0|84766.12|0|0|0|35324.46|0|0|0|0|0|32606.9|OH|11||||||1000|15435.99|11/27/2024|33.28|0
H4OH11074|FREEMAN, SEAN|C|3|IND|22551.02|0|22551.02|0|0|0|9960.79|0|0|0|0|0|12013.25|OH|11||||||0|0|12/31/2024|500|0
H4OH12080|CHRISTIAN, JERRAD SHANE|C|1|DEM|341998.25|0|338240.57|0|0|3757.68|0|0|0|0|0|0|331117.1|OH|12||||||9100|0|12/31/2024|1518.5|0
H8OH12180|BALDERSON, WILLIAM TROY|I|2|REP|2127294.14|0|1524661.06|0|403791.74|1006424.82|0|0|0|0|0|0|944302.26|OH|12||||||1178380|0|12/31/2024|10750|0
H2OH13264|SYKES, EMILIA|I|1|DEM|5332291.25|509720.13|5260289.76|0|50677.05|122678.54|0|0|0|0|0|0|3357642.35|OH|13||||||1448543.48|10000|12/31/2024|39984.9|15484.34
H2OH09163|GILBERT, MADISON GESIOTTO|C|2|REP|111655.78|0|114919.21|0|3263.43|0|0|0|0|41240.79|0|208759.21|109256.78|OH|13||||||2104.6|0|12/31/2024|0|0
H4OH13112|WHEELER, GREGORY|C|2|REP|180647.81|4168.01|180647.81|0|0|0|26780.28|0|0|0|0|0|147699.52|OH|13||||||2000|0|10/17/2023|17740|0
H4OH13146|BANWEG, CHRIS|C|2|REP|310152.38|0|310152.38|0|0|0|0|18529.63|0|0|0|18529.63|284072.75|OH|13||||||7550|0|03/31/2024|65108.11|0
H4OH13153|COUGHLIN, KEVIN|C|2|REP|1662607.45|296767.72|1605989.04|35216.35|0|56618.41|13300|150000|0|150000|0|0|777812.05|OH|13||||||403278.09|10000|12/31/2024|1011.59|2000
H6OH13240|MORCKEL, RICHARD A MR.|C|3|GOP|3039.28|0|3039.28|0|100|0|0|0|0|0|0|0|3039.28|OH|13||||||0|0|03/31/2024|0|0
H2OH14064|JOYCE, DAVID P.|I|2|REP|2505522.54|0|1592569.26|0|1829922.17|2742875.45|0|0|0|0|0|0|763099.48|OH|14||||||1580973.02|0|12/31/2024|9440|9500
H4OH14128|CROSS, ELAYNE|C|2|REP|6314.91|0|6118.43|0|0|196.48|0|3780|0|41.63|0|5555.74|2534.91|OH|14||||||0|0|12/31/2024|0|0
H2OH12118|O'CONNOR, DANIEL JAY JR.|C|1|DEM|11746.54|0|53784.59|0|284524.43|242486.38|0|0|0|0|0|0|0|OH|15||||||0|0|12/31/2024|3450|0
H4OH15075|ABID, ZERQA|C|1|DEM|223435.63|3604.99|223435.63|0|0|0|13236.01|0|0|0|0|0|204639.99|OH|15||||||0|0|06/30/2024|9230|0
H4OH15083|MILLER, ADAM CLAY|C|1|DEM|476225.28|0|472611.65|0|0|3613.63|0|158825|0|113000|0|95646.51|167153.79|OH|15||||||142550.01|1000|12/31/2024|16|0
H2OH15228|CAREY, MIKE|I|2|REP|2699201.24|198573.32|2616523.08|5000|78616.15|161294.31|0|0|0|0|0|0|918127.39|OH|15||||||1563750|0|12/31/2024|22835.35|13600
H4OK01107|BAKER, DENNIS|C|1|DEM|376373.01|0|209540.3|0|0|153569.8|3392.87|10000|0|10000|0|0|362588.54|OK|01||||||188.18|0|12/31/2024|0|0
H6OK03165|ROGERS, EVELYN L (LOUISE)|C|1|DEM|1482.94|0|1480.79|0|0|2.15|1482.94|0|0|0|0|0|0|OK|01||||||0|0|06/28/2024|0|0
H8OK01157|HERN, KEVIN|I|2|REP|2709539.4|486777.14|2253473.86|0|697600.44|1148665.98|0|0|0|775000|0|0|699899.89|OK|01||||||1520963.93|0|12/31/2024|0|0
H4OK01115|SANDERS, MARK DAVID GARCIA|C|3|IND|67865.62|0|70490.56|0|2630.6|5.66|9969.2|7000|0|1705.31|0|7794.69|49702.3|OK|01||||||0|0|12/31/2024|2|0
H4OK02196|WADE, BRANDON KEITH|C|1|DEM|12959.33|0|10535.78|0|0|-1944.96|791.92|0|0|0|0|0|12167.41|OK|02||||||0|0|11/25/2024|0|0
H2OK02315|BRECHEEN, JOSH|I|2|REP|335485.47|0|338628.65|0|73839.06|70695.88|0|0|0|0|0|0|237651.42|OK|02||||||94500|0|12/31/2024|3300|0
H4OK03053|MILLER, CONNOR|C|2|REP|245.17|0|245.17|0|0|0|0|0|0|0|0|0|245.17|OK|03||||||0|0|06/30/2024|0|0
H4OK03061|HAMILTON, DARREN|C|2|REP|4902.02|0|5322.02|0|0|555|4342.02|0|0|0|0|0|560|OK|03||||||0|0|06/30/2024|0|0
H4OK03079|CARDER, ROBIN MS|C|2|REP|20109.28|0|20109.28|0|0|0|0|8352|0|1892.25|0|15648.8|11472.28|OK|03||||||0|0|12/31/2024|0|0
H4OK06056|LUCAS, FRANK D.|I|2|REP|1725662.38|0|1287072.88|0|179695.76|618285.26|0|0|0|0|0|0|593857.15|OK|03||||||1120118|0|12/31/2024|1000|5000
H4OK04168|MACAULAY, KODY CRAIG|C|1|DEM|24330|0|27833.46|0|0|-3960.81|0|4000|0|0|0|4000|20330|OK|04||||||0|0|12/11/2024|13|0
H8OK04094|BRANNON, MARY|C|1|DEM|0|0|0|0|0|0|0|0|0|0|0|0|0|OK|04||||||0|0|12/31/2024|0|0
H2OK04055|COLE, TOM|I|2|REP|5588752.02|94640.2|5023393.52|0|1214914.93|1780273.43|0|0|0|0|0|0|2981087.98|OK|04||||||2496759.51|0|12/31/2024|10029.5|7550
H4OK00026|BONDAR, PAUL L|C|2|REP|5720498.25|0|5631744.57|0|0|88753.68|30895.24|5621690.26|0|0|0|5621690.26|20016|OK|04||||||0|0|12/31/2024|0|0
H4OK05199|HORN, MADISON|C|1|DEM|591403.83|0|575447.17|0|164.67|16121.6|19539.37|0|0|12040.13|0|7589.74|562642.1|OK|05||||||7419.17|0|11/25/2024|1548|0
H0OK05205|BICE, STEPHANIE|I|2|REP|2112846.41|283518.58|1648511.94|0|621614.43|1085948.9|0|0|0|0|0|0|910892.35|OK|05||||||905100.01|0|12/31/2024|6959.06|5000
H2OR01133|BONAMICI, SUZANNE MS.|I|1|DEM|936780.9|0|1016577.72|25000|625760.94|545964.12|0|0|0|0|0|0|408656.33|OR|01||||||526600.01|0|12/31/2024|1793.52|0
H4OR01121|CHAUDHRY-AHMAD, JAMIL O|C|1|DEM|55403.14|0|54795.83|0|0|607.31|0|55000|0|48000|0|7535.29|403.14|OR|01||||||0|0|12/31/2024|0|0
H4OR01154|CHRISTMAN, JOSEPH WILLIAM|C|3|LIB|1075|0|138.9|0|0|936.1|0|0|0|0|0|794.69|1075|OR|01||||||0|0|12/31/2024|0|0
H4OR02236|RUBY, DANIEL|C|1|DEM|28220.71|0|26507|0|0|1368.71|80|0|0|0|0|6320|21346.6|OR|02||||||250|6000|12/31/2024|0|0
H0OR02127|BENTZ, CLIFF|I|2|REP|1133834.48|0|749404.44|0|671914.76|1056344.8|3300|0|0|0|0|48100|562166.16|OR|02||||||566551.79|0|12/31/2024|27450|11500
H4OR03150|JAYAPAL, SUSHEELA|O|1|DEM|1053468.54|0|1047235.73|0|0|6232.81|0|0|0|0|0|1125|979703.05|OR|03||||||71209.4|0|12/31/2024|26864.73|5000
H4OR03168|MORALES, EDUARDO|O|1|DEM|669199.98|3100|671062.27|0|0|-1862.29|27616.6|0|0|0|0|6780|527298.02|OR|03||||||108300|0|12/31/2024|41642.5|7000
H4OR03192|DEXTER, MAXINE|O|1|DEM|1818244.55|9154.82|1795758.18|0|0|22486.37|6283.83|0|0|0|0|0|1530978.36|OR|03||||||267630.81|2500|12/31/2024|6846|0
H4OR03200|JONAS, MICHAEL|O|1|DEM|19642.02|0|19451.56|0|0|190.46|1860.77|0|0|0|0|83627.75|17693.25|OR|03||||||0|0|12/31/2024|0|0
H6OR03064|BLUMENAUER, EARL|I|1|DEM|1042682.68|566392.98|819428.15|0|771770.99|995025.52|0|0|0|0|0|0|93084.26|OR|03||||||351700|0|12/31/2024|3400|8500
H0OR03174|HARBOUR, JOANNA|O|2|REP|20339.54|0|28747.54|6462.9|9777.17|1369.17|0|0|0|0|0|0|15329.54|OR|03||||||5000|0|12/31/2024|125|0
H4OR03218|HARBOUR, JOANNA|O|2|REP|20339.54|0|18970.37|0|0|1369.17|0|0|0|0|0|0|15329.54|OR|03||||||5000|0|12/31/2024|125|0
H4OR03226|ORWIG, TERESA|O|2|REP|8735.52|0|8735.52|0|0|0|215.52|8000|0|0|0|0|520|OR|03||||||0|0|07/02/2024|0|0
H4OR03242|MEYER, JOE|C|3||528.3|0|528.3|0|0|0|303.3|0|0|0|0|0|225|OR|03||||||0|0|10/15/2024|0|0
H2OR04095|HOYLE, VALERIE|I|1|DEM|2665016.82|77500|2615674.91|7695|40047.69|89389.6|0|0|0|0|0|0|1401537.43|OR|04||||||1174684.99|10000|12/31/2024|21506.06|5700
H0OR05104|COURSER, AMY RYAN|C|2|REP|28536.51|0|28616.89|0|84.05|3.67|0|0|0|0|0|47342.04|28298.47|OR|04||||||0|0|12/31/2024|0|0
H4OR04117|TAHER, IBRA|C|2|REP|0|0|0|0|0|0|0|0|0|0|0|0|0|OR|04||||||0|0|11/05/2024|0|0
H4OR04125|DESPAIN, MONIQUE|C|2|REP|908908.33|44014.94|905643.68|0|0|3264.65|0|12000|0|12000|0|3500|662547.39|OR|04||||||187348|2998|12/31/2024|8550|0
H4OR05270|EASTON, KEVIN|C|1|DEM|8972.21|0|8972.21|0|0|0|0|5531|0|0|0|0|3441.2|OR|05||||||0|0|10/26/2023|0|0
H4OR05288|PAHL, CAMERON CRIMINS|C|1|DEM|17967.9|0|17967.9|0|0|0|2490|15477.9|0|0|0|500|0|OR|05||||||0|0|05/01/2024|0|0
H4OR05296|PETERSON, LYNN|C|1|DEM|294066.54|0|294066.54|0|0|0|1950|0|0|0|0|0|275606.1|OR|05||||||12800|0|04/16/2024|1300|0
H4OR05304|BYNUM, JANELLE|C|1|DEM|7524631.65|148684.52|7479499.09|0|0|45132.56|0|0|0|0|0|0|6586068.9|OR|05||||||769351.44|1000|12/31/2024|77313.05|5200
H4OR05320|DAVIE, MATTHEW|C|1|DEM|62866.06|0|62866.06|0|0|0|20000|0|0|0|0|0|42399|OR|05||||||0|0|03/27/2024|15269.49|0
H8OR02161|MCLEOD-SKINNER, JAMIE|C|1|DEM|818996.72|3006.53|865115.58|3006.53|46118.86|0|0|0|0|0|0|0|752861.79|OR|05||||||44000|0|06/30/2024|75960.44|7750
H2OR05209|CHAVEZ-DEREMER, LORI|I|2|REP|6092658.62|1124290.93|5748786.1|477.58|9461.42|353333.94|0|0|0|91522.44|0|303477.56|2853774.22|OR|05||||||2051376.79|11500|12/31/2024|22662.5|3900
H4OR05353|FEINTECH, SONJA|C|3|LIB|4654|0|4645.87|0|0|8.13|0|0|0|0|0|719.57|4654|OR|05||||||0|0|12/31/2024|0|0
H4OR05312|AASEN, ANDREW J|C|3|NON|45117|0|53|0|62.94|35064|10112|35000|0|0|0|35000|5|OR|05||||||0|0|12/31/2023|0|0
H4OR05338|SMITH, BRETT|C|3|NPA|8727|0|7907.46|0|0|819.54|5000|0|0|0|0|0|3727|OR|05||||||0|0|09/30/2024|0|0
H2OR01216|REYNOLDS, STEVEN CODY|C|1|DEM|3275.5|0|4520|0|7163.96|5919.46|0|0|0|0|0|2200006|0|OR|06||||||0|0|12/31/2024|0|0
H2OR06066|SALINAS, ANDREA|I|1|DEM|5395319.72|209617.35|5340129.58|20000|6284.5|61474.64|0|0|0|0|0|0|3687290.61|OR|06||||||1456803.31|10040.3|12/31/2024|45363.59|8000
H2OR01240|RUSS, DAVID HONORABLE|C|2|REP|10060|0|3140|0|0|14270|3300|3140|0|0|0|10070|3620|OR|06||||||0|0|12/31/2024|0|0
H2OR06124|ERICKSON, MIKE|C|2|REP|1190896.82|1720.99|1194366.9|0|3539.9|69.82|201|570750|0|15000|0|3323100|531924.88|OR|06||||||81299.95|5000|12/31/2024|10701.74|0
H4OR06013|BOLES, DENYC|C|2|REP|74050.46|0|48346.52|0|0|25703.94|0|0|0|0|0|0|69021.64|OR|06||||||5000|0|12/31/2024|4446.39|0
H2PA01099|EHASZ, ASHLEY|C|1|DEM|3961549.18|35950|3962973.73|0|6147.56|4723.01|0|0|0|0|0|0|3592806.96|PA|01||||||308436|10000|12/31/2024|43380.42|1333.73
H4PA01111|HOUCK, MARK JUSTIN SR|C|2|REP|173105.03|0|174404.04|0|0|-1299.01|2468|1800|0|443|0|1357|164127.03|PA|01||||||4675|0|12/31/2024|25|0
H6PA08277|FITZPATRICK, BRIAN|I|2|REP|6439520.45|1470868.87|3476904.72|0|1459914.25|4422529.98|0|0|0|0|0|24750|2294159.91|PA|01||||||2640117.62|10150|12/31/2024|119230.77|12300
H0PA02091|SNOW, SALEM|C|1|DEM|2215|0|1163.03|0|1375.22|2427.19|0|0|0|0|0|1500|2215|PA|02||||||0|0|03/31/2023|0|0
H4PA13199|BOYLE, BRENDAN F|I|1|DEM|2337216.44|0|843874.24|306000|2344941.15|3838283.35|0|0|0|0|0|0|635500.61|PA|02||||||1112299.44|0|12/31/2024|7512|0
H4PA02069|BASHIR, AARON|C|2|REP|23945.48|0|23697.85|0|820|1067.63|0|0|0|0|0|1495|15219.06|PA|02||||||7000|0|12/31/2024|500|0
H6PA02171|EVANS, DWIGHT|I|1|DEM|976087.83|0|1033566.16|0|133615.52|76137.19|0|0|0|0|0|0|318454.11|PA|03||||||657156.17|0|12/31/2024|0|0
H8PA04116|DEAN, MADELEINE|I|1|DEM|1752523.6|0|1488677.43|0|704894.98|968741.15|0|0|0|0|0|0|806676.21|PA|04||||||917260|0|12/31/2024|2478.13|2500
H4PA04107|WINKLER, DAVID JOHN MR.|C|2|REP|73455.1|1654.05|11483|0|6583.91|33400|809.05|52100|0|0|0|24000|18892|PA|04||||||0|0|09/30/2024|0|0
H8PA07200|SCANLON, MARY GAY|I|1|DEM|1532211.38|0|1517047.05|0|302581.44|317745.77|0|0|0|50000|0|0|827747.24|PA|05||||||696680.57|0|12/31/2024|2351.65|1000
H0PA05094|PRUETT, DASHA|C|2|REP|3535|0|1000|0|10847.63|13382.63|0|0|0|0|0|0|3535|PA|05||||||0|0|12/31/2024|0|0
H2PA05116|DEVAUGHN-GOODWIN, ALFEIA|C|2|REP|20691.95|0|15279.31|0|0|5412.64|0|100|0|0|0|100|14204.45|PA|05||||||3842.5|0|12/31/2024|0|0
H8PA06087|HOULAHAN, CHRISSY|I|1|DEM|2502687.77|98078.54|2054769.4|0|2957694.86|3405613.23|0|0|0|0|0|0|1321366.29|PA|06||||||917523.99|0|12/31/2024|4915.5|600
H4PA06060|YOUNG, NEIL CARLIN MR. JR.|C|2|REP|41394.32|0|41254.74|0|0|139.58|100|0|0|0|0|0|38794.32|PA|06||||||2500|0|12/31/2024|0|2000
H8PA15229|WILD, SUSAN|I|1|DEM|8960927.65|910139.3|8946230|0|53961.35|68659|40|0|0|0|0|0|6604896.42|PA|07||||||1393265.46|10407.89|12/31/2024|81835.36|19700
H2PA07096|DELLICKER, KEVIN|C|2|REP|564235.67|0|563980.07|0|1512.2|1767.8|0|71000|0|0|0|170039.89|484778.07|PA|07||||||8457.6|0|12/31/2024|9300|0
H4PA07100|MONTERO, MARIA|C|2|REP|251491.39|9100|250805.09|25|0|686.3|4474.16|9000|0|5000|0|4000|200604.38|PA|07||||||27700|162.23|12/31/2024|11501|8300
H4PA07126|ISSA, ALLEN|C|2|REP|24090|0|24090|0|0|0|0|0|0|0|0|0|24090|PA|07||||||0|0|02/29/2024|9385.75|0
H8PA15195|MACKENZIE, RYAN EDWARD|C|2|REP|1818407.11|502315.34|1715167.2|69383.46|0|103239.91|0|0|0|0|0|0|886645.14|PA|07||||||419249.05|10000|12/31/2024|21202.51|3500
H2PA17079|CARTWRIGHT, MATTHEW A.|I|1|DEM|8650657.78|738792.57|8614503.43|0|52620.29|88774.64|0|0|0|0|0|242800|5891382.71|PA|08||||||1882206.08|10000|12/31/2024|58476.63|9000
H4PA08124|BRESNAHAN, ROB|C|2|REP|4540166.17|742420.95|4487013.8|0|0|53152.37|39875.63|1276000|0|800000|0|1356061.38|1782977.17|PA|08||||||687275|5000|12/31/2024|14559.04|2000
H2PA09126|WALDMAN, AMANDA|C|1|DEM|16955.9|0|9300.82|0|1277.3|9044.38|0|0|0|0|0|0|13849.12|PA|09||||||2456.78|650|12/31/2024|0|0
H8PA10147|MEUSER, DANIEL|I|2|REP|1816497.44|19448|1886701|50000|103850.29|33646.73|0|0|0|0|0|250000|886293.01|PA|09||||||839150.95|0|12/31/2024|7970.18|2000
H2PA10116|COPLEN, RICK|C|1|DEM|121709.7|0|121709.7|0|0|0|21612.11|21500|0|0|0|0|78597.59|PA|10||||||0|0|05/15/2024|238|0
H2PA10124|DANIELS, SHAMAINE MS|C|1|DEM|81033.49|0|81688.14|0|1598.04|943.39|113|0|0|0|0|91764.44|74556.93|PA|10||||||4050|1000|12/31/2024|60|0
H4PA10088|O'BRIEN, MICHAEL|C|1|DEM|794911.72|14071.28|791547.52|0|0|3364.2|1239.85|0|0|0|0|0|738473.39|PA|10||||||32500|73|12/31/2024|25192|1000
H4PA10104|STELSON, JANELLE|C|1|DEM|6521826.18|491169.95|6506588.7|0|0|15237.48|0|0|0|0|0|0|5380074.63|PA|10||||||623696.44|9723.58|12/31/2024|52984.65|4500
H4PA10112|BROADHURST, JOHN|C|1|DEM|21842.64|0|21775.63|0|0|67.01|0|0|0|0|0|8788.3|21842.64|PA|10||||||0|0|04/03/2024|5244.16|0
H4PA10120|LYNCH, BLAKE|C|1|DEM|86488.55|0|82870.4|0|0|3618.15|0|0|0|0|0|23566.33|80756.57|PA|10||||||5500|0|04/03/2024|100|0
H2PA04135|PERRY, SCOTT|I|2|REP|4528660.87|368590.04|4619860.38|1000|173118.49|81918.98|0|0|0|0|0|17533.04|3601588.21|PA|10||||||548400|5000|12/31/2024|51813.04|5500
H4PA11078|BAKER, DAVID|C|1|DEM|7704.35|0|7704.35|0|0|0|700|0|0|0|0|0|6908.25|PA|11||||||96.1|0|09/30/2024|0|0
H4PA11094|ATKINSON, JAMES FREDRICK|C|1|DEM|20553.49|0|19479.21|0|0|1074.28|0|3927.25|0|3927.25|0|0|13438.06|PA|11||||||188.18|3000|12/31/2024|0|0
H6PA16320|SMUCKER, LLOYD K.|I|2|REP|1827917.74|355384.9|1803649.46|0|879823.65|904091.93|0|0|0|0|0|0|314514.69|PA|11||||||1052021.8|238.13|12/31/2024|3800|1000
H2PA18200|LEE, SUMMER|I|1|DEM|2959031.02|127659.75|1971818.87|0|24366.96|1011579.11|0|0|0|0|0|0|2498511.25|PA|12||||||330384.99|0|12/31/2024|32413.8|1000
H2PA18259|PATEL, BHAVINI|C|1|DEM|701477.21|0|680975.11|0|20579.23|41081.33|0|0|0|0|0|1736.64|649221.71|PA|12||||||51250|0|12/31/2024|14830|1000
H4PA12076|MACDONALD, LAURIE|C|1|DEM|126170|0|116041.47|0|0|0|105000|8000|0|0|0|169862|13170|PA|12||||||0|0|12/31/2024|0|0
H4PA12068|HAYES, JAMES DR.|C|2|REP|136244.75|0|135559.24|0|0|685.51|0|0|0|0|0|10132.98|124694.75|PA|12||||||6550|5000|12/31/2024|0|0
H4PA13298|FARNHAM, ELIZABETH RHOADS|C|1|DEM|65574.82|0|64813.59|0|0|761.23|485.81|0|0|0|0|0|58184.56|PA|13||||||3958.48|2720|12/31/2024|0|0
H8PA13125|JOYCE, JOHN|I|2|REP|2258417.8|588586.57|1470449.02|0|1812169.31|2600138.09|0|0|0|604282|0|302141|273900.17|PA|13||||||1353624.45|0|12/31/2024|1730|1000
H4PA14080|BACH, KENNETH JAMES MR.|C|1|DEM|18780.16|0|10760.24|0|0|223.76|0|0|0|0|0|0|10984.04|PA|14||||||0|0|04/30/2024|0|0
H4PA14106|DZIADOS, CHRISTOPHER RYAN|C|1|DEM|283275.01|0|283275.01|0|0|0|0|0|10000|0|10000|0|259515.01|PA|14||||||10250|3500|12/31/2024|1810|0
H8PA18199|RESCHENTHALER, GUY MR.|I|2|REP|4357253.46|278905.77|4312667.98|0|504494.68|549080.16|0|0|0|0|0|0|2608838.88|PA|14||||||1439200|0|12/31/2024|2776|7800
H4PA15152|WOMER, ZACHERAY MR.|C|1|DEM|140130.36|0|132881.98|0|1317|8565.38|0|0|0|0|0|0|136080.36|PA|15||||||2500|1550|12/31/2024|130|0
H4PA15178|MARTIN, GRANT|C|2|REP|0|0|0|0|0|0|0|0|0|0|0|0|0|PA|15||||||0|0|12/31/2024|0|0
H8PA05071|THOMPSON, GLENN MR.|I|2|REP|2857767.11|91968.2|2419749.26|0|353776.05|791793.9|0|0|0|0|0|0|1265805.78|PA|15||||||1496560.96|0|12/31/2024|30932.15|3700
H4PA16093|NOURI, PRESTON|C|1|DEM|784759.4|0|771634.33|0|0|13125.07|30587.52|65780|0|11600|0|71847.69|656391.88|PA|16||||||29500|2500|12/31/2024|9484.45|1000
H0PA03271|KELLY, GEORGE J JR|I|2|REP|1670916.24|0|1527434.38|0|899205.92|1042687.78|0|0|0|0|0|95000|544088.32|PA|16||||||1125950|0|12/31/2024|38081.68|8700
H4PA16101|KRAMER, TIMOTHY D|C|2|REP|14250.14|0|14162.49|0|0|87.65|12551.67|0|0|0|0|0|1598.47|PA|16||||||0|0|12/31/2024|0|0
H2PA17103|DELUZIO, CHRISTOPHER|I|1|DEM|5064885.7|607403.32|4733341.86|0|22127.83|353671.67|0|0|0|0|0|0|3366021.96|PA|17||||||1070492.26|10047.32|12/31/2024|27649.69|9000.01
H4PA17158|NELSON, JAMES D. DR.|C|2|REP|46085.97|0|46085.97|0|0|0|0|0|0|0|0|0|38465.29|PA|17||||||7300|0|04/03/2024|0|0
H4PA17166|MERCURI, ROBERT W|C|2|REP|1802095.1|418581.69|1773204.89|0|0|28890.21|0|0|0|0|0|0|874988.8|PA|17||||||486973|5000|12/31/2024|2500|3000
H4PA17182|CUTERI, CLAYTON ALEXANDER|C|3|OTH|6205.88|0|6205.88|0|0|0|723.88|0|0|0|0|0|5482|PA|17||||||0|0|12/31/2024|0|0
H4PR01010|HERNANDEZ RIVERA, PABLO JOSE|C|1|DEM|1540339.6|0|1528373.37|0|0|11966.23|1000|0|0|0|0|1140.8|1474785.54|PR|00||||||59202.99|0|12/31/2024|7308.06|0
H4PR01069|RIVERA-LASSEN, ANA IRMA|C|1|DEM|135768.6|0|120712.35|0|0|41696.41|0|0|0|0|0|0|133768.6|PR|00||||||1000|0|12/31/2024|0|0
H4PR01036|MELENDEZ, JOSE E|C|2|REP|33430|0|25676.67|0|0|7753.33|0|0|0|0|0|0|33430|PR|00||||||0|0|12/31/2024|6600|0
H4PR00103|VILLAFANE RAMOS, WILLIAM ELY|C|3|NPP|828164.04|0|819992.56|0|0|8171.48|0|0|0|0|0|18452.84|818164.04|PR|00||||||10000|0|12/31/2024|0|0
H4PR01051|ROMAN, ELMER LUIS|C|3|NPP|88050|0|80274.49|0|0|0|0|0|0|0|0|0|74450|PR|00||||||13600|0|10/24/2024|0|0
H6PR00082|GONZALEZ COLON, JENNIFFER|I|3|PNP|1176247.89|16900|1542985.54|901490.24|373669.42|6931.77|0|0|0|0|0|0|1129347.89|PR|00||||||30000|0|12/31/2024|112986|0
H0RI01073|CICILLINE, DAVID|I|1|DEM|12272.79|2789.4|369609.22|0|850338.32|493001.89|0|0|0|0|0|0|8116.58|RI|01||||||0|0|12/31/2024|13190|19100
H2RI02069|DICKINSON, SPENCER E|C|1|DEM|79900|0|61322.79|0|0|0|0|90400|0|27071.71|0|0|500|RI|01||||||0|0|12/31/2024|0|0
H4RI01166|CANO, SANDRA C|O|1|DEM|367321.62|0|367311.62|0|0|10|0|80000|0|7509.58|0|72490.42|260919.62|RI|01||||||17902|8500|12/31/2024|7100|0
H4RI01174|MATOS, SABINA|O|1|DEM|683027.53|0|681500.25|0|0|1527.28|0|25000|0|2000|0|86660|529296.72|RI|01||||||126791.56|0|12/31/2024|11250|5000
H4RI01182|BIAH, NATHAN|O|1|DEM|1030|0|952.53|0|0|77.47|0|0|0|0|0|0|1030|RI|01||||||0|0|09/30/2023|0|0
H4RI01190|AUTIELLO, NICHOLAS|O|1|DEM|231184.35|0|231184.35|0|0|0|7210|12910|0|12910|0|0|210624.67|RI|01||||||0|0|06/30/2024|34|0
H4RI01208|GONCALVES, JOHN|O|1|DEM|206448.57|0|206448.57|0|0|0|1902.72|0|0|0|0|0|201329.85|RI|01||||||500|0|09/29/2023|2370|500
H4RI01216|REGUNBERG, AARON|O|1|DEM|796444.03|0|783085.17|0|0|13358.86|128|41000|0|0|0|58216.5|675469.17|RI|01||||||58431.4|0|12/31/2024|53508|500
H4RI01224|QUEZADA, ANA B MRS.|O|1|DEM|92852.69|0|92654.9|0|0|197.79|0|0|0|0|0|0|92852.69|RI|01||||||0|0|12/01/2023|0|0
H4RI01232|CASEY, STEPHEN M|O|1|DEM|105835.06|0|79854.11|0|0|25980.95|0|0|0|0|0|0|105820|RI|01||||||0|0|12/31/2024|0|0
H4RI01257|CARLSON, DON|C|1|DEM|1039276.76|0|1039276.76|0|0|0|2890|600000|0|163825.51|0|0|366446.83|RI|01||||||3000|0|11/14/2023|59430|0
H4RI01265|AMO, GABRIEL F|C|1|DEM|2575711.85|21.02|1641064.36|0|0|934647.49|0|0|0|0|0|0|1895824.57|RI|01||||||675562.51|0|12/31/2024|6880|0
H4RI01273|BERBRICK, WALTER|O|1|DEM|204054.79|0|204054.79|0|0|0|7627.22|0|0|0|0|0|186529.01|RI|01||||||6000|0|10/13/2023|31150|0
H4RI01281|ABNEY, MARVIN L.|O|1|DEM|206041.67|0|189817.35|0|0|1452.44|0|50541.67|50000|0|50000|100042.99|52400|RI|01||||||3100|0|12/31/2024|0|550
H4RI01299|BEAUTE, STEPHANIE E|O|1|DEM|26157.42|0|26157.42|0|0|0|4550.42|0|0|0|0|0|21556|RI|01||||||0|0|12/31/2023|1310|0
H4RI01349|MUNDY, GREGORY LYMAN MR.|O|1|DEM|0|0|0|0|0|0|0|0|0|0|0|0|0|RI|01||||||0|0|09/30/2023|0|0
H2RI01202|WATERS, ALLEN|C|2|REP|21583|0|19991.31|0|0|1888.97|354.15|0|0|0|0|.99|20911|RI|01||||||0|0|12/31/2024|0|0
H4RI01141|WATERS, ALLEN|C|2|REP|21583|0|19991.31|0|0|1888.97|354.15|0|0|0|0|0|20911|RI|01||||||0|0|12/31/2024|0|0
H4RI01315|EKPETE, ULOMA S. KAMA DR.|O|2|REP|15708.7|0|6407.04|0|0|9301.66|7325|0|1058.7|0|0|1058.7|7325|RI|01||||||0|0|06/30/2023|0|0
H4RI01323|LEONARD, GERRY W JR|O|2|REP|303296.29|0|303296.29|0|0|0|0|100000|0|0|0|100000|192994.84|RI|01||||||7000|3301.45|12/04/2024|500|0
H2RI02184|MAGAZINER, SETH|I|1|DEM|2040391.32|28538.28|1204049.12|0|40623.03|876965.23|0|0|0|0|0|0|1169643.62|RI|02||||||748354.21|0|12/31/2024|7473.93|1500
H4RI02115|CORVI, STEVEN J|C|2|REP|5619.55|0|3226.73|0|1046.64|3447.78|0|0|0|0|0|0|3619.55|RI|02||||||2000|0|12/31/2024|0|0
H4SC01297|MOORE, MICHAEL B|C|1|DEM|1094452.8|0|1093783.56|0|0|669.24|3300|65500|0|0|0|70014.95|991604.43|SC|01||||||22450|0|12/31/2024|48912.96|4000
H4SC01305|DEFORD, WILLIAM MCADOO MAC|C|1|DEM|472600.36|0|472600.36|0|0|0|93402.32|25200|0|666.86|0|0|352998.04|SC|01||||||1000|0|10/14/2024|11600.26|0
H0SC01394|MACE, NANCY|I|2|REP|3481911.88|1705017.58|3028236.46|0|210960.82|664636.24|0|0|0|0|0|100|1181000.83|SC|01||||||593500|0|12/31/2024|14760|5200
H4SC01321|HANLON, DANIEL|C|2|REP|0|0|0|0|0|0|0|0|0|0|0|0|0|SC|01||||||0|0|03/29/2024|0|0
H4SC01339|TEMPLETON, CATHERINE|C|2|REP|743956.94|0|743956.94|0|0|0|27100|0|0|0|0|0|697828.12|SC|01||||||19000|0|09/30/2024|61816.99|5000
H4SC01347|YOUNG, BILL|C|2|REP|21881|0|20371.37|0|0|1509.63|1|0|0|0|0|0|21880|SC|01||||||0|0|06/30/2024|0|0
H4SC02089|ROBINSON, ROGER DAVID JR|C|1|DEM|13806.7|0|11179.98|0|0|2591.72|0|0|0|0|0|0|13806.7|SC|02||||||0|0|12/31/2024|370.98|0
H2SC02059|WILSON, JOE THE HON.|I|2|REP|880967.81|17400.51|1100949.7|0|264495.07|44513.18|0|0|0|0|0|0|466814.45|SC|02||||||396750|0|12/31/2024|2000.28|3000
H4SC03244|BEST, BRYON L|O|1|DEM|46624.47|0|42855.23|0|0|3769.24|0|0|0|0|0|0|44024.47|SC|03||||||0|2600|10/16/2024|0|0
H0SC03077|DUNCAN, JEFFREY D MR.|I|2|REP|820074.92|0|872032.73|0|709677.64|657719.83|0|0|0|0|0|0|357127.9|SC|03||||||410537.51|0|12/31/2024|1700|30800.01
H2SC04147|BURNS, MARK|O|2|REP|789646.16|0|788435.32|0|1345.75|2556.59|0|750000|0|0|0|985457.06|39146.16|SC|03||||||500|0|12/31/2024|3300|0
H4SC01313|BIGGS, SHERI|O|2|REP|1076795.61|0|972710.35|0|0|104085.26|0|395000|0|0|0|395000|403495.6|SC|03||||||278300|0|12/31/2024|7077.75|0
H4SC03178|HEALY, PHILIP MARK MR|O|2|REP|24888.01|0|24888.01|0|0|0|21946.21|0|0|0|0|0|2356.8|SC|03||||||0|0|06/12/2024|200|0
H4SC03186|ORR, PATRICK|O|2|REP|0|0|0|0|0|0|0|0|0|0|0|0|0|SC|03||||||0|0|03/31/2024|0|0
H4SC03202|JONES, STEWART|O|2|REP|307145.04|0|307145.04|0|0|0|0|20000|0|20000|0|0|275605.37|SC|03||||||10500|0|11/19/2024|6765|0
H4SC03210|FRANCO, FRANKY|O|2|REP|123670.64|0|123656.23|0|0|14.41|0|84912.34|0|0|0|84912.34|38758.3|SC|03||||||0|0|12/31/2024|0|0
H4SC03236|BISHOP, KEVIN|O|2|REP|210049.07|0|209549.07|0|0|500|0|50000|0|22344.78|0|27655.22|150049.07|SC|03||||||10000|0|12/31/2024|10170.7|0
H4SC03152|BEDENBAUGH, MICHAEL|O|3|OTH|7002.98|0|541.66|0|541.66|0|0|0|0|541.66|0|0|7002.98|SC|03||||||0|0|12/02/2024|0|0
H4SC04101|HARVEY, KATHRYN|C|1|DEM|520486.15|0|513955.15|0|0|6531|3545.64|0|0|0|0|0|508352.22|SC|04||||||5000|0|12/31/2024|10473.14|0
H4SC04093|MORGAN, ADAM|C|2|REP|645975.15|0|643022.11|0|0|2953.04|500|275000|0|0|0|276092.55|355348.84|SC|04||||||9000|0|09/30/2024|13541.23|0
H8SC04250|TIMMONS, WILLIAM R IV|I|2|REP|2312884.39|41058.59|2304783.22|0|12013.85|20115.02|0|930000|0|981300|0|309538.32|344475.8|SC|04||||||997350|0|12/31/2024|1950|0
H2SC05102|HUNDLEY, EVANGELINE|C|1|DEM|29577.33|0|29056.38|0|0|520.95|0|6385|0|0|0|2000|22192.33|SC|05||||||0|1000|12/31/2024|0|0
H8SC05158|NORMAN, RALPH W. JR.|I|2|REP|397514.59|0|334453.7|0|531549.79|594610.68|0|0|0|0|0|0|164177.58|SC|05||||||230700|0|12/31/2024|250|0
H2SC02042|CLYBURN, JAMES E.|I|1|DEM|2222667.81|0|2678076.19|0|2294535.61|1839127.23|0|0|0|0|0|0|736486.77|SC|06||||||1467902.51|0|12/31/2024|606.5|0
H2SC06142|BUCKNER, DUKE|C|2|REP|243079.3|0|234244.15|0|1114.13|9949.28|1117|25000|0|0|0|31800|207325.86|SC|06||||||0|7248.02|12/31/2024|897|0
H4SC06148|SCOTT, JUSTIN NATHANIEL|C|2|REP|10564.29|0|10564.29|0|0|0|0|0|0|0|0|0|10564.11|SC|06||||||0|0|09/30/2024|0|0
H2SC06134|DIXON, GREGG|C|3|OTH|112943.58|0|129089.34|0|18038.54|1676.83|0|0|0|0|0|0|112537.58|SC|06||||||406|0|12/31/2024|402|0
H6SC07018|HYMAN, MAL|C|1|DEM|89555.08|0|89555.08|0|0|0|28205|25929.19|0|0|0|25929.19|35420.89|SC|07||||||0|0|12/31/2024|0|0
H2SC07280|FRY, RUSSELL|I|2|REP|1511709.79|31738.68|1160265.45|0|209738.35|561182.69|40|0|0|0|0|0|988164.43|SC|07||||||490945|0|12/31/2024|34866.17|3495
H4SC07021|BERRY, RODNEY|C|2|REP|8600|0|8600|0|0|0|100|0|0|0|0|0|8500|SC|07||||||0|0|03/31/2024|0|0
H4SD00064|JOHNSON, SHERYL|C|1|DEM|223982.88|0|225894.98|0|0|-1912.1|1250|0|0|0|0|0|194881.89|SD|00||||||11769.71|16031.28|12/31/2024|0|0
H4SD01039|KOVACH, ZACH|C|1|DEM|5793.94|0|5520.98|0|-195.72|-1302.76|0|3533.94|0|0|0|390.02|2260|SD|00||||||0|0|12/31/2023|0|0
H4SD00056|SANDERS, CHRISTOPHER|C|2|REP|0|0|0|0|0|0|0|0|0|0|0|0|0|SD|00||||||0|0|06/30/2024|0|0
H4SD01047|MCNEAL, JUSTIN SHAD MR|C|2|REP|104938.26|0|64517.95|0|0|40420.31|2000|50000|0|0|0|50000|49638.26|SD|00||||||3300|0|12/31/2024|0|3300
H4SD01054|MCNEAL, JUSTIN SHAD MR|C|2|REP|104938.26|0|64517.95|0|0|40420.31|2000|50000|0|0|0|50000|49638.26|SD|00||||||3300|0|12/31/2024|0|3300
H8SD01055|JOHNSON, DUSTY|I|2|REP|4377059.46|434750|1454148.22|40050|2322213.76|5245125|0|0|0|0|0|0|2374815.53|SD|00||||||1311730.8|0|12/31/2024|0|0
H0TN01118|HARSHBARGER, DIANA|I|2|REP|1930833.49|15275|1415175.06|130000|935110.7|1450769.13|0|0|0|0|0|1456793|889466.21|TN|01||||||985847.74|0|12/31/2024|9997.69|8500
H4TN02084|GEORGE, JANE ANNE|C|1|DEM|264281.11|0|257435.68|0|0|6845.43|0|0|0|0|0|0|258725.83|TN|02||||||3000|543.33|12/31/2024|75|0
H8TN02119|BURCHETT, TIM|I|2|REP|1238069.79|5100|1336137.46|0|826257.75|728190.08|0|0|0|0|0|1451.94|1073274.11|TN|02||||||138816.8|0|12/31/2024|8100|0
H4TN03199|ALLEN, JACK BURKS MR JR|C|1|DEM|193621.8|0|193621.8|0|0|0|22633.08|0|0|0|0|0|164519.81|TN|03||||||5188.18|1100.73|12/31/2024|0|0
H0TN03254|FLEISCHMANN, CHARLES J|I|2|REP|1897639.52|0|654108.91|0|2013521.47|3257052.08|0|0|0|0|0|0|1026695.07|TN|03||||||311250|363300|12/31/2024|7900|0
H4TN04270|BRODERICK, VICTORIA|C|1|DEM|111892.94|0|104290.2|0|89.71|7692.45|302.22|0|0|0|0|0|110272.54|TN|04||||||548.18|770|12/31/2024|3478|0
H0TN04195|DESJARLAIS, SCOTT HON.|I|2|REP|305905.38|0|255949.65|0|316062.63|366018.36|0|0|0|0|0|0|152104.88|TN|04||||||153600|0|12/31/2024|0|0
H4TN04247|DAVIS, THOMAS EUGENE|C|2|REP|9737.45|0|7897.81|0|300|2139.64|3185.07|2100|0|0|0|2100|4452.38|TN|04||||||0|0|12/31/2024|0|0
H4TN04254|DOCTORA, JOSEPH S DR.|C|2|REP|6350.96|0|6350|0|.96|1.92|6350|0|0|0|0|0|.96|TN|04||||||0|0|06/30/2024|0|0
H4TN04288|JAMES, JOSHUA|C|2|REP|5079.87|0|6494.96|0|1415.09|0|1890.75|0|0|0|0|0|3150|TN|04||||||0|0|09/30/2024|0|0
H4TN05145|ABOLFAZLI, MARYAM.|C|1|DEM|428527.89|0|428527.89|0|0|0|0|0|0|0|0|0|418611.7|TN|05||||||9000|0|12/22/2024|1950|0
H2TN05446|OGLES, ANDY|I|2|REP|986220.73|17260.35|1049024.42|2259.24|124724.33|61920.64|0|0|0|0|0|20000|680413.07|TN|05||||||273729.1|0|12/31/2024|13072.67|4500
H4TN05111|NIELSON, GEOFFREY STOKES|C|2|REP|269400|0|269400|0|0|0|0|255000|0|250000|0|5000|14400|TN|05||||||0|0|12/31/2023|0|0
H4TN05129|GUARENTE, THOMAS A|C|2|REP|193608|0|193608|0|0|0|228|65000|0|53941.49|0|11058.51|128380|TN|05||||||0|0|06/30/2024|128480|0
H4TN05137|JOHNSTON, COURTNEY|C|2|REP|982428.76|0|969441.66|0|0|12987.1|0|0|0|0|0|0|936808.76|TN|05||||||10000|0|12/31/2024|19600|5000
H4TN05152|FAPARUSI, YOMI FAPAS DR|C|3|IND|32066.38|0|32066.38|0|0|0|2166.38|15000|0|0|0|15000|14900|TN|05||||||0|0|12/31/2024|0|0
H4TN05160|TITLEY, BOB R.|C|3|IND|89635.65|0|98898.87|0|0|-9263.22|89535.65|0|0|0|0|0|100|TN|05||||||0|0|12/31/2024|0|0
H4TN06192|KENNEDY, JOHN PERKINS|O|1|DEM|11531|0|11531|0|0|0|0|0|0|0|0|0|11531|TN|06||||||0|0|09/30/2024|40|0
H4TN06200|FOCHT, CYRIL JASON|O|1|DEM|65100.5|0|65100.5|0|0|0|1775.1|33682.58|0|878.21|0|0|29642.64|TN|06||||||0|0|09/27/2024|25|0
H4TN06226|BERGMAN, LORE ANN|O|1|DEM|9791.55|0|9791.55|0|0|0|0|0|0|0|0|0|8845.74|TN|06||||||250|665|11/25/2024|0|0
H8TN06094|ROSE, JOHN W.|I|2|REP|1861461.35|58910.63|1710030.03|0|832323.01|983754.33|0|200000|0|750000|0|974129.54|1287826.89|TN|06||||||310723.83|0|12/31/2024|2291|2500
H4TN07133|BARRY, MEGAN|O|1|DEM|1246179.55|0|1246179.55|0|0|0|0|0|0|0|0|0|1207217.05|TN|07||||||33962.5|5000|12/31/2024|3397.15|175
H4TN07166|OGLES, BRANDON THOMAS|O|2|REP|5000|0|5000|0|0|0|0|5000|0|5000|0|0|0|TN|07||||||0|0|12/31/2024|0|0
H8TN07076|GREEN, MARK DR.|I|2|REP|2193882.05|531778.97|2254371.99|0|127347.31|66857.37|0|0|0|0|0|0|1354529.89|TN|07||||||284500|3000|12/31/2024|29900|2000
H4TN07174|GREENE, SHAUN JOSEPH|O|3|IDP|261.84|0|254.84|0|0|0|80.37|0|0|0|0|0|100|TN|07||||||0|0|12/31/2024|0|0
H4TN08115|PERKINS, LEONARD REV SR|C|1|DEM|14064.94|0|13777.39|0|0|287.55|0|10000|0|7128|0|2872|4064.94|TN|08||||||0|0|10/03/2024|0|0
H4TN08123|FREEMAN, SARAH|C|1|DEM|37090.24|0|35672.33|0|0|1417.91|0|18400|0|0|0|18400|18242.06|TN|08||||||188.18|250|12/31/2024|0|0
H2TN07103|KUSTOFF, DAVID|I|2|REP|2498788.64|239049.07|1599321.82|60500|1159993.99|2059460.81|0|0|0|72500|0|236500|1062985.23|TN|08||||||1116370.42|0|12/31/2024|8000|1500
H2TN08077|HART, JAMES|C|3|IND|594.97|0|2814.39|0|2217.96|0|179.44|0|0|1516.43|0|0|415|TN|08||||||0|0|12/31/2024|0|0
H0TN09129|STRONG, COREY O|C|1|DEM|103823|0|96307.25|0|0|7515.75|0|5000|0|0|0|5000|98823|TN|09||||||0|0|07/12/2024|0|0
H6TN09068|COHEN, STEVE I MR.|I|1|DEM|703466.48|0|432301.02|5|1448668.23|1719832.69|0|0|0|0|0|0|120903.16|TN|09||||||509666.78|0|12/31/2024|0|0
H8TN09106|SMITH, KASANDRA L|C|1|DEM|10795|0|8191.8|0|0|0|0|5000|0|212.09|0|230.88|795|TN|09||||||0|0|09/30/2024|0|0
H0TN09061|BERGMANN, CHARLOTTE|C|2|REP|57468.61|0|47462.13|0|-8449.47|3440.68|9021.26|0|0|0|0|51650.56|48447.35|TN|09||||||0|0|12/31/2024|0|0
H4TN09105|BOHANON, ANTWANE|C|2|REP|0|0|0|0|0|0|0|0|0|0|0|0|0|TN|09||||||0|0|12/31/2023|0|0
H2TX01112|MORAN, NATHANIEL QUENTIN|I|2|REP|1084376.71|400626.75|822175.05|0|118744.46|380946.12|4733.7|0|0|0|0|0|323316.25|TX|01||||||355200|0|12/31/2024|23744.85|0
H4TX02181|FILLER, PETER STEVEN|C|1|DEM|8114.5|0|8057.93|0|0|56.57|0|0|0|0|0|0|8114.5|TX|02||||||0|0|12/31/2024|0|0
H2TX08158|ELLIS, JAMESON|C|2|REP|38675.66|0|39520.31|0|186.89|48.19|0|0|0|0|0|2250|38581.57|TX|02||||||0|0|12/31/2024|300|0
H8TX02166|CRENSHAW, DANIEL|I|2|REP|4138444.96|474411.54|4806581.17|40000|1137443.96|469307.75|0|0|0|0|0|0|2749760.1|TX|02||||||840946.55|0|12/31/2024|14986.69|3650
H2TX03274|SRIVASTAVA, SANDEEP KUMAR|C|1|DEM|430070.56|0|428977.01|0|3592.91|4686.46|0|277500|0|0|0|620733.73|147270.56|TX|03||||||4800|500|12/31/2024|11600|0
H2TX03290|SELF, KEITH ALAN MR|I|2|REP|735660.61|0|651233.67|0|24913.95|109340.89|5711.58|0|0|0|0|0|497474.68|TX|03||||||226485.93|0|12/31/2024|4900|0
H2TX03316|IVANOVSKIS, JEREMY DANIEL|C|2|REP|4980.35|0|5080.35|0|0|0|4780.35|0|0|0|0|0|200|TX|03||||||0|0|12/31/2024|0|0
H2TX32125|PORRO, JOHN CHARLES MR.|C|2|REP|117605.14|0|119411.3|0|1806.16|0|300|50000|0|9452.62|0|0|67003.35|TX|03||||||0|0|07/08/2024|0|0
H4TX03122|PENNIE, DEMETRICK TRE DR.|C|2|REP|62503.41|0|61324.19|0|0|1179.22|0|1000|0|1000|0|4905.35|61256.96|TX|03||||||0|0|12/31/2024|610|0
H4TX03130|HARP, SUZANNE CASSIMATIS|C|2|REP|52193.1|0|52193.1|0|0|0|0|0|0|0|0|0|44371|TX|03||||||4322.1|0|03/15/2024|0|0
H4TX04161|CARDELL, SIMON WB|C|1|DEM|17744.56|0|16133.2|0|918.57|2529.93|0|0|1400|0|0|1400|16344.56|TX|04||||||0|0|09/30/2024|0|0
H0TX04219|FALLON, PATRICK|I|2|REP|799721.08|121741.67|397232.3|0|257589.49|660078.27|0|0|0|0|0|25000|312813.35|TX|04||||||364743.88|0|12/31/2024|47983.29|5000
H2TX04132|THOMAS, DANIEL M.|C|2|REP|55|0|2.16|0|123.49|176.33|0|0|0|0|0|14551.21|55|TX|04||||||0|0|12/31/2024|0|0
H2TX05253|TORRES, RUTH MS.|C|1|DEM|39343.31|0|38990.7|0|10.36|362.97|0|5300|10000|0|0|18040.14|24043.31|TX|05||||||0|0|12/31/2024|0|0
H8TX05144|GOODEN, LANCE|I|2|REP|1136643.85|129606.34|889505.17|0|470218.28|717356.96|0|0|0|0|0|0|393366.05|TX|05||||||591825.63|0|12/31/2024|0|0
H4TX06224|LOVE, JOHN BENARD III|C|1|DEM|135300.64|0|123995.08|0|1004.78|11958.15|0|0|0|0|0|0|133773.65|TX|06||||||500|0|12/31/2024|0|0
H4TX06208|WILEY, CLIFFORD R|C|2|REP|16015|0|17100.89|0|324.59|-2501.73|7000|0|0|0|0|0|9015|TX|06||||||0|0|02/14/2024|0|0
H4TX06232|BUFORD, JAMES|C|2|REP|11443.49|0|11408.89|0|0|34.6|1000|0|0|0|0|0|10443.49|TX|06||||||0|0|12/31/2024|0|0
H8TX06266|ELLZEY, JOHN KEVIN SR.|I|2|REP|6899715.28|957068.52|6401941.63|0|597673.99|1095447.64|0|0|0|0|0|0|5190701.36|TX|06||||||729414.16|0|12/31/2024|397630.09|1000
H4TX07081|AGWAN, PERVEZ S|C|1|DEM|1752285.27|0|1752318|0|0|-32.73|5600|0|0|0|0|105000|1739181.97|TX|07||||||0|0|12/31/2024|5420|0
H8TX07140|FLETCHER, ELIZABETH|I|1|DEM|2440397.07|549634.42|2445442.11|0|1321706.83|1316661.79|0|0|0|0|0|0|921386.5|TX|07||||||949985.75|0|12/31/2024|11659|1000
H2TX07119|COHEN, TINA MRS.|C|2|REP|100105|0|39641.02|0|33419.71|93883.69|0|0|0|0|0|50000|100105|TX|07||||||0|0|12/31/2024|0|0
H4TX07099|KANE, CAROLINE|C|2|REP|196406.25|0|197517.38|0|0|-1111.13|12414.85|15000|0|3000|0|16247.44|167381.55|TX|07||||||1500|0|12/31/2024|1285.1|0
H4TX07131|BRYANT, CAROLYN BONITA|C|2|REP|14026.85|0|14026.85|0|0|0|6350.78|0|0|0|0|0|1438.36|TX|07||||||0|0|03/09/2024|0|0
H4TX07149|OMORUYI, KENNETH EHIOSU|C|2|REP|268381.83|0|268128.48|0|0|253.35|500|114680|26180|1930|0|138930|121521.83|TX|07||||||5000|0|12/31/2024|0|0
H0TX08145|JONES, LAURA|C|1|DEM|49529.73|0|47437.9|0|418.78|2500.75|0|3620|0|2577.7|0|2320|45787.73|TX|08||||||0|0|12/31/2024|0|0
H2TX08182|LUTTRELL, MORGAN JOE|I|2|REP|1868399.92|358030.39|1429651.02|138.7|261802.77|700551.67|0|0|0|0|0|0|1152415.02|TX|08||||||356105.18|0|12/31/2024|6600|0
H4TX09095|GREEN, ALEXANDER|I|1|DEM|392514.28|0|439824.17|0|266394.88|219084.99|0|0|0|50000|0|0|217887.67|TX|09||||||174514.23|0|12/31/2024|0|2000
H4TX10218|MCPHAIL, KEITH|C|1|DEM|375|0|7985|0|0|0|0|0|0|0|0|0|375|TX|10||||||0|0|03/05/2024|0|0
H4TX10226|BOISSEAU, THERESA|C|1|DEM|100409.72|0|110429.72|0|0|0|0|25020|0|18440.14|0|6579.86|67384.72|TX|10||||||0|8005|12/31/2024|0|0
H4TX10093|MCCAUL, MICHAEL|I|2|REP|3131114.63|958000|3260803.34|0|260757.62|131068.91|0|0|0|0|0|0|1464364.63|TX|10||||||708750|0|12/31/2024|0|3400
H4TX10192|LOVELACE, JARED BRYANT|C|2|REP|58333.44|0|58333.44|0|0|0|9031.81|22006.64|0|0|0|22006.64|27294.99|TX|10||||||0|0|03/05/2024|0|0
H4TX10200|MEDLEY, STEFAN PAUL MR|C|3|IND|2274.34|0|2269.03|0|0|5.31|424.55|0|0|0|0|0|1849.79|TX|10||||||0|0|08/02/2024|0|0
H0TX11230|PFLUGER, AUGUST LEE II|I|2|REP|3512299.49|1606680.05|2764556.88|175000|1576362.93|2324105.54|0|0|0|0|0|0|974985.84|TX|11||||||883316.77|0|12/31/2024|48790.51|0
H2TX12085|HUNT, TREY|O|1|DEM|29764.56|0|28616.86|0|698.8|1846.5|2344|12800|0|3460|0|9340|13620.56|TX|12||||||1000|0|12/31/2024|0|0
H4TX12040|CATALA, RYAN JOSHUA|O|2|REP|272.91|0|272.91|0|0|0|272.91|0|0|0|0|0|0|TX|12||||||0|0|06/17/2023|0|0
H4TX12057|O'SHEA, JOHN|O|2|REP|351914.4|0|341660.62|0|0|9932.28|143300|0|0|0|0|113922.91|200869.4|TX|12||||||7500|0|12/31/2024|0|0
H4TX12065|GOLDMAN, CRAIG|O|2|REP|3196797.92|266486.35|2660901.46|0|0|535896.46|6600|0|0|0|0|0|2308291.71|TX|12||||||615419.86|0|12/31/2024|29050|0
H4TX12081|GARDNER, SHELLIE LUCILLE|O|2|REP|279598.94|0|279087.15|0|0|511.79|8939.22|255000|0|9000|0|246000|15659.72|TX|12||||||0|0|12/31/2024|0|0
H4TX12099|DORRIS, CLINT|O|2|REP|74640|0|68397.1|0|0|6242.9|0|0|0|0|0|9906|71640|TX|12||||||3000|0|12/31/2024|12000|0
H6TX12060|GRANGER, KAY|I|2|REP|1080369.82|279661.01|1256604.41|0|317164.25|140929.66|0|0|0|0|0|0|291092.8|TX|12||||||507116|0|12/31/2024|56300|46500
H0TX13228|JACKSON, RONNY LYNN|I|2|REP|6668890.94|640418.71|3934218.28|0|667274.97|3401947.63|0|0|0|0|0|0|5526019.09|TX|13||||||482784.94|0|12/31/2024|336443.94|200
H4TX14111|HART, RHONDA J|C|1|DEM|24802|0|5600.65|0|0|2827|1000|0|0|0|0|0|23802|TX|14||||||0|0|12/31/2024|0|0
H2TX14149|WEBER, RANDY|I|2|REP|1194311.15|25668.39|1015634.62|500|441895.68|620572.21|0|0|0|55500|0|68500|653898.12|TX|14||||||497751|0|12/31/2024|10481.78|2000
H2TX15203|VALLEJO, MICHELLE|C|1|DEM|2388898.64|62873.6|2382802.74|0|11717.16|17813.06|0|0|0|0|0|100000|1842671.53|TX|15||||||463784.82|10223.58|12/31/2024|37111.19|10500
H4TX15142|VILLARREAL RIGNEY, JOHN|C|1|DEM|21218|0|21218|0|0|0|182.51|0|0|0|0|0|21035.49|TX|15||||||0|0|07/31/2024|0|0
H0TX15124|DE LA CRUZ, MONICA|I|2|REP|7936781.16|1161893.03|7375027.97|0|52216.7|613969.89|37.88|0|0|0|0|0|5449445.09|TX|15||||||1304735.18|13300|12/31/2024|39211.17|5900
H4TX15134|CHURCHILL, VANGELA|C|2|REP|5645|0|5645|0|0|0|0|0|0|0|0|0|5260|TX|15||||||0|0|12/31/2024|200|0
H8TX16109|ESCOBAR, VERONICA|I|1|DEM|1343214.49|179.88|1474082.52|0|246712.65|115844.62|0|0|0|0|0|0|688375.63|TX|16||||||653087.34|31.3|12/31/2024|9465|1200
H0TX16106|ARMENDARIZ-JACKSON, IRENE|C|2|REP|64300.34|0|65048.19|0|1970.39|0|1|0|0|7068.23|0|0|60237.57|TX|16||||||1000|0|12/31/2024|3246|0
H2TX16250|MONTANEZ BERRIOS (DMB), DELIRIS|C|3|W|45942.07|0|46560.11|0|956.06|500|0|38290.66|0|2296.64|0|57047.28|7651.41|TX|16||||||0|0|12/31/2024|0|0
H4TX17114|LORENZEN, MARK|C|1|DEM|35841.82|0|35834.38|0|0|7.44|10333.26|3500|0|3500|0|0|21108.56|TX|17||||||900|0|12/01/2024|0|0
H2TX03126|SESSIONS, PETE|I|2|REP|1243303.06|0|890481.7|0|88114.3|440935.66|1000|0|0|0|0|0|591425.04|TX|17||||||626697.06|0|12/31/2024|2500|1000
H4TX18054|LEE, SHEILA JACKSON|I|1|DEM|553256.36|0|913259.38|0|332301.59|12656.73|0|0|0|0|904|4896|344989.74|TX|18||||||191700|0|12/31/2024|33200|4300
H4TX18138|EDWARDS, AMANDA|C|1|DEM|1682415.31|0|1681201.37|0|0|1213.94|8412.53|0|0|0|0|0|1650665.8|TX|18||||||15100|0|12/31/2024|310559.68|5000
H4TX18153|MARTIN, ISAIAH MR.|C|1|DEM|399697.6|0|225063.04|0|0|174634.56|0|0|0|0|0|0|397931.91|TX|18||||||0|0|12/31/2024|17323.89|0
H4TX18237|TURNER, SYLVESTER|C|1|DEM|652566.71|0|444504.02|0|0|208062.69|0|0|0|0|0|0|546066.71|TX|18||||||106500|0|12/31/2024|1700|0
H4TX18245|LEE CARTER, ERICA|C|1|DEM|70270|0|54911.13|0|0|15358.87|0|0|0|0|0|0|58720|TX|18||||||11550|0|12/31/2024|250|0
H4TX18161|CENTONZE, LANA MRS.|C|2|REP|69381.33|0|69381.33|0|0|0|2656.83|32500|0|1039.76|0|31460.24|34224.5|TX|18||||||0|0|12/31/2024|0|0
H4TX18252|DUNN, MARIA MS.|C|2|REP|68534.45|0|68534.45|0|0|0|4024.91|35734.58|0|0|0|0|23774.96|TX|18||||||5000|0|12/31/2024|250|0
H4TX18229|DURAL, KEVIN|C|3|W|64469.71|0|59310.46|0|4638.74|9797.99|0|0|0|0|0|0|64469.71|TX|18||||||0|0|10/16/2024|0|0
H4TX19300|BOYD, VANCE W.|C|2|REP|35745.72|0|35229.69|0|0|441.03|0|25000|0|0|0|25600|10745.72|TX|19||||||0|0|05/15/2024|0|0
H4TX19318|ZINK, RYAN|C|2|REP|5573.11|0|5573.11|0|0|4899.7|0|0|0|0|0|3125|5569.95|TX|19||||||0|0|12/31/2024|0|0
H6TX19099|ARRINGTON, JODEY|I|2|REP|3269201.47|1148358.39|2706336.29|0|1321331.15|1884196.33|0|0|0|0|0|0|554494.38|TX|19||||||1566090.7|0|12/31/2024|18300|3500
H4TX19334|JOHNSON, BERNARD|C|3|LIB|6455.24|0|6545.16|0|0|-89.92|5558|0|0|0|0|0|897.24|TX|19||||||0|0|12/31/2024|0|0
H2TX35011|CASTRO, JOAQUIN|I|1|DEM|689806.69|0|713892.74|0|162743.57|138657.52|0|0|0|0|0|0|461008.96|TX|20||||||228417|0|12/31/2024|7190|5000
H4TX21108|HOOK, KRISTIN A DR.|C|1|DEM|514005.34|0|509648.18|0|0|4357.16|0|0|0|0|0|0|500223.61|TX|21||||||13390.83|0|12/31/2024|4954.39|5993
H8TX21307|ROY, CHIP|I|2|REP|2899549.54|182138.62|1870955.92|0|1248723.01|2277316.63|0|0|0|0|0|0|2495623.47|TX|21||||||179250|0|12/31/2024|11500|0
H4TX21116|KING, BOB|C|3|LIB|64979.05|0|59659.38|0|0|5319.67|3236.97|3300|0|0|0|3300|58395.08|TX|21||||||0|0|12/31/2024|0|0
H4TX22197|GREENE-SCOTT, MARQUETTE|C|1|DEM|68733.64|0|66807.14|0|3414.3|233.32|514.15|0|0|0|0|0|67348.52|TX|22||||||0|500|12/31/2024|0|0
H0TX22302|NEHLS, TROY|I|2|REP|896335.99|14350.02|999390.09|2000|392132.8|289078.7|0|0|0|0|0|126.73|418299.57|TX|22||||||431271.47|0|12/31/2024|28058.89|2000
H4TX23138|LIMON, SANTOS M.|C|1|DEM|127205.3|0|111727.34|0|0|15797.96|4597.42|89256.76|0|0|0|168992.32|20665.12|TX|23||||||12500|0|12/31/2024|0|0
H4TX23161|BAUSINGER, MELVIN LEE|C|1|DEM|21605|0|20874.71|0|100|830.29|0|20000|0|0|0|20000|1605|TX|23||||||0|0|07/20/2024|0|0
H0TX35015|GONZALES, ERNEST ANTHONY TONY II|I|2|REP|5949591.43|1963580.09|4844992.33|0|354387.81|1458986.92|0|0|0|0|0|126870.47|2300625.86|TX|23||||||1533066.12|0|12/31/2024|23003.75|7000
H2TX23165|LOPEZ, FRANCISCO|C|2|REP|11412|0|12378.82|0|0|-966.82|0|0|0|0|0|24111.3|11412|TX|23||||||0|0|03/31/2024|0|0
H4TX23096|CLARK, JULIE|C|2|REP|1006566.94|0|1006566.94|0|0|0|895199.44|72555.66|0|724|0|0|38811.84|TX|23||||||0|0|09/30/2024|0|0
H4TX23104|AVILA, VICTOR MR. JR.|C|2|REP|114258.24|0|114258.24|0|0|0|0|6800|3000|0|0|9800|104184.95|TX|23||||||0|0|09/30/2024|13|0
H4TX23120|HERRERA, BRANDON|C|2|REP|1997067.44|934742.01|1989026.48|120064.22|0|8040.96|0|150000|0|0|0|150000|726334.35|TX|23||||||12000.01|0|12/31/2024|10275.41|0
H2TX24197|EPPLER, SAM|C|1|DEM|1161955.52|4500|1161871.14|0|0|84.38|0|0|0|0|0|0|1139074.63|TX|24||||||13750|500|12/31/2024|17551.5|0
H4TX24169|LY, FRANCINE|C|1|DEM|74936.78|0|75031.84|0|0|0|25|0|0|0|0|3810.27|68279.9|TX|24||||||6631.88|0|03/31/2024|0|0
H4TX24185|MAHESH, KAMAL AL|C|1|DEM|19351|0|19351|0|0|0|25|15101|0|14633.34|0|467.66|4225|TX|24||||||0|0|04/27/2024|0|0
H0TX24209|VAN DUYNE, ELIZABETH ANN|I|2|REP|3126069.38|951775.93|2264983.71|0|1099786.44|1960872.11|0|0|0|0|0|0|892291.53|TX|24||||||1250551.83|0|12/31/2024|500|1525
H2TX33040|WILLIAMS, ROGER|I|2|REP|1916400|1034018.88|1715061.3|0|370162.26|571500.96|0|0|0|44800|0|0|253915.94|TX|25||||||599555|0|12/31/2024|2500|2000
H4TX25182|LUCCI, MATTHEW|C|2|REP|38437.98|0|37538.86|0|0|624.19|14658.89|0|6600|0|0|6600|17179.09|TX|25||||||0|0|03/31/2024|0|0
H4TX25208|CRABB, VINCENT DARRELL|C|2|REP|61753.14|0|56577.72|0|0|5175.42|0|53772.14|0|600|0|56297.14|7981|TX|25||||||0|0|03/31/2024|0|0
H4TX25216|HAGG, CHAD FRANCIS|C|2|REP|0|0|0|0|0|0|0|0|0|0|0|0|0|TX|25||||||0|0|06/30/2024|0|0
H4TX26172|LINEBERGER, ERNEST ROBINSON III|O|1|DEM|110143.3|0|106650.61|0|0|3492.69|0|31302|0|302|0|31000|77218.3|TX|26||||||1623|0|12/31/2024|67|0
H2TX26093|BURGESS, MICHAEL C. DR.|I|2|REP|1294428.4|34977.68|1470197.77|0|189623.97|13854.6|0|0|0|0|0|0|995644.96|TX|26||||||263800|0|12/31/2024|82906.45|11500
H4TX03114|THAKUR, ALBERT BURT|O|2|REP|86526.03|0|85776.42|0|0|749.61|0|6106|0|0|0|6106|76376.59|TX|26||||||1000|0|12/31/2024|5250|0
H4TX26123|DEL ROSAL ISAIS, LUISA MARIA|O|2|REP|346108.19|0|346108.19|0|0|0|38816.67|0|0|0|0|0|287291.52|TX|26||||||20000|0|05/15/2024|69425|0
H4TX26149|GILL, BRANDON|O|2|REP|1779342.5|87933.03|1651519.1|3184.4|0|127823.4|0|505000|0|0|0|513938|899780.23|TX|26||||||268752.49|0|12/31/2024|3100|0
H4TX26156|DE FRANCESCHI, VLADIMIR|O|2|REP|65664.48|0|65666.58|0|0|-2.1|0|51000|0|0|921.61|0|14664.48|TX|26||||||0|0|03/31/2024|0|0
H4TX26164|ARMEY, SCOTT MR.|O|2|REP|369200.44|0|369200.44|0|0|0|100|160000|0|2377.76|0|0|199055|TX|26||||||7000|0|05/02/2024|24800|1000
H4TX26180|HUFFMAN, JOHN|O|2|REP|455851|0|455733.82|0|0|117.18|0|80000|0|0|0|95000|325751|TX|26||||||35100|0|12/31/2024|0|0
H4TX26198|ROBISON, DOUGLAS|O|2|REP|276774.29|0|276774.29|0|0|0|10.25|249000|0|1599.64|0|0|27665.45|TX|26||||||0|0|05/24/2024|100|0
H4TX26206|BISWAS, NEENA DR|O|2|REP|28947.02|0|28122.02|0|0|825|0|28947.02|0|0|0|28947.02|0|TX|26||||||0|0|02/14/2024|0|0
H4TX26214|KERGOSIEN, JASON|O|2|REP|4255.99|0|0|0|0|745.52|0|3921.76|0|0|0|411.29|334.23|TX|26||||||0|0|03/31/2024|0|0
H2TX27273|TRISTAN, ANTHONY JAMES|C|1|DEM|4785.64|0|4796.97|0|47.05|0|332.85|3878.78|0|0|0|303.37|574.01|TX|27||||||0|0|12/31/2024|0|0
H4TX27089|LLOYD, TANYA W|C|1|DEM|60032.08|0|59844.75|0|0|187.33|761.24|0|0|0|0|14065.19|52054.67|TX|27||||||4188.18|2900|12/31/2024|0|0
H4TX27097|ESPINDOLA, LUIS ALBERTO|C|2|REP|20783.93|0|20783.93|0|0|3756.86|3805.31|2000|0|671.29|0|1328.71|13640.64|TX|27||||||0|0|03/15/2024|3400|0
H4TX27105|MANDEL, CHARLES SCOTT MR.|C|2|REP|324600|0|291005.01|0|0|134.99|0|15000|0|0|0|28243.01|9600|TX|27||||||0|300000|09/30/2024|0|0
H8TX27049|CLOUD, MICHAEL|I|2|REP|798397.1|0|943006.48|0|281486.67|136877.29|3.5|0|0|0|0|0|576143.83|TX|27||||||211850|1000|12/31/2024|3885.03|0
H8TX27080|MAPP, CHRIS|C|2|REP|0|0|0|0|71.02|71.02|0|0|0|0|0|145815.73|0|TX|27||||||0|0|06/30/2023|0|0
H2TX23082|CUELLAR, HENRY R.|I|1|DEM|2492808.62|0|2489675.05|0|44825.34|47958.91|18000|0|0|0|0|0|1261629.11|TX|28||||||1181408.53|0|12/31/2024|22700|1500
H4TX28087|SINCLAIR, KYLE|C|2|REP|18306|0|721.26|0|0|17584.74|0|0|0|0|0|0|18306|TX|28||||||0|0|06/30/2023|0|0
H4TX28095|SANZ MONDRAGON, JOSE MANUEL|C|2|REP|28747.77|0|12821.88|0|0|16025.89|0|0|0|0|0|5300|28744.79|TX|28||||||0|0|02/14/2024|0|0
H4TX28103|PEREZ, MARIA ANGELITA|C|2|REP|0|0|0|0|0|0|0|0|0|0|0|0|0|TX|28||||||0|0|02/21/2024|0|0
H4TX28111|GARZA, LAZARO|C|2|REP|297652.13|0|297652.13|0|0|0|87696.78|200000|0|0|0|0|9937.1|TX|28||||||0|0|09/30/2024|0|0
H4TX28129|FURMAN, JAY COMMANDER|C|2|REP|780703.95|21500.12|775781.69|250|0|4922.26|2010.83|459376.1|0|26183.07|0|472326.33|280085.73|TX|28||||||15400|0|12/31/2024|3300|0
H4TX29028|BARRY, SEAN JUSTIN|C|1|DEM|8005.74|0|6920.8|0|0|0|8005.74|0|0|0|0|0|0|TX|29||||||0|0|07/01/2024|0|0
H8TX29052|GARCIA, SYLVIA R|I|1|DEM|938007.37|0|950725.15|0|384471.59|371753.81|0|0|0|0|0|0|215469.14|TX|29||||||721070.71|0|12/31/2024|3809|5000
H4TX29036|GARZA, ALFREDO ALAN|C|2|REP|34169.18|0|34169.18|0|0|0|5146|22700|0|2251|0|0|6323.18|TX|29||||||0|0|12/05/2024|0|0
H4TX29051|FIERRO, ANGEL IDALIS|C|2|REP|67.76|0|67.76|0|0|0|0|0|0|0|0|0|67.76|TX|29||||||0|0|02/14/2024|0|0
H2TX30178|CROCKETT, JASMINE|I|1|DEM|3114949.74|0|1656565.9|14000|152849.37|1611233.21|0|0|0|0|0|0|2341746.05|TX|30||||||719354.32|0|12/31/2024|31588.35|0
H4TX30091|DAVIS, JARRED|C|1|DEM|17099.88|0|17099.88|0|0|0|0|10784.88|0|8550.78|0|2234.1|6315|TX|30||||||0|0|06/30/2024|0|0
H2TX01146|JEFFERSON, JRMAR|C|3|LIB|0|0|0|0|35000|-10512.74|0|0|0|0|0|152070.87|0|TX|30||||||0|0|12/31/2024|0|0
H4TX31081|WHITLOW, STUART NORMAN MR.|C|1|DEM|311836.57|0|308186.06|0|0|3650.51|0|202000|0|0|0|202000|108836.57|TX|31||||||1000|0|12/31/2024|0|0
H4TX31099|PFEIL, RICK|C|1|DEM|125621.04|525|103542.69|0|0|22060.49|125000|0|0|0|0|125000|96.04|TX|31||||||0|0|12/31/2024|0|0
H4TX31107|WALBRIDGE, BRIAN|C|1|DEM|67684.18|0|67684.18|0|0|0|2123.33|65160.85|0|34797.98|0|.15|300|TX|31||||||0|100|12/31/2024|0|0
H0TX31030|GARAPATI, ABHIRAM|C|2|REP|175|0|0|0|1000|1175|0|0|0|0|0|0|175|TX|31||||||0|0|09/30/2023|0|0
H0TX31048|WILLIAMS, MICHAEL HOWARD MR.|C|2|REP|1900|0|1900|0|68407.53|68407.53|0|0|0|0|0|130172.58|1900|TX|31||||||0|0|12/31/2024|0|0
H2TX31044|CARTER, JOHN R REP.|I|2|REP|1217908.23|24055.02|1587960.75|0|411491.47|41438.95|0|0|0|0|0|0|641743.21|TX|31||||||551900|0|12/31/2024|18215.53|0
H4TX31057|ABEL, WILLIAM|C|2|REP|8193.56|0|8193.56|0|0|0|6133.56|0|0|0|0|0|2060|TX|31||||||0|0|04/04/2024|0|0
H4TX31065|LATIMER, MACKENZIE|C|2|REP|30163.26|0|25316.18|0|0|2523.09|0|4264.7|0|0|0|4264.7|25744.86|TX|31||||||153.7|0|02/14/2024|250|0
H4TX31073|ANDERSON, JOHN CARNAN|C|2|REP|28628.55|0|28628.55|0|0|0|3397.5|25000|0|1724.13|0|0|0|TX|31||||||0|0|04/01/2024|0|0
H4TX06216|CORNWALLIS, ALEX|O|1|DEM|106545.57|0|62760.01|0|1633.39|45418.95|0|104350|0|0|0|104350|2191|TX|32||||||0|0|12/31/2024|0|0
H4TX32048|MANNING, ZACHARIAH C.|O|1|DEM|4060.11|0|3978.72|0|-28.09|53.3|24.01|3910|0|0|0|20930.07|126.1|TX|32||||||0|0|12/31/2023|0|0
H4TX32055|WILLIAMS, BRIAN DR.|O|1|DEM|1229109.04|39696.17|1229109.04|0|0|0|14396.63|0|0|0|0|0|1103532.45|TX|32||||||60329.25|0|10/25/2024|90627.2|5000
H4TX32071|MOORE, JUSTIN|O|1|DEM|224577.42|0|168105.92|0|0|-1343.25|3300|0|0|0|0|32633.23|220923.5|TX|32||||||250|0|09/30/2024|1250|250
H4TX32089|JOHNSON, JULIE|O|1|DEM|2071913.87|16854.25|1841010.47|0|0|230903.4|6600|0|0|0|0|10000|1513181.22|TX|32||||||535188.5|0|12/31/2024|26578|4300
H4TX32113|BUTCHER, CALLIE|O|1|DEM|124882.47|0|124932.47|0|50|0|2578.69|48239.76|0|317.78|0|47921.98|74064.02|TX|32||||||0|0|03/31/2024|0|0
H4TX32121|PANAYIOTOU, CHRISTOPHER|O|1|DEM|5978.89|0|3369.48|0|1364.2|-518.96|0|3400|0|0|0|0|2578.89|TX|32||||||0|0|04/30/2024|0|0
H4TX32139|CHAUDHRY, RAJA|O|1|DEM|305350.23|0|81219.88|0|0|228974.59|0|305350.23|0|0|0|0|0|TX|32||||||0|0|12/31/2023|0|0
H4TX32147|BOWERS, RHETTA|O|1|DEM|24629.81|0|982.88|0|0|23646.93|0|0|0|0|0|0|24629.81|TX|32||||||0|0|09/30/2023|0|0
H6TX24149|MCDOWELL, JAN|O|1|DEM|13905.33|0|16530.62|0|2625.29|0|0|0|0|0|0|0|13768|TX|32||||||0|0|04/13/2024|50|0
H8TX32098|ALLRED, COLIN|I|1|DEM|598126.42|3619.89|2587027.99|2137584.13|1988901.57|0|0|0|0|0|0|0|553845.85|TX|32||||||40500|0|12/31/2023|25215|0
H2TX32182|DAY, DARRELL|O|2|REP|232281.55|0|149036.89|0|6089.86|89334.52|0|121000|0|0|0|151802.32|111281.55|TX|32||||||0|0|12/31/2024|0|0
H4TX32097|KHAN, GULREZ|O|2|REP|25190.44|0|21333.14|0|0|9067.64|0|6650|0|650|0|6000|18501.44|TX|32||||||0|0|12/31/2024|0|0
H4TX32170|BLEWETT, DAVID|O|2|REP|58486|0|42062.27|0|0|30432.91|3000|50000|0|0|0|50000|5486|TX|32||||||0|0|06/30/2024|0|0
H4TX32188|FERIA, JUAN|O|2|REP|25234.83|0|25234.83|0|0|0|0|21433.74|0|0|0|21433.74|3801.09|TX|32||||||0|0|03/11/2024|0|0
H0TX05125|HALE, KEVIN|O|3|LIB|16347.84|0|16022.4|0|8506.15|8831.59|0|560|0|0|0|3490|15787.84|TX|32||||||0|0|09/30/2024|0|0
H2TX33073|VEASEY, MARC ALLISON|I|1|DEM|1878488.62|0|1678553.32|0|810745.15|1009480.43|0|0|0|0|0|0|624198.22|TX|33||||||1254290.4|0|12/31/2024|10100|4500
H4TX33038|FUENTES, LUIS ALFONSO|C|1|DEM|1299.24|0|297.46|0|98.01|1099.79|747|0|0|0|0|0|552.24|TX|33||||||0|0|03/31/2023|0|0
H8TX33013|SCHWAB, KURT|C|2|REP|13949.49|71.91|13949.49|0|0|0|0|9196.75|0|100|0|9096.75|4680.83|TX|33||||||0|0|09/25/2024|0|0
H6TX15162|GONZALEZ, VICENTE|I|1|DEM|3109468|21350|3131362.07|0|303953.83|282059.76|0|0|0|600000|0|0|1562807.29|TX|34||||||1509721|10000|12/31/2024|16913.9|3000
H2TX34113|FLORES, MAYRA NOHEMI|C|2|REP|6926111.49|681132.35|6949504.57|0|26221.37|2828.29|0|0|0|0|0|0|5765366.29|TX|34||||||452344.8|5000|12/31/2024|337618.94|2700
H2TX34188|CISNEROS, LAURA DR.|C|2|REP|29668.7|0|72997.82|0|43501.32|172.2|0|24800|0|0|0|224800|4868.7|TX|34||||||0|0|12/31/2024|0|0
H8TX21331|GARZA, MAURO EVERETT MR.|C|2|REP|1057530.01|0|1070879.74|0|13506.25|156.52|457852.55|273145.56|0|40000|0|205436.06|326136.42|TX|34||||||0|0|12/31/2024|44400|0
H2TX35144|CASAR, GREG|I|1|DEM|1116006.32|2756.28|908128.59|0|162961.23|370838.96|0|0|0|0|0|10000|679817.98|TX|35||||||432017.92|0|12/31/2024|1224|5000
H4TX35025|WRIGHT, STEVEN WILLIAM|C|2|REP|36440.81|0|18791.67|0|0|17649.14|0|36000|0|0|0|36000|440.81|TX|35||||||0|0|12/31/2024|0|0
H4TX35041|CUDDY, DAVE MR|C|2|REP|0|0|0|0|0|0|0|0|0|0|0|37428.72|0|TX|35||||||0|0|03/31/2024|0|0
H6TX02079|BABIN, BRIAN|I|2|REP|1192438.26|305442.71|1471175|0|924939.39|646202.65|0|0|0|0|0|0|330048.27|TX|36||||||513690.09|0|12/31/2024|9500|0
H4TX10028|DOGGETT, LLOYD|I|1|DEM|1541302.79|0|625765.33|0|5312290.62|6227828.08|0|0|0|0|0|0|677058.91|TX|37||||||450449.65|0|12/31/2024|0|0
H4TX37021|MCNERNEY, CHRISTOPHER MICHAEL|C|1|DEM|0|0|10875.49|0|0|-10875.49|0|0|0|0|0|0|0|TX|37||||||0|0|03/31/2024|0|0
H0TX35064|SHARON, JENNIFER|C|2|REP|375|0|511.62|0|-260.31|-396.93|375|0|0|0|0|0|0|TX|37||||||0|0|06/30/2023|0|0
H4TX07164|ALTEKAR, GIRISH|C|3|LIB|7767.1|0|7779.62|300|0|-12.52|0|0|0|0|0|0|7767.1|TX|37||||||0|0|12/06/2024|0|0
H4TX38011|MCDONOUGH, MELISSA A|C|1|DEM|193004.57|0|172084.83|0|0|22699.79|0|114878.93|0|1727.85|0|113239.86|77625.64|TX|38||||||0|500|12/31/2024|0|0
H4TX38029|CAMPBELL, CAMERON|C|1|DEM|0|0|0|0|0|0|0|0|0|0|0|0|0|TX|38||||||0|0|12/26/2023|0|0
H4TX38037|THOMAS, GION|C|1|DEM|13879.15|0|11042.14|0|0|2837.01|0|11003.15|0|0|0|13303.15|2876|TX|38||||||0|0|02/14/2024|0|0
H0TX07170|HUNT, WESLEY|I|2|REP|2777569.46|973152.89|2065226.84|542.17|1774833.54|2487176.16|0|0|0|0|0|0|1368341.65|TX|38||||||418300|0|12/31/2024|5000|1000
H4TX38045|AYERS, AVERY LAMARR|C|3|W|0|0|0|0|210|210|0|0|0|0|0|0|0|TX|38||||||0|0|11/05/2024|0|0
H4UT01132|CAMPBELL, BILL|C|1|DEM|124000|0|118864.03|0|0|0|124000|0|0|0|0|0|0|UT|01||||||0|0|12/31/2024|3282.52|0
H0UT01205|MOORE, BLAKE|I|2|REP|2633423.21|214145.26|1565444.38|0|466044.11|1534022.94|0|0|0|130951.27|0|0|952219.03|UT|01||||||1467000|0|12/31/2024|35106.29|2700
H4UT01140|MILLER, PAUL|C|2|REP|5419.89|0|12979.99|0|0|0|0|0|0|0|0|0|5367.96|UT|01||||||0|0|12/31/2024|0|0
H4UT02304|RIEBE, KATHLEEN|O|1|DEM|348093.46|0|346220.17|0|0|1873.29|0|0|0|0|0|0|318156.81|UT|02||||||25400|3025.53|02/29/2024|0|150.01
H4UT02403|ADAMS, BRIAN|C|1|DEM|400|0|400|0|0|0|0|0|0|0|0|0|400|UT|02||||||0|0|07/11/2024|0|0
H2UT02324|STEWART, CHRIS|I|2|REP|261612.7|21266|403000.39|0|184930.52|43542.83|0|0|0|0|0|0|84711.64|UT|02||||||95000|0|12/31/2024|39735|12000
H3UT02017|HATFIELD JR, SCOTT ALLEN|O|2|REP|6300|0|5000|0|0|0|5000|0|0|0|0|0|1300|UT|02||||||0|0|07/26/2023|3849.91|0
H4UT02254|EDWARDS, BECKY|C|2|REP|1164367.06|0|1164367.06|0|0|0|316334.82|300000|0|300000|0|0|531522.63|UT|02||||||15500|0|04/01/2024|91232.04|0
H4UT02262|HUGHES, GREGORY HOLDEN|C|2|REP|112735|0|112735|0|0|0|0|0|0|0|0|0|107735|UT|02||||||5000|0|12/30/2023|44000|0
H4UT02288|EYRING, HENRY CHRISTIAN|O|2|REP|45606|0|45606|0|0|0|0|0|0|0|0|0|45606|UT|02||||||0|0|10/13/2023|0|0
H4UT02296|MALOY, CELESTE|I|2|REP|1922683.97|32402|1815662.54|0|0|107021.43|0|0|0|0|0|0|857462.82|UT|02||||||921940.74|7250|12/31/2024|1001|0
H4UT02312|HOUGH, BRUCE|O|2|REP|708511.17|0|708511.17|0|0|0|100|390346.18|0|30000|0|360346.18|314564.99|UT|02||||||3500|0|01/31/2024|26400|0
H4UT02320|HOSTER, BILL|O|2|REP|22436.32|0|22436.32|0|0|0|0|0|0|0|0|0|22436.32|UT|02||||||0|0|10/15/2023|0|0
H4UT02387|JENKINS, COLBY C|C|2|REP|507883.76|31030.07|507882.18|0|0|1.58|0|0|0|0|0|0|441114.28|UT|02||||||27500|0|12/31/2024|16463.63|0
H4UT02395|MURSET, TYLER|C|3|UN|2899.86|0|2879.57|0|100|120.29|1000|0|0|0|0|0|1899.86|UT|02||||||0|0|12/31/2024|0|0
H2UT04106|WALKER, JANUARY|C|3|UUP|8484.54|0|8481.09|0|0|3.45|0|0|0|0|0|0|8484.54|UT|02||||||0|0|07/15/2024|27.71|0
H2UT03306|WRIGHT, GLENN J|O|1|DEM|83347.8|0|83536.66|5900|0|0|17003.24|12900|0|12700|0|0|53294.56|UT|03||||||0|150|12/05/2024|0|0
H4UT03245|HOWELL, TATE ARZA|O|2|REP|15409.79|0|15409.79|0|0|0|259.79|0|0|0|0|0|15150|UT|03||||||0|0|06/12/2023|15150|0
H4UT03252|PEAY, STEWART|O|2|REP|229400|0|201948.35|0|0|27451.65|21336|0|0|0|0|0|203064|UT|03||||||0|5000|12/31/2024|0|0
H4UT03260|KENNEDY, MIKE|O|2|REP|1032661.67|0|907459.86|0|0|125201.81|0|176000|0|0|0|315279.48|543311.67|UT|03||||||306100|5000|12/31/2024|160.35|2000
H4UT03278|LAWRENCE, CASE MCKAY|O|2|REP|3128653.64|0|3128653.64|0|0|0|0|2747301|0|20430.15|0|0|362517.64|UT|03||||||0|0|09/11/2024|72600|0
H4UT03286|DOUGALL, JOHN|O|2|REP|392290.28|0|387850.1|0|0|4440.18|0|250000|0|0|0|258395.75|141090.28|UT|03||||||0|0|12/31/2024|9900|0
H4UT03294|HUNSAKER, CLAYTON|O|2|REP|2000|0|2000|0|0|0|0|0|0|0|0|0|2000|UT|03||||||0|0|02/27/2024|1989.92|0
H4UT03302|BIRD, ROD JR.|O|2|REP|1246161.03|0|1246161.03|0|0|0|15000|1014797.46|0|0|0|0|171061.47|UT|03||||||0|0|09/11/2024|0|0
H4UT03310|WILSON, ZACH|O|2|REP|36759.26|0|36759.26|0|0|0|0|18000|0|8204.47|0|9795.53|18759.26|UT|03||||||0|0|05/13/2024|0|0
H4UT03328|DAHLIN, KATHRYN W|O|2|REP|87881.25|0|75814.67|0|0|12066.58|0|40001|0|15000|0|25001|27400.25|UT|03||||||0|0|12/31/2024|0|0
H8UT03238|CURTIS, JOHN|I|2|REP|5640855.75|1261797.03|5239012.32|3300|386839.23|788682.66|0|0|0|0|0|0|2319425.97|UT|03||||||2047722.96|0|12/31/2024|92899.29|10700
H8UT03253|HERROD, CHRISTOPHER NILES|O|2|REP|11598|0|11598|0|0|0|0|0|0|0|0|0|11598|UT|03||||||0|0|07/27/2024|3300|0
H4UT04060|FALLICK-WANG, KATRINA|C|1|DEM|11286.31|0|11043.54|0|0|242.77|0|0|0|0|0|0|11086.31|UT|04||||||200|0|12/31/2024|0|0
H0UT04076|OWENS, BURGESS|I|2|REP|1473808.21|66234.71|1545329.57|5050|204950.21|133428.85|0|0|0|0|0|0|999345.62|UT|04||||||399800|250|12/31/2024|-575.66|16800
H4UT04086|COOK, VAUGHN R|C|3|OTH|91207.02|0|90395.62|0|0|811.4|0|76072.44|0|0|0|76072.44|13884.58|UT|04||||||0|1250|11/30/2024|0|0
H2VA01124|JONES, HERBERT CARROLL MR. JR.|C|1|DEM|140867.41|0|155271.28|0|270732.36|266278.01|10500|0|0|0|0|0|130366.77|VA|01||||||0|0|05/29/2024|0|0
H4VA01096|MEHTA, LESLIE|C|1|DEM|722446.49|0|722446.49|0|0|0|309.29|25000|0|5803.75|0|0|634444.06|VA|01||||||57684|5000|12/20/2024|595|0
H8VA01147|WITTMAN, ROBERT J. MR.|I|2|REP|2845017.73|447048.72|2005527.71|0|536390.11|1375880.13|0|0|0|0|0|0|1413780.54|VA|01||||||975367|500|12/31/2024|40747.52|2100
H4VA02060|COTTER SMASAL, MISSY|C|1|DEM|3250762.89|124943.87|3237816.04|0|0|12946.85|0|0|0|0|0|0|2642920.22|VA|02||||||472099.82|10000|12/31/2024|44264.83|6090.91
H4VA02078|DENTON, JAKE|C|1|DEM|388964.2|0|388964.2|0|0|0|5872.2|0|0|0|0|0|383092|VA|02||||||0|0|08/14/2024|11794.01|0
H2VA02064|KIGGANS, JENNIFER|I|2|REP|6481317.57|1173644.66|6461350.75|0|25510.58|45477.4|0|0|0|0|0|202668.44|3666558.91|VA|02||||||1628080|5000|12/31/2024|36472.95|3000
H6VA01117|SCOTT, ROBERT C|I|1|DEM|869636.81|0|899213.42|0|192336.91|162841.47|0|0|0|0|0|3191.43|382400|VA|03||||||483756.81|0|12/31/2024|0|0
H4VA03100|SITKA, JOHN DR. III|C|2|REP|5866.06|0|5771.21|0|0|94.85|261|1500|0|1500|0|0|3005|VA|03||||||1100|0|12/31/2024|0|0
H4VA03076|TAYLOR-YOUNG, RHODA RENEE MS.|C|3|IND|1055|0|1266.62|0|0|0|0|0|0|0|0|0|1055|VA|03||||||0|0|09/30/2024|1025|0
H4VA04058|BAGBY, LAMONT|O|1|DEM|43703.26|0|43703.26|0|0|0|0|0|0|0|0|0|37375|VA|04||||||6328.26|0|03/13/2023|0|0
H4VA04066|MCCLELLAN, JENNIFER|C|1|DEM|2767794.48|8408.23|2713693.27|0|0|54101.21|0|0|0|0|0|0|1941934.59|VA|04||||||765443.52|0|12/31/2024|18600.75|2400
H0VA04064|BENJAMIN, LEON MR. SR.|O|2|REP|127170.71|0|163535.32|0|36364.61|0|0|0|0|0|0|0|125256.56|VA|04||||||1875|0|12/31/2023|0|0
H4VA04082|HOLLIE, DERRICK J. MR.|O|2|REP|0|0|2900|0|2900|0|0|0|0|0|0|0|0|VA|04||||||0|0|02/10/2023|0|0
H4VA07192|MOHER, WILLIAM|O|2|REP|413819.27|0|413819.27|0|0|0|22277.27|380000|0|260000|0|120000|8542|VA|04||||||0|0|12/31/2024|0|0
H4VA05089|WITT, GLORIA TINSLEY|C|1|DEM|362896.5|0|353530.06|0|0|9366.44|25|0|0|0|0|0|344421.33|VA|05||||||13750|4350|12/31/2024|225|0
H4VA05097|TERRY, GARY|C|1|DEM|13465|0|9049.52|0|0|3663.48|3500|0|0|0|0|0|9965|VA|05||||||0|0|05/29/2024|0|0
H0VA05160|GOOD, ROBERT G. HON.|I|2|REP|1421077.6|0|1431064.58|0|14358.36|4371.38|1000|0|0|0|0|62075.99|1119298.42|VA|05||||||155666.11|500|12/31/2024|86570|4900
H2VA07147|BARVE, GARY|C|2|REP|9516.64|1404.35|9531.64|0|15|0|0|0|0|0|0|0|8112.29|VA|05||||||0|0|07/13/2023|2950.18|0
H4VA06053|GRANDON, ROD|C|1|DEM|9844.4|0|9844.4|1630.13|0|0|0|2723.4|0|0|0|2723.4|6771|VA|06||||||0|0|12/31/2024|4095|0
H4VA06061|MITCHELL, KEN|C|1|DEM|242530.6|0|188758.05|0|0|53772.55|0|1000|0|0|0|1000|211860.02|VA|06||||||24318.31|1850|12/31/2024|50|0
H8VA06104|CLINE, BENJAMIN LEE|I|2|REP|1030467.03|0|969485.9|0|267340.9|328322.03|0|0|0|0|0|0|522502.02|VA|06||||||489735|0|12/31/2024|56.02|0
H4VA07234|VINDMAN, YEVGENY 'EUGENE'|O|1|DEM|18096189.51|190780.12|17961255.77|0|0|134933.74|0|0|0|0|0|0|17428791.3|VA|07||||||394192.92|5000|12/31/2024|121579.65|0
H4VA07242|FRANKLIN, MARGARET|O|1|DEM|315897.32|0|315510.1|0|0|387.22|0|2500|0|0|0|2500|304122.32|VA|07||||||9275|0|12/31/2024|22000|0
H4VA07259|SEWELL, BRIANA|O|1|DEM|292143.39|0|292143.39|0|0|0|15689.11|0|0|0|0|0|248693.85|VA|07||||||27760.43|0|07/25/2024|13548.75|250
H4VA07267|HEINZER, CLIFFORD|O|1|DEM|68160.88|0|68174.29|0|0|8.59|3896.85|59708.79|0|0|0|59708.79|4355.24|VA|07||||||200|0|12/31/2024|0|0
H4VA07275|GUZMAN, ELIZABETH|O|1|DEM|318181.97|0|318181.97|0|0|0|0|20000|0|20000|0|0|237581.97|VA|07||||||60600|0|06/30/2024|8166|1000
H4VA07325|BEDELL, CARL|O|1|DEM|86049|0|86049|0|0|0|0|14500|0|5755.01|0|8744.99|71549|VA|07||||||0|0|10/17/2024|0|0
H4VA07341|BAILEY, ANDREA OLIVIA|O|1|DEM|372867.28|0|372867.28|0|0|0|16000|67500|0|20625.46|0|3400|276167.28|VA|07||||||13200|0|07/23/2024|13600|3400
H8VA07094|SPANBERGER, ABIGAIL|I|1|DEM|1978422.35|101449.83|2258808.39|1667|280386.04|0|0|0|0|0|0|0|1533621.9|VA|07||||||316524.66|1413.58|12/31/2024|195553.94|35700
H2VA07170|ANDERSON, DERRICK|O|2|REP|3408433.58|813660.03|3355704.96|0|3615.01|56343.63|0|0|0|0|0|36505.39|2011768.45|VA|07||||||538482.45|5000|12/31/2024|109.09|1000
H4VA07200|HAMILTON, CAMERON|O|2|REP|792935.43|56880.48|791870.1|250|0|1065.33|31079|10000|0|10000|0|3482.81|657658.35|VA|07||||||31803.38|0|12/31/2024|67139.15|2000
H4VA07218|MYERS, JONATHON PAUL|O|2|REP|160081.36|0|157110.79|0|0|2970.57|6049.3|76000|0|0|0|76000|77452.64|VA|07||||||0|50|09/30/2024|100|0
H4VA07226|TODD, TERRIS EUGENE|O|2|REP|30318.65|0|17183.54|0|0|13135.11|0|16110|0|0|0|16110|14208.65|VA|07||||||0|0|12/31/2024|0|0
H4VA07291|PRABHUDOSS, JOHN|O|2|REP|173476.41|0|162953.98|0|0|10522.43|0|132833.99|0|0|0|132833.99|40642.42|VA|07||||||0|0|12/31/2024|0|0
H4VA07309|SACKS, JEFFREY|O|2|REP|57203.77|0|57203.77|0|0|0|51977.8|0|0|0|0|0|5225.97|VA|07||||||0|0|03/31/2024|0|0
H4VA07333|MARTIN, MARIA|O|2|REP|25144.35|0|25144.35|0|0|0|6372.05|5423.6|0|75.44|0|5348.16|13348.7|VA|07||||||0|0|12/31/2024|0|0
H4VA08224|BEYER, DONALD STERNOFF JR.|I|1|DEM|1948344.81|0|1988044.94|0|596762.81|557062.68|0|0|0|0|0|0|1137331.96|VA|08||||||797590|0|12/31/2024|8450|2500
H0VA08172|KIM, HEERAK CHRISTIAN DR.|C|2|REP|650|0|3423.43|0|3052.8|279.37|0|0|0|0|0|0|650|VA|08||||||0|0|12/31/2024|0|0
H4VA08414|TORRES, JERRY|C|2|REP|1138179.7|0|1138179.7|0|0|0|1138179.7|0|0|0|0|0|0|VA|08||||||0|0|11/25/2024|0|0
H4VA08380|LEON, STEPHEN ALAN MR.|C|3|IND|8832.24|0|6533|0|0|0|4468.24|0|0|0|0|0|4364|VA|08||||||0|0|09/30/2024|0|0
H4VA08406|HENSEL, BENTLEY FOSTER|C|3|IND|17453.56|0|17665.13|0|250|38.43|2824|14429.56|0|0|0|14679.56|200|VA|08||||||0|0|09/30/2024|0|0
H4VA08422|KENNEDY, DAVID R.|C|3|IND|16418.46|0|17291.25|0|0|-872.79|0|12440|0|0|0|12440|3978.46|VA|08||||||0|0|12/07/2024|0|0
H6VA08229|WEBB, MAJOR MIKE|C|3|IND|0|0|0|0|0|0|0|0|0|0|0|0|0|VA|08||||||0|0|12/31/2024|0|0
H4VA09057|BAKER, KAREN G.H. MS.|C|1|DEM|224168.19|0|230700.48|0|0|-6532.29|0|2000|0|0|0|0|206639.46|VA|09||||||10250|5424|12/31/2024|0|0
H0VA09055|GRIFFITH, H MORGAN|I|2|REP|1005036.62|0|1130384.19|0|589236.27|463888.7|0|0|0|0|0|0|319487.87|VA|09||||||677850|0|12/31/2024|2902.13|0
H4VA10196|KAUL, KRYSTLE|O|1|DEM|1119274.51|0|1119274.51|0|0|0|3249.2|582509|0|203537.37|0|0|530862.7|VA|10||||||0|0|07/17/2024|47453|0
H4VA10212|LEIGHTON, MARK|O|1|DEM|8472.65|0|8472.65|0|0|0|5972.65|0|0|0|0|0|2500|VA|10||||||0|0|12/31/2024|1906.61|0
H4VA10220|GARAY, BRANDON|O|1|DEM|5511|0|4828.35|0|466.12|1148.77|0|0|0|0|0|0|5511|VA|10||||||0|0|06/18/2024|0|0
H4VA10238|BOYSKO, JENNIFER|O|1|DEM|619261.99|0|618420.52|0|0|841.47|0|0|0|0|0|0|569254.24|VA|10||||||17800|0|12/31/2024|62835|250
H4VA10246|REID, DAVID|O|1|DEM|354663|0|354663|0|0|0|89600|0|0|0|0|0|259763|VA|10||||||5300|0|07/31/2024|25300|0
H4VA10261|QARNI, ATIF|O|1|DEM|363301|0|363301|0|0|0|50000|0|0|0|0|0|313301|VA|10||||||0|0|06/18/2024|0|0
H4VA10279|SUBRAMANYAM, SUHAS|O|1|DEM|2929391.22|116689.27|2838557.78|0|0|90833.44|97820.04|0|0|0|0|0|2342712.88|VA|10||||||364850|5819.98|12/31/2024|22790|0
H4VA10287|NEMBHARD, TRAVIS|O|1|DEM|124051.04|0|124051.04|0|0|0|0|7000|0|4851.62|0|2148.38|114955|VA|10||||||0|0|09/30/2024|3800|0
H4VA10295|POKHAREL, ADRIAN|O|1|DEM|278562.07|0|222879.56|0|0|4173.33|20|103726.03|0|0|0|110275.98|74816.04|VA|10||||||0|0|12/31/2024|0|0
H4VA10303|DEVOE, MARION SR.|O|1|DEM|10395|0|0|0|0|10395|0|0|0|0|0|0|10395|VA|10||||||0|0|12/31/2024|0|0
H4VA10345|MALDONADO, MICHELLE ANN ELIZABETH|O|1|DEM|118124.41|0|119483.36|0|0|371.76|0|9020.7|0|0|0|0|103353.71|VA|10||||||5750|0|12/31/2024|0|0
H8VA10080|HELMER, DANIEL|O|1|DEM|2010212.47|0|2006982.78|0|0|3229.69|534.6|283813.74|0|0|0|283813.74|1645209.67|VA|10||||||66124|0|12/31/2024|42083.3|5000
H8VA10106|WEXTON, JENNIFER|I|1|DEM|554752.12|0|808209.82|0|255002.43|1544.73|0|0|0|0|0|0|453154.6|VA|10||||||91322.41|0|12/31/2024|59948.4|4500
H0VA10186|ANDREWS, ALISCIA|O|2|REP|251703.41|108977.31|356794.34|0|105525.47|434.54|0|0|0|0|0|0|136863.33|VA|10||||||5800|0|12/31/2024|7039.04|0
H0VA11127|ANANTATMULA, MANGA|O|2|REP|12793.52|0|12317.32|0|0|476.2|0|0|0|0|0|1000|12786.52|VA|10||||||0|0|12/31/2024|7|0
H2VA10141|BEATTY, JOHN|O|2|REP|4210|0|4210|0|0|0|0|0|0|0|0|0|4210|VA|10||||||0|0|05/01/2024|3450|0
H2VA10265|TAYLOR, BROOKE|O|2|REP|61113.5|0|48506.26|0|7051.81|12607.24|0|0|0|0|0|0|61112.62|VA|10||||||0|0|12/31/2024|26485.88|0
H2VA11206|CLANCY, MIKE|O|2|REP|1162673.47|7145.49|1161551.23|0|0|1122.24|9252.77|675000|0|0|0|675000|454000.06|VA|10||||||14775|0|12/31/2024|16894.38|0
H4VA10329|ISAAC, ALEXANDER HORMIS MR. JR.|O|2|REP|198153.25|0|198153.25|0|0|0|0|132500|0|0|0|132500|65506|VA|10||||||0|0|09/30/2024|0|0
H4VA11137|NASAR, AHSAN|C|1|DEM|110845.09|0|110845.09|0|0|0|3400|0|0|0|0|0|106485.65|VA|11||||||0|0|07/15/2024|500|0
H8VA11062|CONNOLLY, GERALD EDWARD|I|1|DEM|2538285.99|1608.07|2190524.25|0|3152499.09|3500260.83|0|0|0|0|0|0|1412164.46|VA|11||||||884940.01|10000|12/31/2024|4967|0
H4VA11129|VAN METER, MICHAEL LEWIS|C|2|REP|67274.55|0|64175.91|0|0|3098.64|3480|0|0|0|0|0|63794.55|VA|11||||||0|0|12/31/2024|0|0
H2VI00082|PLASKETT, STACEY|I|1|DEM|680670.67|0|716163.19|0|46738.89|11246.37|0|0|0|0|0|57927.5|342337.62|VI|00||||||334670.41|0|12/31/2024|6843.12|2000
H4VI01011|PICKARD, RONALD|C|2|REP|19682.76|0|18463.22|0|313.4|1532.94|0|0|0|0|0|605|19682.76|VI|00||||||0|0|12/31/2024|0|0
H2VT01076|BALINT, REBECCA 'BECCA'|I|1|DEM|1394864.27|5000|1280658.84|0|31556.06|145761.49|0|0|0|0|0|0|1019541.81|VT|00||||||365631.04|276.24|12/31/2024|10371.52|8500
H4VT01056|COESTER, C. MARK MR|C|2|REP|191333.45|0|177588.9|0|0|-9070.44|63138.86|114000|0|0|0|114000|14194.59|VT|00||||||0|0|12/31/2024|0|0
H0WA08046|DELBENE, SUZAN K|I|1|DEM|3850571.4|405898.79|3466395.53|0|679544.74|1063720.61|0|0|0|0|0|495000|1635590.56|WA|01||||||1805850|1338.8|12/31/2024|28621|0
H0WA01124|CHARTRAND, DEREK|C|2|REP|3981.01|0|4150.22|0|169.21|0|0|2500|0|559.26|0|5675.74|1471|WA|01||||||0|0|12/31/2024|0|0
H4WA01266|BREWER, JAMES E.|C|2|REP|14151|0|12920.09|0|0|1230.91|20|0|0|0|0|2360.12|13741|WA|01||||||0|390|12/31/2024|0|0
H4WA01282|SILVA, MARY|C|2|REP|8386.2|0|8147.07|0|0|246.13|6810.66|0|0|0|0|0|1575.54|WA|01||||||0|0|07/17/2024|0|0
H0WA02080|LARSEN, RICK|I|1|DEM|2450006.13|0|2462884.63|0|260314.97|247436.47|0|0|0|0|0|0|966214.09|WA|02||||||1468800|0|12/31/2024|3196|1000
H4WA02165|STICKLE, HERBERT EDWIN|C|1|DEM|4125|0|3042|0|0|350|2000|0|0|0|0|0|2125|WA|02||||||0|0|07/17/2024|0|0
H4WA02173|BINDA, JOSHUA|C|1|DEM|9118.39|0|7717.51|0|0|0|0|0|0|0|0|0|9118.39|WA|02||||||0|0|12/31/2024|0|0
H4WA02181|HERMANSON, DEVIN|C|1|DEM|30404.68|0|30404.68|0|0|0|5000|5000|0|1889.65|0|0|20325.02|WA|02||||||0|0|08/26/2024|3305|0
H2WA02219|JOHNSON, LEIF D|C|2|REP|9220.03|0|9274.78|0|54.75|0|7150.03|0|0|0|0|16496.2|2070|WA|02||||||0|0|09/26/2024|0|0
H0WA02189|CALL, JASON|C|3|GRE|76693.7|0|79597.42|0|2856.15|-4628.65|10|0|0|0|0|0|73520.5|WA|02||||||0|3163.2|12/31/2024|0|0
H2WA03134|HENNRICH, BRENT WILLIAM|C|1|DEM|498.08|0|1345.13|0|598.67|-248.38|498.08|0|0|0|0|0|0|WA|03||||||0|0|09/30/2023|0|0
H2WA03217|GLUESENKAMP PEREZ, MARIE|I|1|DEM|11856001.72|1095832.26|11895854.48|0|66313.13|26460.37|0|0|0|0|0|39444.91|9323061.58|WA|03||||||1336649.98|12200|12/31/2024|121718.98|30000.01
H2WA03100|KENT, JOSEPH|C|2|REP|2654419.86|1950848.7|2708358.04|88409.58|52906.19|-1031.99|0|0|0|105000|0|100000|326850.81|WA|03||||||233434.78|6542.86|12/31/2024|20519.88|5851.23
H2WA03183|FRENCH, LESLIE LEIGH|C|2|REP|6432.51|0|14172.35|0|991.77|-6748.07|2940|3000|0|0|0|40053.78|330|WA|03||||||0|0|12/31/2024|0|0
H4WA03122|LEWALLEN, LESLIE|C|2|REP|840312.9|77919.02|840312.9|0|0|0|6610|0|0|0|0|0|685083.88|WA|03||||||70700|0|12/31/2024|41436.5|15000
H4WA03130|SAUILE ROHMAN, JOHN|C|3|IND|100|0|99.31|0|0|0|100|0|0|0|0|0|0|WA|03||||||0|0|07/31/2024|0|0
H4WA04187|MUCHLINSKI, BIRDIE JANE|C|1|DEM|12676.27|0|12676.27|0|0|0|0|0|0|0|0|0|12176.27|WA|04||||||0|500|09/30/2024|0|0
H4WA04211|BOYD, CHERISSA BROOKS|C|1|DEM|5585|0|4910.36|0|0|674.64|0|4950|0|0|0|4950|635|WA|04||||||0|0|12/31/2024|0|0
H2WA04165|SESSLER, JERROD|C|2|REP|792239.06|150266.74|719281.7|0|2045.68|75003.04|353060|0|0|50000|0|424454.19|271078.54|WA|04||||||16550|977|12/31/2024|0|0
H4WA04104|NEWHOUSE, DAN|I|2|REP|2512738.99|74265.03|2422532.6|0|14601.06|104807.45|0|0|0|0|0|0|989050.62|WA|04||||||1449320.04|0|12/31/2024|1982.53|0
H4WA04179|SMILEY, TIFFANY|C|2|REP|1068851.73|0|1046789.41|0|0|22062.32|0|0|0|0|0|5072.06|1047837.73|WA|04||||||20000|0|12/31/2024|59800|5000
H2WA05097|DANIMUS, ANN MARIE|C|1|DEM|211482.99|0|211950.05|0|490|22.94|3905|13362.79|0|11762.09|1550|12118.7|193597.4|WA|05||||||0|0|12/31/2024|3570|0
H4WA05168|CONROY, CARMELA|C|1|DEM|604595.92|0|591454.33|0|0|13141.59|6546.23|0|0|0|0|0|554099.69|WA|05||||||42950|1000|12/31/2024|95|0
H4WA05176|BANK, BERNADINE DR|C|1|DEM|350038.38|0|350123|0|0|-84.62|9630.57|0|0|0|0|0|339157.81|WA|05||||||1250|0|09/30/2024|10422.8|0
H4WA05267|WELDE, MATTHEW BRADY MR.|C|1|DEM|30035.06|0|30035.06|0|0|0|584.8|3525.26|0|0|0|0|25925|WA|05||||||0|0|12/31/2024|0|0
H4WA05283|BENNETT-WOLCOTT, BARBARA LOUISE|C|1|DEM|8185.77|0|5249.2|0|0|2936.57|7185.77|0|0|0|0|1924.54|1000|WA|05||||||0|0|11/05/2024|0|0
H4WA05077|MCMORRIS RODGERS, CATHY|I|2|REP|3631601.53|346670.96|4670284.61|0|1111692.76|73009.68|0|0|0|0|0|0|1421956.79|WA|05||||||1858958|0|12/31/2024|304736.87|254500
H4WA05184|GUENTHER, JOHN|C|2|REP|8368.35|0|8368.35|0|0|0|6468.34|0|0|0|0|0|1650|WA|05||||||250|0|10/01/2024|0|0
H4WA05192|MAYCUMBER, JACQUELIN|C|2|REP|341902.94|0|341902.94|0|0|0|326.63|0|0|0|0|0|239130.42|WA|05||||||93400|5000|12/31/2024|20750|6600
H4WA05200|DANSEL, BRIAN|C|2|REP|112660.5|0|115560.84|0|0|1521.15|0|0|0|0|0|0|107660.5|WA|05||||||0|5000|12/31/2024|0|0
H4WA05218|DANSEL, BRIAN|C|2|REP|112660.5|0|115560.84|0|0|1521.15|0|0|0|0|0|0|107660.5|WA|05||||||0|5000|12/31/2024|0|0
H4WA05234|BAUMGARTNER, MICHAEL JAMES|C|2|REP|1505190.06|0|1313625.39|0|0|191564.67|6600|150100|0|60000|0|120100|1043109.32|WA|05||||||301300|0|12/31/2024|3100|3000
H4WA05242|BINGLE, JONATHAN|C|2|REP|22243|0|22167.43|0|0|75.57|0|0|0|0|0|4640.17|22243|WA|05||||||0|0|12/31/2024|0|0
H4WA05259|COOPER, TERRI KAY|C|2|REP|47829.05|0|36828.66|0|0|11000.39|0|0|0|0|0|0|47741.94|WA|05||||||0|0|12/31/2024|500|0
H2WA06129|KILMER, DEREK|I|1|DEM|1012518.96|0|1522806.19|141300|1149210.17|638922.94|0|0|0|0|0|0|496136.56|WA|06||||||432240|0|12/31/2024|110847.54|54500
H4WA06109|FRANZ, HILARY|O|1|DEM|1531301.82|0|1531301.82|0|0|0|6600|0|0|0|0|0|1375382.9|WA|06||||||136600|500|12/31/2024|149702|11000
H4WA06117|RANDALL, EMILY|O|1|DEM|1978942.81|4825.04|1951071.13|0|0|27871.68|1000|0|0|0|0|31000|1548226.76|WA|06||||||421950.01|0|12/31/2024|6752|1000
H4WA06125|DEAN, KATE|O|1|DEM|22583|0|22583|0|0|0|0|0|0|0|0|0|22583|WA|06||||||0|0|03/29/2024|0|0
H0WA06081|KREISELMAIER, ELIZABETH|O|2|REP|253|0|7908.14|0|9020.53|1365.39|253|0|0|0|0|16500|0|WA|06||||||0|0|12/31/2024|0|0
H4WA06133|MACEWEN, DREW C|O|2|REP|255579.9|0|255579.9|0|0|0|0|0|0|0|0|0|236610.22|WA|06||||||6200|12740|12/31/2024|0|0
H6WA07458|JAYAPAL, PRAMILA|I|1|DEM|2824206.25|0|3181301.88|0|2369820.4|2012724.77|0|0|0|0|0|0|2393461.1|WA|07||||||420799.86|706.3|12/31/2024|23825.02|0
H2WA07127|MOON, CLIFFORD E|C|2|REP|0|0|6022.03|0|-13098.94|-19120.97|0|0|0|0|0|1500|0|WA|07||||||0|0|12/31/2024|0|0
H4WA08154|SIDDIQI, IMRAAN|C|1|DEM|443719.82|0|443719.82|0|0|0|0|0|0|0|0|0|441677.15|WA|08||||||2000|0|10/16/2024|511.11|0
H8WA08189|SCHRIER, KIM DR.|I|1|DEM|6530378.69|68424.8|5059145.56|0|350389.54|1821622.67|0|0|0|0|0|-283.68|5080931.14|WA|08||||||1293826.91|11069.28|12/31/2024|50625.92|13700
H4WA08139|CARMEN, GOERS|C|2|REP|258744.9|0|258495.67|0|0|249.23|31217.57|75000|0|0|0|99595.8|147981.7|WA|08||||||4000|0|12/31/2024|1408.96|0
H4WA09095|CHAUDHRY, MELISSA|C|1|DEM|227467.53|0|108983.24|0|0|118484.29|0|0|0|0|0|0|226502.22|WA|09||||||0|0|12/31/2024|3333.65|0
H6WA09025|SMITH, D. ADAM|I|1|DEM|1677915.88|0|1701113.83|0|593950.77|570752.82|0|0|0|0|0|0|961177.13|WA|09||||||714400|0|12/31/2024|6930|0
H4WA09103|MARTIN, PAUL WALTER|C|2|REP|1825.04|0|1160.8|0|0|664.24|40|0|0|0|0|0|1785|WA|09||||||0|0|07/17/2024|0|0
H0WA10034|STRICKLAND, MARILYN|I|1|DEM|2067308.22|0|1944672.74|35000|457952.27|580587.75|0|0|0|0|0|50000|1150466.21|WA|10||||||905174.58|5048.32|12/31/2024|7848|4100
H4WA10085|TOLIVER, DESIREE|C|1|DEM|3372|0|2297.5|0|0|1074.5|0|0|0|0|0|0|3372|WA|10||||||0|0|07/17/2024|0|0
H0WA10067|HEWETT, DON|C|2|REP|39.57|0|0|0|0|39.57|0|0|0|0|0|0|39.57|WA|10||||||0|0|09/30/2023|0|0
H2WA10063|HEWETT, DON|C|2|REP|39.57|0|0|0|0|39.57|0|0|0|0|0|0|39.57|WA|10||||||0|0|09/30/2023|0|0
H4WA08147|SHETH, NIRAV|C|2|REP|26855|0|30401.04|0|0|3757.96|0|0|0|0|0|0|26855|WA|10||||||0|0|07/31/2024|0|0
H4WA10044|HEWETT, DON MR|C|2|REP|39.57|0|0|0|0|39.57|0|0|0|0|0|0|39.57|WA|10||||||0|0|09/30/2023|0|0
H4WA10077|FRATT, JAY|C|2|REP|14931.81|0|14931.81|0|0|0|929.81|10000|0|7643.06|0|0|4002|WA|10||||||0|0|05/21/2024|0|0
H4WI01056|BARCA, PETER WILLIAM|C|1|DEM|2312574.6|29955.88|2295665.11|0|0|16909.49|6000|30000|0|124.58|0|29875.42|1890259.4|WI|01||||||355870.91|0|12/31/2024|34531.42|1000
H4WI01163|SANTOS, LORENZO JUAN|C|1|DEM|25593.83|0|25440.23|0|220|373.6|1292|0|0|0|0|0|24301.82|WI|01||||||0|0|12/31/2024|0|0
H4WI01171|ANDERSON, DIANE|C|1|DEM|0|0|0|0|0|0|0|0|0|0|0|0|0|WI|01||||||0|0|09/30/2023|0|0
H4WI01197|BARCA, PETER|C|1|DEM|2312574.6|29955.88|2295665.11|0|0|16909.49|6000|30000|0|124.58|0|29875.42|1890259.4|WI|01||||||355870.91|0|12/31/2024|34531.42|1000
H8WI01156|STEIL, BRYAN GEORGE|I|2|REP|5618110.81|1066433.82|4910592.51|0|1511652.07|2219170.37|0|0|0|0|0|0|2320624.1|WI|01||||||2080080.54|158.5|12/31/2024|40326.89|5100
H4WI01205|TODD, CHESTER|C|3|GRE|0|0|92.55|0|120.54|27.99|0|0|0|0|0|0|0|WI|01||||||0|0|12/31/2024|0|0
H2WI02124|POCAN, MARK|I|1|DEM|1070480.82|0|1060953.72|0|992689.86|1002216.96|0|0|0|0|0|0|493254.97|WI|02||||||570434.55|0|12/31/2024|696.52|3300
H2WI02173|BARRY, CHARITY|C|2|REP|135912.28|0|140320.79|0|4575.62|167.11|2837.99|0|0|0|0|0|132477.01|WI|02||||||0|0|12/31/2024|4084.38|0
H2WI02181|OLSEN, ERIK|C|2|REP|183589.6|0|165756.96|0|2078.49|-5419.13|32766.43|17800|0|0|0|0|128023.17|WI|02||||||0|5000|12/31/2024|0|0
H2WI03130|COOKE, REBECCA|C|1|DEM|6358058.65|94504.66|6347919.13|0|0|10139.52|0|0|0|0|0|0|5788499.69|WI|03||||||466661.03|5000|12/31/2024|71137.74|7897.04
H4WI03169|COOKE, REBECCA|C|1|DEM|6358058.65|94504.66|6347919.13|0|0|10139.52|0|0|0|0|0|0|5788499.69|WI|03||||||466661.03|5000|12/31/2024|71137.74|7897.04
H4WI03177|NYTES, AARON|C|1|DEM|745.34|0|147.5|0|0|597.84|80.34|0|0|0|0|0|665|WI|03||||||0|0|12/31/2023|0|0
H4WI03193|JOHNSON, TARA|C|1|DEM|214530.32|0|214530.32|0|0|0|9635.54|0|0|0|0|0|199567.33|WI|03||||||5000|327.45|02/23/2024|5050|0
H4WI03201|SHANKLAND, KATRINA|C|1|DEM|979501.34|0|977148.27|0|0|2353.07|6912.38|6000|0|6000|0|4011.28|847371.16|WI|03||||||119001.14|0|12/31/2024|64568.7|10000
H4WI03219|WILSON, ERIC|C|1|DEM|257828.69|0|257508.82|0|0|319.87|2949.27|9000|0|2000|0|20453.13|242039.42|WI|03||||||2000|65|12/31/2024|185|0
H0WI03175|VAN ORDEN, DERRICK F. MR.|I|2|REP|7658526.55|1549657.87|7319385.43|0|177664.94|516806.06|0|0|0|0|0|92228.61|5011673.47|WI|03||||||1021185|18700|12/31/2024|181525.61|8000
H4WI04183|MOORE, GWEN S|I|1|DEM|1356549.62|0|1356652.33|0|22350.16|22247.45|0|0|0|0|0|0|392401.61|WI|04||||||953512.21|0|12/31/2024|3068.52|0
H4WI04282|NATH, PURNIMA|C|2|REP|15663|0|9052.65|0|0|6610.35|0|0|0|0|0|0|15663|WI|04||||||0|0|12/31/2024|0|0
H4WI05115|STEINHOFF, BEN|C|1|DEM|92877.73|0|92149.08|0|0|7391.43|0|1000|0|0|0|0|88302.73|WI|05||||||0|3575|12/31/2024|100|0
H0WI05113|FITZGERALD, SCOTT|I|2|REP|1329459.04|0|884682.86|90000|392829.62|837605.8|0|0|0|0|0|0|532106.8|WI|05||||||781700|500|12/31/2024|5500|-1000
H0WI06194|WASHBURN, AMY IRENE MS.|C|1|DEM|3975.55|0|11131.3|0|6674.28|0|0|1090|0|1090|0|0|2339|WI|06||||||0|0|07/31/2024|0|0
H4WI06139|ZARBANO, JOHN|C|1|DEM|90623.35|0|90532.01|0|0|91.34|0|0|0|0|0|0|77421.24|WI|06||||||5000|8200|12/31/2024|0|0
H4WI06048|GROTHMAN, GLENN S.|I|2|REP|998213.83|0|1013450.91|0|537726.79|522489.71|0|0|0|0|0|139110|731502.63|WI|06||||||256288.5|6300|12/31/2024|8335.42|0
H4WI07129|KILBOURN, KYLE|C|1|DEM|233031.36|0|218055.19|0|0|14976.17|300|0|0|0|0|0|218083.15|WI|07||||||6920.04|6551.92|12/31/2024|0|0
H4WI07145|DURANCEAU, ELSA|C|1|DEM|10147.16|0|9447.66|0|0|173.07|0|0|0|0|0|0|10147.16|WI|07||||||0|0|07/24/2024|0|0
H0WI07101|TIFFANY, TOM|I|2|REP|1248250.19|0|1411979.97|30000|339670.16|175940.38|0|0|0|0|0|0|1005255.88|WI|07||||||237744|3995|12/31/2024|5566|0
H4WI08101|LYERLY, KRISTIN|O|1|DEM|2802201.67|44876.09|2776592.24|0|0|25609.43|0|0|0|0|0|0|2662325.57|WI|08||||||95000|0|12/31/2024|17061.14|0
H4WI08127|EISENHEIM, ERIK BRIAN MR.|O|1|DEM|11908.99|0|11873.99|0|0|35|0|11526.84|0|0|0|11526.84|0|WI|08||||||0|0|12/31/2024|0|0
H4WI08085|ROTH, ROGER JAMES JR.|O|2|REP|776196.61|0|776196.61|0|0|0|0|0|0|0|0|0|709018.63|WI|08||||||67000|0|12/31/2024|54801|6000
H4WI08093|JACQUE, ANDRE|O|2|REP|264442.99|0|264442.99|0|0|0|0|16000|0|0|0|0|214837.29|WI|08||||||33300|0|12/31/2024|25|1000
H4WI08119|WIED, TONY|O|2|REP|1597272.1|268255.35|1552041.6|0|0|45230.5|0|645000|0|34414.68|0|620408.35|349521.18|WI|08||||||332850|0|12/31/2024|0|0
H4WV01066|UMBERGER, JAMES MILTON|C|1|DEM|80166.17|0|72347.75|0|0|7818.42|35096.56|0|0|0|0|0|45069.61|WV|01||||||0|0|06/07/2024|9120|0
H4WV01058|EVANS, JONATHAN DERRICK|C|2|REP|1062145.01|0|1001214.23|0|0|60930.78|100|0|0|0|0|0|1038108.06|WV|01||||||2500|0|12/31/2024|2775|0
H8WV03097|MILLER, CAROL DEVINE|I|2|REP|1751492|21600.38|1725384.9|0|213434.88|239541.98|0|0|0|25000|0|417992.72|581652.27|WV|01||||||1143059.24|0|12/31/2024|3900|8500
H4WV01074|HOLDEN, WES|C|3|IND|54916.37|0|54499.83|0|0|416.54|22685|1400|0|0|0|10213|28581.37|WV|01||||||2000|250|12/31/2024|0|0
H4WV02247|WENDELIN, STEVEN COMMANDER USN, (RET)|O|1|DEM|31923.98|0|31663.98|0|0|260|67|0|0|0|0|0|31206.98|WV|02||||||400|250|12/31/2024|0|0
H4WV02080|MOONEY, ALEXANDER XAVIER|I|2|REP|10647.28|2900|17729.98|8411.04|7082.7|0|0|0|0|0|0|0|318.6|WV|02||||||0|0|12/31/2024|0|0
H4WV02197|GAASERUD, ALEXANDER|O|2|REP|4150|0|4848.08|0|718.94|20.86|0|3550|0|0|0|0|600|WV|02||||||0|0|12/31/2024|0|0
H4WV02205|MOORE, RILEY|O|2|REP|1443700.37|139378|1454396.91|0|133659.37|122962.83|0|0|0|0|0|68382.19|820122.37|WV|02||||||484200|0|12/31/2024|13000|0
H4WV02213|EARLEY, JOSEPH FREDERICK|O|2|REP|211705.93|0|212733.43|0|1027.5|0|12849.82|80000|0|43000|0|0|110505.5|WV|02||||||500|0|12/31/2024|50|0
H4WV02221|CAIN, DENNIS (NATE) NATHAN|O|2|REP|128060.54|950|128493.4|250|432.86|0|38164.23|0|0|0|0|0|88916.52|WV|02||||||0|0|06/12/2024|7900|0
H4WV02254|WALKER, CHRISTOPHER|O|2|REP|867830.3|0|867600.09|0|0|230.21|5984.08|70000|0|0|0|87000|771240.56|WV|02||||||6000|0|12/31/2024|45054.05|0
H4WY00196|CAMERON, KYLE G.|C|1|DEM|16215.56|0|16215.56|2000|0|0|0|0|0|0|0|0|14615.56|WY|00||||||600|1000|12/31/2024|0|0
H2WY00166|HAGEMAN, HARRIET|I|2|REP|3070024.92|161782.26|2461850.85|5109.85|274788.97|882963.04|0|0|0|0|0|0|2484952.21|WY|00||||||343462.32|0|12/31/2024|2075|2500
P00006213|DELANEY, JOHN K.|C|1|DEM|0|0|1770|0|2317.43|547.43|0|0|0|0|0|1493250|0|00|00||||||0|0|12/31/2024|0|0
P00006486|YANG, ANDREW MR.|C|1|DEM|0|0|37124.45|0|37124.45|0|0|0|0|37124.45|0|0|0|00|00||||||0|0|01/26/2023|0|0
P00008946|POWERS, CHRISTIN NOEL MS.|C|1|DEM|31203|0|25203|0|11228.37|17228.37|31203|0|0|0|0|0|0|00|00||||||0|0|11/30/2024|0|0
P00009225|SENEY, RAYMOND J|C|1|DEM|0|0|30.45|0|245.2|214.75|0|0|0|0|0|1800|0|00|00||||||0|0|12/31/2024|0|0
P00009423|HARRIS, KAMALA|C|1|DEM|1175189365.41|533714769.74|1175284546.82|67904.42|1857238.04|1762056.63|0|0|0|0|0|934179.58|613557356.86|00|00||||||152322.23|2090|12/31/2024|9549292.21|3425
P00009621|WARREN, ELIZABETH|C|1|DEM|7977.96|0|9482.64|0|3151.8|1647.12|0|0|0|0|0|0|0|00|00||||||0|0|12/31/2024|2155|0
P00009910|WILLIAMSON, MARIANNE|C|1|DEM|5404966.53|0|5401514.6|0|0|3451.93|5820.2|1100000|0|45000|0|1058151.9|4260529.18|00|00||||||0|0|12/31/2024|259848.47|0
P00012054|DE BLASIO, BILL|C|1|DEM|155574.19|153549.19|156816.91|0|3674.55|2431.83|0|0|0|0|0|286.25|0|00|00||||||0|0|12/31/2024|0|0
P00013045|POPE SR, WAYNE ANTHONY|C|1|DEM|18305.28|0|0|0|0|0|10891.2|0|0|0|0|0|10891.28|00|00||||||0|0|04/09/2024|0|0
P00014530|BLOOMBERG, MICHAEL R.|C|1|DEM|8652.27|0|17075.21|0|3223361.87|3214938.93|0|0|0|0|0|0|0|00|00||||||0|0|12/31/2024|0|0
P40002347|EDWARDS, JOHN|O|1|DEM|0|0|0|0|0|0|0|0|0|0|0|331586.46|0|00|00||||||0|0|12/31/2024|0|0
P40002404|SHARPTON, REV ALFRED C|C|1|DEM|0|0|0|0|-11636.54|-11636.54|0|0|0|0|0|925713.78|0|00|00||||||0|0|12/31/2024|0|0
P40007676|SMYTH, HERBERT EZEKIEL ZEKE|C|1|DEM|0|0|0|0|0|0|0|0|0|0|0|0|0|00|00||||||0|0|12/31/2024|0|0
P40009623|BHARARA, SHABADJOT SINGH MR|C|1|DEM|0|0|0|0|0|0|0|0|0|0|0|0|0|00|00||||||0|0|02/12/2024|0|0
P40010514|PEREZ-SERRATO, ARMANDO|C|1|DEM|42400|0|77495.7|0|7701.22|-18700|10000|6400|26000|17900|7500|0|0|00|00||||||0|0|12/31/2024|0|0
P40010621|CAMILLERI, CHARLES WILLIAM|C|1|DEM|41248|0|540|0|0|0|20668|0|0|0|0|0|20580|00|00||||||0|0|06/30/2023|0|0
P40011579|WASHINGTON, JOHN III|C|1|DEM|200|0|0|0|0|200|0|0|0|0|0|0|200|00|00||||||0|0|03/31/2023|0|0
P40013286|VIDAL, VALENTINE C ESQ|C|1|DEM|0|0|0|0|0|0|0|0|0|0|0|0|0|00|00||||||0|0|11/05/2024|0|0
P40013716|BUKOVINAC, TERRISA LIN|C|1|DEM|65640.4|0|66102.09|0|0|-461.69|0|0|0|0|0|573.81|60094.89|00|00||||||5000|0|12/31/2024|545.51|0
P40013955|AYALA, ROBERT CARLOS|C|1|DEM|655|0|635|0|0|20|150|0|0|0|0|0|505|00|00||||||0|0|12/31/2023|0|0
P40015752|UYGUR, CENK|C|1|DEM|547713.67|0|547713.67|0|0|0|30621.62|0|0|0|0|291719.75|513744.02|00|00||||||0|0|04/09/2024|1463|0
P40016024|PALMER, JASON MICHAEL MR.|C|1|DEM|953373.39|0|953373.39|0|0|0|199700|686710|0|0|0|688710|57202.75|00|00||||||0|0|12/31/2024|0|0
P40016073|JOHNSON, CONSTANCE L|C|1|DEM|10100|0|101|0|1|100|0|5500|5555|0|0|0|10201|00|00||||||0|0|12/20/2023|0|0
P40016131|PHILLIPS, DEAN|C|1|DEM|7670314.82|0|7665633.17|0|0|4681.65|20|5885000|0|0|0|5535000|1785156.66|00|00||||||0|0|12/31/2024|81509|0
P40021107|RAND, RACHEL LYDIA|C|1|DEM|55180.45|0|55480.45|0|0|0|55030.25|0|0|0|0|0|0|00|00||||||0|0|12/31/2024|0|0
P60007168|SANDERS, BERNARD|C|1|DEM|386220.61|200000|1141260.79|0|820639.15|65637.97|0|0|0|0|0|0|15.6|00|00||||||0|0|12/31/2024|0|0
P60007176|FAAS, SOURAYA|C|1|DEM|0|0|0|0|0|0|0|0|0|0|0|9300|0|00|00||||||0|0|12/31/2024|0|0
P80000268|CARTER, WILLIE FELIX|C|1|DEM|7431.45|0|6842.25|0|-527.06|62.14|7239.31|0|0|0|0|1250|0|00|00||||||0|0|12/31/2024|0|0
P80000722|BIDEN, JOSEPH R JR|I|1|DEM|1175189365.41|533714769.74|1175214805.8|19400|1787497.02|1762056.63|0|0|0|0|0|934179.58|613557356.86|00|00||||||152322.23|2090|12/31/2024|9549280.51|3425
P00004861|BICKELMEYER, MICHAEL|C|2|REP|784.99|0|792.89|0|10|2.1|784.99|0|0|0|0|0|0|00|00||||||0|0|12/31/2024|0|0
P00006528|HERZ, DAVID RAPHAEL MR.|C|2|REP|0|0|90|0|90|0|0|0|0|90|0|0|0|00|00||||||0|0|03/31/2024|0|0
P00010033|VILLARI, TIMOTHY MICHAEL MR.|C|2|REP|76085.79|0|16016.39|0|20000|60069.4|0|76084.79|0|16016.39|0|25644.69|1|00|00||||||0|0|12/31/2024|0|0
P00011239|WELD, WILLIAM FLOYD (BILL)|C|2|REP|1387.5|0|1387.5|0|15.7|15.7|1387.5|0|0|0|0|386367.3|0|00|00||||||0|0|12/31/2024|0|0
P00013029|RESCH, SUSAN|C|2|REP|4713.74|0|4710.74|0|0|3|4363.74|0|0|0|0|0|350|00|00||||||0|0|12/31/2023|0|0
P00013649|SANFORD, MARSHALL HON|C|2|REP|8079.91|0|22798.5|0|1338221.62|1323503.03|0|0|0|0|0|0|0|00|00||||||0|0|12/31/2024|0|0
P00014357|BUCHSER-LOCHOCKI, SUSAN|C|2|REP|13091.13|0|7736.1|0|6448.81|11803.84|5996.61|6593.06|0|0|0|6593.06|96|00|00||||||0|0|12/31/2024|0|0
P00015925|WALTON, GREG|C|2|REP|34389.51|0|34389.51|0|0|0|0|34389.51|0|0|0|0|0|00|00||||||0|0|12/31/2024|0|0
P20002721|SANTORUM, RICHARD J.|O|2|REP|43.35|0|111|0|1789|1721.35|0|0|0|0|0|983606.46|0|00|00||||||0|0|12/31/2024|0|0
P20002978|BACHMANN, MICHELE|C|2|REP|50177.23|0|315389.5|0|1421624.87|1156412.6|0|0|0|0|0|1914.4|0|00|00||||||0|0|12/31/2024|0|0
P40003824|FRAYER, DONALD ROBERT|C|2|REP|303.15|0|787.99|0|-956.84|-1076.41|293.52|0|0|0|0|0|5.43|00|00||||||0|0|12/31/2024|0|0
P40004244|TILLIS, CHRISTOPHER GEORGE|C|2|REP|0|0|0|0|0|0|0|0|0|0|0|0|0|00|00||||||0|0|06/30/2024|0|0
P40004954|KROSS, STEVEN|C|2|REP|68.02|0|68.02|0|.05|.05|20.17|0|0|0|0|0|47.85|00|00||||||0|0|12/31/2023|0|0
P40005928|TORRES, JESUS MR.|C|2|REP|27047.58|0|26422.02|0|1210.12|1038.35|9072.01|0|0|0|0|0|626|00|00||||||0|0|09/30/2024|0|0
P40007312|CASTRO, JOHN ANTHONY|C|2|REP|23998.74|0|23164.5|0|0|10.16|23164.5|0|0|0|0|0|834.24|00|00||||||0|0|03/15/2024|0|0
P40007650|RUOHO, MICHAEL JEFFREY|C|2|REP|45|0|0|0|0|413.65|0|0|0|0|0|0|45|00|00||||||0|0|12/31/2024|0|0
P40008765|HUDSON, ANTHONY JASON|C|2|REP|141047.61|0|107774.28|0|0|31130.64|2241.21|0|0|0|0|0|136331.17|00|00||||||0|0|12/31/2024|0|0
P40009144|STAPLETON, COREY|C|2|REP|8047.05|0|11597.65|0|3550.6|0|6672.04|0|0|0|0|0|1375.01|00|00||||||0|0|12/31/2023|0|0
P40009409|BOERNER, ERIC JON|C|2|REP|28757.28|0|32085.54|0|3328.26|0|7078.06|14600|0|0|0|17900|7079.22|00|00||||||0|0|09/25/2023|0|0
P40010100|COLLINS, JOSEPH|C|2|REP|165|0|165|0|0|0|0|0|0|0|0|0|165|00|00||||||0|0|12/31/2023|0|0
P40010324|ROBERTS, ROLLAN II|C|2|REP|1283083.14|0|1283082.21|0|0|.93|0|1276000|0|1240000|0|0|7083.14|00|00||||||0|0|05/02/2024|0|0
P40010373|CLAPP, WALTER DOUGLAS|C|2|REP|33211.28|0|32601.42|0|0|678.65|0|21629.04|0|0|15000|62229.04|11582.24|00|00||||||0|0|07/15/2024|0|0
P40010415|NORRIS, JIM ALEXANDER SR|C|2|REP|35430000|0|121230010|0|0|775779979|20450000|500000|700000|0|0|0|13780000|00|00||||||0|0|12/31/2024|0|0
P40010571|JACOBS, MARK DUANE|C|2|REP|0|0|0|0|0|0|0|0|0|0|0|0|0|00|00||||||0|0|12/31/2023|0|0
P40010647|LANG, TRAVIS KEITH|C|2|REP|6000|0|2474.48|0|0|3506.62|6000|0|0|0|0|0|0|00|00||||||0|0|09/30/2023|0|0
P40010746|LAFFEY, STEVE|C|2|REP|164274.02|0|164274.02|0|0|0|35337|75000|0|75000|0|0|53937.02|00|00||||||0|0|12/08/2023|3300|0
P40010928|JOHNSON, PERRY|C|2|REP|29704589.21|0|28803785.04|0|0|0|3802517.5|25561653.5|0|772109.44|0|12255786.56|340418.22|00|00||||||0|0|04/30/2024|0|0
P40010977|HALEY, NIKKI|C|2|REP|58378347.5|11216671.31|56690680.61|0|0|1687666.89|0|0|0|0|0|0|46896621|00|00||||||32800|0|12/31/2024|5875438.92|5300
P40011082|RAMASWAMY, VIVEK|C|2|REP|66197196.43|0|66197196.43|0|0|0|25875270.05|28880000|0|24018188|0|0|11206974.33|00|00||||||13750|0|09/30/2024|113233.27|950
P40011645|KJORNES, DONALD|C|2|REP|10028|0|9997.92|0|0|30.04|1|10000|0|7568.61|0|10000|27|00|00||||||0|0|07/16/2024|0|0
P40011850|HUTCHINSON, W. ASA|C|2|REP|1587081.91|147931.05|1587081.91|0|0|0|79|42171.06|0|0|0|28171.06|1364365.35|00|00||||||19317.75|0|10/31/2024|0|0
P40011868|BINKLEY, RYAN|C|2|REP|11884131.37|0|11882640.35|0|0|1491.02|444574.73|11074308|0|16808|0|11057500|365233.87|00|00||||||14.41|0|12/31/2024|16808|0
P40012155|SCOTT, TIMOTHY E.|C|2|REP|18856383.18|951728.12|34917284.04|124964.38|21778423.41|5717522.55|0|0|0|0|0|0|16176070.91|00|00||||||730400|0|12/31/2024|1153917.85|114000
P40012593|ELDER, LARRY|C|2|REP|1376324.53|25877.51|1375552.52|0|0|772.01|0|0|0|0|0|149395.5|1347140.02|00|00||||||3300|0|12/31/2024|35951.04|0
P40013039|DESANTIS, RON|C|2|REP|375129.07|0|375129.07|351933.43|0|0|0|0|0|0|0|0|374991.57|00|00||||||0|0|09/18/2023|0|0
P40013294|HORN, KANDY KAYE BSS.|C|2|REP|0|0|0|0|0|0|0|0|0|0|0|0|0|00|00||||||0|0|09/30/2023|0|0
P40013435|PENCE, MIKE|C|2|REP|7150753.11|0|6921541.28|0|0|229211.83|50000|0|0|0|0|126763.6|5506016.35|00|00||||||34800|0|12/31/2024|487951.24|12000
P40013518|BURGUM, DOUG|C|2|REP|18007928.85|0|18006938.99|0|0|989.86|0|14750652.81|0|780000|0|13970652.81|3087447.67|00|00||||||40600|0|12/31/2024|6925|18600
P40013765|SUAREZ, FRANCIS X.|C|2|REP|1806021.32|0|1806021.32|0|0|0|0|0|0|0|0|0|1433131.06|00|00||||||0|0|10/15/2024|92455.52|0
P40014011|HURD, WILLIAM|C|2|REP|1451894.03|0|1451894.03|0|0|0|3437.81|0|0|0|0|0|1447585.86|00|00||||||0|0|02/23/2024|7425.9|0
P40014391|JACKSON, E.W.|C|2|REP|126242.91|0|126242.91|0|0|0|3300|38400|0|4045|0|0|84242.91|00|00||||||0|0|02/26/2024|3400|0
P40014607|SINGH, HIRSH|C|2|REP|41364.61|0|41364.61|0|0|0|24212.53|0|0|0|0|0|17152.08|00|00||||||0|0|11/01/2023|0|0
P40014813|BRINSON, MONICA EVETTE|C|2|REP|168.15|0|168.15|0|0|0|0|0|0|0|0|0|168.15|00|00||||||0|0|12/31/2023|0|0
P40015992|STUCKENBERG, DAVID JAMES|C|2|REP|41102|0|0|0|0|41102|0|0|0|0|0|154090.05|41102|00|00||||||0|0|12/31/2024|0|0
P40016198|SANFORD, HARLAN MARK|C|2|REP|29909.51|0|29443.97|0|0|465.54|0|0|29909.51|0|0|34409.51|0|00|00||||||0|0|04/30/2024|0|0
P40016412|CLEMENT, CHRISTINA LOREN REV DR LLC|C|2|REP|16011.2|0|0|0|0|14870.03|16011.2|0|0|0|0|0|0|00|00||||||0|0|09/30/2024|0|0
P40018749|LYONS, SEAN|C|2|REP|274.39|0|274.39|0|0|0|274.39|0|0|0|0|0|0|00|00||||||0|0|03/31/2024|0|0
P40020141|SADLER, KALEB MICHEAL|C|2|REP|150000|0|0|0|0|150000|0|0|0|0|0|0|150000|00|00||||||0|0|06/30/2024|0|0
P60003654|GINGRICH, NEWT|C|2|REP|14.09|0|140|0|244.34|118.43|0|0|0|0|0|4637534.55|0|00|00||||||0|0|12/31/2024|0|0
P60005121|ALLEN-REESE, POGO MOCHELLO MR|C|2|REP|0|0|0|0|0|0|0|0|0|0|0|17578.19|0|00|00||||||0|0|06/30/2023|0|0
P60006111|CRUZ, RAFAEL EDWARD "TED"|O|2|REP|0|0|139|0|32187.27|32048.27|0|0|0|0|0|0|0|00|00||||||0|0|12/31/2024|0|0
P60006723|RUBIO, MARCO|O|2|REP|0|0|0|0|3609.89|3609.89|0|0|0|0|0|827657.12|0|00|00||||||0|0|12/31/2024|0|0
P60007572|PATAKI, GEORGE E|O|2|REP|0|0|432|0|3556.87|3124.87|0|0|0|0|0|20000|0|00|00||||||0|0|12/31/2024|0|0
P60008521|CHRISTIE, CHRIS|C|2|REP|7628084.62|0|7595353.05|0|0|32731.57|3434.29|169562.67|0|169562.67|0|0|7408517.31|00|00||||||30300|0|12/31/2024|258263|0
P80001571|TRUMP, DONALD J.|C|2|REP|29133.95|29133.95|29133.95|29133.95|0|0|0|0|0|0|0|0|0|00|00||||||0|0|08/08/2024|0|0
P80003817|WUENSCHE, VERNON EDGAR|C|2|REP|0|0|0|0|582.84|582.84|0|0|0|0|0|0|0|00|00||||||0|0|12/31/2023|0|0
P40021420|UCHE, MAUREEN ALLAH|C|3|AMP|0|0|0|0|0|0|0|0|0|0|0|0|0|00|00||||||0|0|09/30/2024|0|0
P40021446|UCHE, MAUREEN ALLAH|C|3|AMP|0|0|0|0|0|0|0|0|0|0|0|0|0|00|00||||||0|0|12/31/2024|0|0
P00016741|WEST, KANYE|C|3|BDY|172966.65|0|401899.77|0|228933.12|0|172966.65|0|0|0|0|0|0|00|00||||||0|0|12/31/2024|0|0
P60021136|CUMMINGS, DANIEL CLYDE|C|3|CON|232.87|0|0|0|0|232.87|232.87|0|0|0|0|0|0|00|00||||||0|0|03/31/2024|0|0
P20003984|STEIN, JILL|C|3|GRE|3535402.25|0|3581906.81|0|7521.92|-38982.64|2700|0|0|0|0|43010|3060599.59|00|00||||||3736|0|12/31/2024|27349.81|0
P40015356|PASTREICH, EMANUEL YI|C|3|GRE|2240.25|0|2240.25|0|0|0|0|0|0|0|0|0|2240.25|00|00||||||0|0|10/10/2023|0|0
P40015851|ZAVALA, JORGE MR.|C|3|GRE|5785|0|3347.09|0|-107.6|1811.11|0|0|0|0|0|0|5785|00|00||||||0|0|11/30/2024|0|0
P00003962|SCHRINER, JOSEPH CHARLES|C|3|IND|0|0|0|0|15|15|0|0|0|0|0|0|0|00|00||||||0|0|12/31/2024|0|0
P00007641|WELLS, ROBERT|C|3|IND|12723.21|0|4710.89|0|0|0|12723.21|0|0|0|0|0|0|00|00||||||0|0|12/31/2024|0|0
P00007823|LEE, HUHNKIE|C|3|IND|34330|0|34330|0|8290|8290|0|0|0|0|0|0|34330|00|00||||||0|0|12/31/2024|0|0
P00010660|MCCRAY, VALERIE LIN DR.|C|3|IND|142089.64|0|137667.79|0|0|12156|1007.05|400.66|0|0|0|0|120540.01|00|00||||||7150|0|12/31/2024|0|0
P00012039|CHARLES, MARK R.|C|3|IND|0|0|35|0|1615.51|1580.51|0|0|0|0|0|0|0|00|00||||||0|0|12/31/2024|0|0
P00016253|SCURLOCK, FRANK MIALS|C|3|IND|10000|0|0|0|-73941.3|-63941.3|0|10000|0|0|0|273756.79|0|00|00||||||0|0|09/30/2023|0|0
P40004459|PULLIAM, ALANDER LEE JR|C|3|IND|5066723|0|5141939|0|1100|780784|692300|1350000|0|60000|0|2200000|20|00|00||||||0|3000000|12/31/2024|0|2000000
P40006520|CORDOVA, VINCENT DEAN MR. JR.|C|3|IND|0|0|0|0|0|0|0|0|0|0|0|0|0|00|00||||||0|0|12/31/2024|0|0
P40007395|DRAKE, PHILLIP|C|3|IND|0|0|0|0|0|0|0|0|0|0|0|0|0|00|00||||||0|0|07/10/2023|0|0
P40007577|HOFF, SAMUEL B DR|C|3|IND|0|0|0|0|0|0|0|0|0|0|0|0|0|00|00||||||0|0|12/31/2024|0|0
P40007882|STASEVICH, JON EDWARD|C|3|IND|0|0|0|0|2149.73|2149.73|0|0|0|0|0|2062.25|0|00|00||||||0|0|04/13/2023|0|0
P40008534|DRAKE, PHILLIP|C|3|IND|0|0|0|0|0|0|0|0|0|0|0|0|0|00|00||||||0|0|07/10/2023|0|0
P40008849|CARTER, GREGORY MARCUS MR|C|3|IND|2120|0|1576.73|100|142.23|661.46|1100|0|0|0|0|0|1020|00|00||||||0|0|09/30/2023|0|0
P40009458|ZORC, TONY|C|3|IND|100560|0|61078.01|0|-8213.75|31268.24|0|100000|0|0|0|100000|560|00|00||||||0|0|04/30/2023|0|0
P40011793|KENNEDY, ROBERT, F. JR., SHANAHAN, NICOLE|C|3|IND|67278247.27|563480|66539069.36|0|0|739177.91|0|0|0|0|0|1924500.95|66442923.67|00|00||||||13200|0|12/31/2024|2042603.19|0
P40012015|AYYADURAI, SHIVA DR.|C|3|IND|169036.35|0|146413.56|0|0|22622.79|51112.91|0|0|0|0|0|117923.44|00|00||||||0|0|12/31/2024|0|0
P40012676|COHEN, HOWARD RUSSELL|C|3|IND|87165.87|0|87165.87|0|0|0|0|87140.87|0|0|0|0|25|00|00||||||0|0|09/30/2023|0|0
P40012734|DRAKE, PHILLIP JOSEPH|C|3|IND|153000|0|875200|0|0|-722200|0|0|0|0|0|0|153000|00|00||||||0|0|12/31/2023|0|0
P40013708|WEST, CORNEL|C|3|IND|1398321.09|0|1396083.06|0|0|2238.03|0|0|0|0|0|72604.55|1393838.75|00|00||||||0|0|12/31/2024|83523.45|0
P40013922|IRVING, SHONDRA Y|C|3|IND|9742.56|0|7612.06|0|7844|420|5243.47|1300|0|0|0|0|0|00|00||||||0|0|09/30/2024|0|0
P40014557|ARRINGTON, BRYAN LAMONT LORD|C|3|IND|0|0|0|0|4233.12|4233.12|0|0|0|0|0|17294.12|0|00|00||||||0|0|09/30/2024|0|0
P40015216|GARDNER, DAVE|C|3|IND|19627|0|19753.01|0|0|-126.01|0|9800|0|3859.23|0|6800|9827|00|00||||||0|0|09/30/2024|0|0
P40015281|OSORNIO, ANGEL|C|3|IND|0|0|5057.34|0|0|-5057.34|0|0|0|0|0|0|0|00|00||||||0|0|12/31/2024|0|0
P40015406|DE LA CRUZ, CLAUDIA|C|3|IND|387646.26|0|387646.26|0|0|0|0|0|0|0|0|0|386002.48|00|00||||||1500|0|12/31/2024|203|0
P40015414|DIAZ, JOHN EDWARD|C|3|IND|0|0|0|0|0|0|0|0|0|0|0|0|0|00|00||||||0|0|12/20/2023|0|0
P40019028|BUSS, JOHNNY HATTEN|C|3|IND|1234622.77|0|1234622.77|0|0|0|2078.01|1225000|0|153000|0|1072000|1170.48|00|00||||||0|0|09/30/2024|1170.48|0
P40019507|BELL, DOUGLAS MR|C|3|IND|1991.31|0|1914.36|0|38.06|49.45|775|100|0|0|0|100|1111.97|00|00||||||0|0|12/31/2024|0|0
P40019523|BELL, DOUGLAS|C|3|IND|1991.31|0|1914.36|0|38.06|49.45|775|100|0|0|0|100|1111.97|00|00||||||0|0|12/31/2024|0|0
P60003076|KEYES, ALAN L|O|3|IND|0|0|0|0|0|0|0|0|0|0|0|296843.91|0|00|00||||||0|0|12/31/2024|0|0
P60005303|FOX, CHERUNDA LYNN|C|3|IND|75052.29|0|75052.29|0|0|0|74527.68|0|424.61|0|231|424.61|101|00|00||||||0|0|12/31/2024|1|0
P60022654|MCMULLIN, EVAN / MINDY FINN|O|3|IND|0|0|397|0|483.29|86.29|0|0|0|0|0|664330.95|0|00|00||||||0|0|12/31/2024|0|0
P00014175|HORNBERGER, JACOB GEORGE MR.|C|3|LIB|75109.18|0|75109.18|0|0|0|158.85|0|0|0|0|0|74602.18|00|00||||||0|0|08/20/2024|0|0
P00015297|AVOURIS, AARON PATRICK|C|3|LIB|9|6.25|1.25|1.25|1.25|0|0|0|0|0|0|0|2.75|00|00||||||0|0|12/31/2024|0|0
P40003170|ASHBY, STEPHAN BLAKE|C|3|LIB|63833.16|0|61009.52|0|30023.19|32846.83|0|63833.16|0|0|0|63833.16|0|00|00||||||0|0|12/31/2024|0|0
P40005936|MAPSTEAD, LARS DAMIAN 8319014600|C|3|LIB|993735.78|0|1002847.51|0|9111.73|0|150229.87|825000|0|85108.66|0|764891.34|18505.91|00|00||||||0|0|12/18/2024|0|0
P40007734|TER MAAT, MICHAEL|C|3|LIB|279131.66|0|355574.99|0|77954.01|1510.68|15480.98|194000|0|64000|0|130000|48186.41|00|00||||||0|0|12/31/2024|0|0
P40011983|OLIVER, CHASE RUSSELL|C|3|LIB|481989.85|0|479897.43|0|0|2092.42|0|0|0|0|0|50674.63|477074.58|00|00||||||309.8|1414.99|12/31/2024|0|0
P40014276|FERRY, CHARLES GRIFFITH MR JR|C|3|LIB|0|0|0|0|500|500|0|0|0|0|0|0|0|00|00||||||0|0|06/30/2023|0|0
P40014540|SMITH, JOSHUA D.|C|3|LIB|21970.02|0|21945.02|0|0|2125.95|415.57|0|0|0|0|0|21551.86|00|00||||||0|0|09/30/2024|0|0
P40014565|ANDERSON, JOSHUA|C|3|LIB|0|0|0|0|0|0|0|0|0|0|0|0|0|00|00||||||0|0|12/31/2024|0|0
P40014920|SANSONE, ROBERT E|C|3|LIB|3770.72|0|3770.72|0|0|0|3645.72|0|0|0|0|0|0|00|00||||||0|0|12/31/2023|0|0
P40015042|BALLAY, CHARLES DR.|C|3|LIB|121234.27|0|123400.19|0|0|0|42716.19|74013.32|0|0|0|74013.32|4504.76|00|00||||||0|0|06/30/2024|0|0
P40015109|RECTENWALD, MICHAEL D DR.|C|3|LIB|85862.87|0|75198.15|0|0|10664.72|13816.38|0|0|0|0|0|68924.08|00|00||||||0|0|06/30/2024|400|0
P40015240|SABER, DAVID ANDREW MX|C|3|LIB|0|0|0|0|0|0|0|0|0|0|0|0|0|00|00||||||0|0|12/31/2024|0|0
P00012187|SMITH, DWIGHT STANFORD||3|NNE|0|0|240|0|0|0|0|0|0|0|0|0|0|00|00||||||0|0|12/31/2024|0|0
P40012841|GONZAGA, JOSEPH LUIZ|C|3|NNE|0|0|0|0|0|0|0|0|0|0|0|591780.82|0|00|00||||||0|0|12/31/2024|0|0
P40013351|GARRITY, CHRISTOPHER|C|3|NNE|40500|0|39393.05|0|3086.84|1050.56|40500|0|0|0|0|0|0|00|00||||||0|0|12/31/2024|0|0
P40020430|BOWMAN, JAY|C|3|NNE|12702|0|12167|0|0|25|12682|0|0|0|0|0|20|00|00||||||0|0|12/31/2024|0|0
P60016920|PRAG, CHOMI|C|3|NNE|0|0|0|0|0|0|0|0|0|0|0|0|0|00|00||||||0|0|09/30/2023|0|0
P60017100|VALENTINE, JAMES|C|3|NNE|0|0|0|0|36965.37|36965.37|0|0|0|0|0|52600|0|00|00||||||0|0|12/31/2024|0|0
P00010876|TRAHAN, CHANCE BRADFORD MR|C|3|NON|2113|0|2113|0|0|0|0|0|0|0|0|0|2113|00|00||||||0|0|07/24/2023|0|0
P80006737|CORDOVA, VINCENT DEAN MR. JR||3|NON|0|0|0|0|0|0|0|0|0|0|0|0|0|00|00||||||0|0|12/31/2024|0|0
P00013771|CARROLL, BRIAN T|C|3|NPA|0|0|0|0|3703.78|3503.78|0|0|0|0|0|3366.58|0|00|00||||||0|0|09/30/2023|0|0
P40003907|BUSA, MICHAEL ANTHONY MR|C|3|NPA|0|0|0|0|0|0|0|0|0|0|0|0|0|00|00||||||0|0|03/31/2023|0|0
P40010704|ZILBERBERG, BARAK|C|3|NPA|3645.3|0|3325.9|0|0|319.4|146|3470.3|0|0|0|131573.8|29|00|00||||||0|0|12/31/2024|0|0
P40012445|JACOBS, KEITH S|C|3|NPA|7330|0|7616.47|0|0|-286.47|700|6630|0|0|0|6630|0|00|00||||||0|0|12/31/2024|0|0
P60019668|GEORGE, JEFF|O|3|NPA|0|0|0|0|-11151.21|-11151.21|0|0|0|0|0|0|0|00|00||||||0|0|09/30/2024|0|0
P00012211|HAWKINS, HOWIE|C|3|OTH|2794.97|0|2904.71|0|109.74|0|1066.79|0|0|0|0|0|728.18|00|00||||||0|0|04/15/2023|0|0
P00013706|SEGAL, JEROME MICHAEL|C|3|OTH|9059|0|17895.8|0|8836.8|0|0|9000|0|7350.55|0|0|59|00|00||||||0|0|03/31/2023|0|0
P00017699|SATALINO, SYDNEY||3|OTH|0|0|0|0|0|0|0|0|0|0|0|0|0|00|00||||||0|0|12/31/2024|0|0
P20003174|SPONHEIM, DAVID JON|C|3|OTH|120|0|1327.12|422.16|1207.12|0|0|0|0|0|0|0|120|00|00||||||0|0|12/31/2024|0|0
P40010951|PAYNE, ANGELINE L MRS.|C|3|OTH|25617|0|10253|0|287|13997|2126|0|0|0|0|0|15522|00|00||||||7969|0|03/31/2024|0|0
P40013724|SONSKI, PETER|C|3|OTH|85900.72|0|83645.76|0|1697.75|3952.71|0|0|0|0|0|0|72312.12|00|00||||||2000|5078.6|12/31/2024|0|0
P40019598|TANNIRU, JOSEPH KISHORE|C|3|SEP|59782.17|0|57796.99|0|0|1985.18|0|0|0|0|0|0|59782.17|00|00||||||0|0|12/31/2024|100|0
P40016362|STODDEN, WILLIAM P. DR.|C|3|SOC|5142|0|5142|0|0|0|150|0|0|0|0|0|4992|00|00||||||0|0|12/31/2024|0|0
P40010290|JONES, BRITTANY NICHOLE|C|3|UN|57936.4|0|49960.19|0|0|7976.21|15398.04|0|4344.96|0|846.27|3498.69|38034.4|00|00||||||0|0|12/31/2023|41.03|0
P40019218|TERRY, RANDAL ALLAN MR.|C|3|UN|610512.81|0|620244|0|0|-9731.19|0|12500|0|0|0|0|579232.73|00|00||||||125|5885|12/31/2024|0|0
P40019556|RANDAZZO, VINNY|C|3|UN|6364.1|0|6182.78|0|-102.12|174.2|0|6304.9|0|0|0|6304.9|59.2|00|00||||||0|0|06/30/2024|0|0
P40020125|SCAFIDI, TYLER LEE MR.|C|3|UN|7|0|1.38|0|0|5.62|2|0|0|0|0|0|5|00|00||||||0|0|12/31/2024|0|0
P60018249|MALDONADO, JOSEPH A|C|3|UNA|16072.46|0|14683.75|0|0|1388.71|0|0|0|0|0|0|16072.46|00|00||||||0|0|05/02/2024|0|0
P40021222|EUZARRAGA, PIERRE ANDRE MR.|C|3|UNK|2404850|0|2404850|0|0|100|2404850|0|0|0|0|2700|0|00|00||||||0|0|12/31/2024|0|0
P40004434|JENKINS, MICHAEL DWAYNE|C|3|W|0|0|0|0|0|0|0|0|0|0|0|0|0|00|00||||||0|0|01/31/2024|0|0
P40010522|GAMBERT, JASON J PRESIDENT|C|3|W|0|0|220504869|0|9|275.54|0|0|0|0|0|0|0|00|00||||||0|0|03/31/2023|0|0
P40019937|FISHBACK, BRIAN C MR.|C|3|W|4358978.46|33324.1|4300980.61|0|0|57997.85|3640.42|0|0|0|0|0|3928838.51|00|00||||||392933|105.75|12/31/2024|34965|1000
P40020505|FIORI, RACHEL|C|3|W|11067.5|0|9302.5|0|0|1765|0|0|0|0|0|0|11067.5|00|00||||||0|0|11/25/2024|0|0
P40021818|LESPERANCE, ALICIA MARIE|C|3|W|5087.62|0|5087.62|0|0|0|0|5000|0|5000|0|5000|87.62|00|00||||||0|0|12/31/2024|0|0
P40010761|WOODWARD, GLENDA JO|C|2|REP|13.85|0|5024.85|0|5011|0|13.85|0|0|0|0|0|0|00|||||||0|0|03/10/2023|5011|0
P40015703|DEJESUS, EFRAIN|C|2|REP|0|0|1000|0|156000|0|0|0|0|0|0|0|0|00|||||||0|0|07/14/2024|0|0
P80002975|IMPERATO, DANIEL J|C|2|REP|282000|0|24931.37|0|0|0|282000|0|0|0|0|430000|0|00|||||||0|0|02/29/2024|0|0
P40006983|SHERMAN, JASMINE|C|3|GRE|32149.51|0|32197.39|100|482.66|434.78|0|0|0|0|0|0|32148.24|00|||||||0|0|10/22/2024|0|0
P40014086|CATANESE, PAUL|C|3|IND|8799.13|0|6493.24|0|0|2305.89|8799.13|0|0|0|0|0|0|00|||||||0|0|12/31/2024|0|0
P40014755|PRINCE, JOHN ALLEN|C|3|IND|46457.5|0|28512|2874|100|600|21053|0|0|5000|5600|0|33673|00|||||||22|460|01/31/2025|0|0
S2AK00135|LEE, HUHNKIE|C|3|IND|34330|0|34330|0|8290|8290|0|0|0|0|0|0|34330|AK|00||||||0|0|12/31/2024|0|0
S4AZ00139|GALLEGO, RUBEN|O|1|DEM|64657199.96|2910010.25|65722622.25|0|1276574.99|211152.7|0|0|0|0|0|0|59385707.27|AZ|00||||||1784685.1|75650|12/31/2024|871940.33|6500
S4AZ00188|LAMB, MARK|O|2|REP|2189531.78|0|2172907.84|0|0|16623.94|5000|0|0|0|0|47400.96|2176037.84|AZ|00||||||8334.21|0|12/31/2024|146293.81|7034.21
S4AZ00220|LAKE, KARI|O|2|REP|26252199.2|2253783.33|26033985.72|105726.49|0|218213.48|0|0|0|0|0|696535.25|23239868.42|AZ|00||||||407824.88|52800|12/31/2024|54157.74|1250
S4AZ00279|HERNANDEZ, ARTURO|O|3|GRE|0|0|0|0|0|0|0|0|0|0|0|0|0|AZ|00||||||0|0|03/31/2024|0|0
S4AZ00287|NORTON, MIKE|O|3|GRE|84401.01|0|84401.01|0|0|0|0|0|0|0|0|0|59401|AZ|00||||||25000|0|09/24/2024|0|0
S8AZ00197|SINEMA, KYRSTEN|I|3|IND|5311800.8|2342422.17|9272137.32|0|8237221.96|4276880.44|0|0|0|0|0|0|2146870.38|AZ|00||||||818655|0|12/31/2024|3442733.59|928700
S4AZ00261|WILLIAMS, SARAH|O|3|LIB|14715|0|14261.37|0|0|453.63|0|0|0|0|0|0|9715|AZ|00||||||0|5000|12/31/2024|0|0
S0CA00199|FEINSTEIN, DIANNE|I|1|DEM|501127.5|0|511096.06|0|9968.56|0|500000|0|0|500000|0|0|1127.5|CA|00||||||0|0|03/31/2023|0|0
S4CA00522|PORTER, KATHERINE|O|1|DEM|32527821.11|11001999.77|31114157.33|3562203.28|0|1413663.78|0|0|0|0|0|0|19140784.48|CA|00||||||67526.32|0|12/31/2024|392047.63|0
S4CA00555|SCHIFF, ADAM|O|1|DEM|48149196.78|536367.79|62791130.49|0|21022960.33|6381026.62|0|0|0|0|0|0|45110628.66|CA|00||||||1015453.06|250|12/31/2024|706974.81|22599
S4CA00613|RAB, AEJAZ ( RAJI )|O|1|DEM|20900|0|21274.85|0|0|-374.85|100|10000|0|0|0|10000|10800|CA|00||||||0|0|12/31/2024|0|0
S4CA00688|INAM, ZAFAR|O|1|DEM|3931|0|3495|0|0|436|0|3495|0|0|0|3495|436|CA|00||||||0|0|12/31/2024|0|0
S4CA00704|ROSE, JOHN|O|1|DEM|6317.73|0|6192.73|0|0|125|0|6317.73|0|0|0|6317.73|0|CA|00||||||0|0|12/31/2024|0|0
S4CA00712|ROSE, JOHN DAVID|O|1|DEM|6317.73|0|6192.73|0|0|125|0|6317.73|0|0|0|6317.73|0|CA|00||||||0|0|12/31/2024|0|0
S4CA00746|POUND, PERRY|O|1|DEM|34129.01|0|34128.89|0|0|0|0|0|0|0|0|32025|34129|CA|00||||||0|0|12/31/2024|0|0
S4CA00837|PASCUCCI, CHRISTINA|O|1|DEM|456534.53|0|456534.53|0|0|0|4295.23|0|0|0|0|0|450539.3|CA|00||||||100|0|03/28/2024|71531.2|0
S4CA00845|GILANI, SEPI|O|1|DEM|13764|0|11558.72|0|0|2205.28|0|0|0|0|0|0|13764|CA|00||||||0|0|12/31/2024|0|0
S2CA00872|LIEW, SARAH DR.|O|2|REP|48420|0|30977.63|0|20.29|240.77|0|48120|0|0|0|292059.24|300|CA|00||||||0|0|09/30/2024|0|0
S4CA00407|GARY-PANDOL, DENICE LYN MS.|O|2|REP|101984.99|0|111045.3|0|9516.75|456.44|1343|1500|0|1400|0|11624.14|98641.99|CA|00||||||500|0|12/31/2024|3656|0
S4CA00639|EARLY, ERIC|O|2|REP|904178.95|0|902113.52|0|0|2065.43|19401.61|204200|0|70000|0|160635.57|678321.14|CA|00||||||0|500|12/31/2024|20531|0
S4CA00662|HAND, JEHU THOMAS DE GEROLD|O|2|REP|985.12|0|936.5|0|64.62|16.62|0|985.12|0|0|0|0|0|CA|00||||||0|0|03/31/2024|0|0
S4CA00670|REISS, JONATHAN|O|2|REP|14156.17|0|15576.24|0|1459.28|39.21|0|0|1600|0|1600|14017.12|10529.36|CA|00||||||1274.45|0|12/31/2024|0|0
S4CA00803|GARVEY, STEVE|O|2|REP|20356132.85|47761.39|19775163.62|0|0|580969.23|0|0|0|0|0|0|20239043.43|CA|00||||||50349|0|12/31/2024|86089.78|0
S4CA00852|SIMCHOWITZ, STEFAN|O|2|REP|8523.79|0|8523.79|0|0|0|0|3480|0|0|0|3480|5043.79|CA|00||||||0|0|03/12/2024|0|0
S4CA00902|BASSETT, SHARLETA|O|2|REP|23079|0|23079|0|0|0|0|0|0|0|0|0|23079|CA|00||||||0|0|04/19/2024|500|0
S8CA00515|BRADLEY, JAMES|O|2|REP|196982.69|0|180015.22|0|84.77|17052.24|134.23|1290|0|4506.6|0|245|192679.99|CA|00||||||0|0|12/31/2024|328.08|0
S4CA00720|RUZON, MARK DR.|O|3|OTH|25489.13|0|25489.13|0|0|0|0|8250|0|8250|0|0|12239.13|CA|00||||||0|5000|03/31/2024|0|0
S4CA00589|LEE, BARBARA|O|1|DEM|5809488.05|175400|5760696.07|0|0|48791.98|0|0|0|0|0|91035.13|5206677.82|CA|||||||359264.33|0|12/31/2024|318103.79|9300
S4CA00993|KUMAR, HARMESH|O|1|DEM|16528|0|12845.42|0|0|3417.58|0|16000|0|0|0|10000|528|CA|||||||0|0|09/30/2023|0|0
S4CA00761|SINGH, MAJOR|O|3|NOP|4201|0|4943.07|0|1255.77|513.7|0|4000|0|1000|0|20827.98|201|CA|||||||0|0|12/31/2024|0|0
S2CT00132|MURPHY, CHRISTOPHER S|I|1|DEM|12786118.05|262671.56|11192236.99|14560|3932893.8|5526774.86|0|0|0|0|0|0|12056273.92|CT|00||||||54025|0|12/31/2024|194386.82|25
S2CT00256|HYDE, ROBERT FINLEY|C|2|REP|1744.75|0|3875.61|0|2130.86|0|277.46|0|0|0|0|0|1467.29|CT|00||||||0|0|12/31/2024|2150|0
S4CT00179|SMITH, GERARD|C|2|REP|68292.58|0|68292.58|0|0|0|1|0|0|0|0|0|66258.89|CT|00||||||500|0|09/05/2024|156.86|0
S8CT00121|COREY, MATTHEW MCKINNON|C|2|REP|257655.82|0|250438.42|0|0|7217.4|975.3|10000|0|0|0|10000|238005.52|CT|00||||||0|8675|12/31/2024|0|0
S4CT00195|PAGLINO, JUSTIN COBB DR|C|3|GRE|17849.65|1447.65|17299.5|0|0|550.15|0|12000|0|0|0|12000|4402|CT|00||||||0|0|12/31/2024|0|0
S4DE00060|BLUNT ROCHESTER, LISA|O|1|DEM|9934497.35|1526921.84|9790040.17|292315|0|144457.18|268.1|0|0|0|0|0|6039846.28|DE|00||||||2365766.13|0|12/31/2024|35594.65|7613.63
S8DE00079|CARPER, THOMAS R.|I|1|DEM|232443.49|0|731738.41|0|555084.61|55789.69|0|0|0|0|0|0|133593.23|DE|00||||||95000|0|12/31/2024|87373|131900
S4DE00094|HANSEN, ERIC|O|2|REP|1015951.4|0|1015951.4|0|0|0|50000|810000|0|602000|0|118000|131912.56|DE|00||||||9470|0|12/31/2024|7979.48|1200
S4DE00128|KATZ, MIKE DR.|O|3|IND|31671.75|0|31455.96|0|0|0|31671.75|0|0|0|0|0|0|DE|00||||||0|0|11/26/2024|0|0
S2FL00581|GRAYSON, ALAN MARK|C|1|DEM|833762.1|0|712703.63|0|6898.09|126917.81|0|526640.23|0|48542.06|0|3831353.65|307121.38|FL|00||||||0|0|12/31/2024|540|0
S4FL00462|LAROSE, JOSUE DR.|C|1|DEM|0|0|0|0|0|0|0|0|0|0|0|0|0|FL|00||||||0|0|06/30/2024|0|0
S4FL00512|JOSEPH, ROD|C|1|DEM|31819.91|0|31819.91|0|0|0|0|0|0|0|0|0|31819.91|FL|00||||||0|0|11/03/2024|0|0
S4FL00538|HORAN, DONALD|C|1|DEM|73455|0|73455|0|0|0|0|68000|0|2102.42|0|0|5455|FL|00||||||0|0|09/29/2023|0|0
S4FL00579|STERN, EVERETT|C|1|DEM|325|0|325|0|0|0|0|0|0|0|0|0|325|FL|00||||||0|0|09/30/2023|0|0
S4FL00587|EHR, PHILLIP|C|1|DEM|1199607.63|0|1186116.33|0|0|16850.92|17436.27|80000|0|0|0|319743.63|1102082.44|FL|00||||||0|0|12/31/2024|40386|0
S4FL00595|RUSH, BRIAN|C|1|DEM|85508.96|0|85508.96|0|0|0|2210.72|12000|0|12000|0|0|71298.24|FL|00||||||0|0|11/11/2024|0|0
S4FL00611|MUCARSEL-POWELL, DEBBIE|C|1|DEM|36616416.21|1097747.05|36641693.52|0|0|-25277.31|0|0|0|0|0|56773.99|34482940.4|FL|00||||||806010.29|58050|12/31/2024|337857.94|2428.5
S4FL00637|CAMPBELL, STANLEY|C|1|DEM|1509617.41|0|1391650.16|0|0|118434.38|0|1401000|0|0|0|1401000|108617.41|FL|00||||||0|0|12/31/2024|0|0
S4FL00553|GROSS, KEITH|C|2|REP|2623989.25|0|2618212.6|0|0|5776.65|135798.21|2426375.93|0|0|0|2384375.93|49314.17|FL|00||||||0|0|09/30/2024|3299|0
S4FL00785|COLUMBUS, JOHN|C|2|REP|25899.64|0|25899.64|0|0|0|138.32|0|0|0|0|0|10321.32|FL|00||||||5000|0|09/30/2024|17.58|0
S8FL00273|SCOTT, RICK SEN|I|2|REP|36696093.1|8562713.95|39942180.08|0|4044450.55|798363.57|1255016.07|20138834|0|0|0|24138834|5556639.68|FL|00||||||991223.07|52800|12/31/2024|107741.38|0
S4FL00736|BONOAN, FEENA|C|3|LIB|19716.9|0|19716.9|195|0|0|4688.47|3000|0|566.24|0|0|11928.43|FL|00||||||0|100|12/31/2024|0|0
S2FL00656|NGUYEN, QUOC TUAN MR.|C|3|NPA|22530|0|24956.25|0|0|-2426.25|0|9500|0|0|0|9500|12630|FL|00||||||0|0|11/25/2024|0|0
S2HI00106|HIRONO, MAZIE K.|I|1|DEM|3292048.88|110957.34|2799353.34|0|913179.31|1405874.85|0|0|0|0|0|0|2064894.06|HI|00||||||1085368.53|0|12/31/2024|38246.5|2000
S2HI00155|MCDERMOTT, ROBERT|C|2|REP|23225.25|0|23587.97|0|117.08|-244.64|20|4000|0|0|0|4000|18912.6|HI|00||||||250|0|12/31/2024|0|0
S4HI00177|LAM, ADRIEL|C|2|REP|23056.51|0|22309.63|0|0|741.75|835.04|10094.24|0|0|0|10094.24|12127.23|HI|00||||||0|0|12/31/2024|3002.59|0
S2IN00166|MCCRAY, VALERIE L DR|O|1|DEM|142089.64|0|137667.79|0|0|12156|1007.05|400.66|0|0|0|0|120540.01|IN|00||||||7150|0|12/31/2024|0|0
S4IN00261|POTTS, KEITH|O|1|DEM|103206.86|0|103043.27|0|0|163.59|21566.17|2500|0|0|0|15900|76390.69|IN|00||||||2750|0|12/31/2024|1985|0
S4IN00279|CARMICHAEL, ROBERT MARC|O|1|DEM|114319.39|0|97179.07|0|0|17140.32|1000|0|0|0|0|0|108043.39|IN|00||||||0|616|12/31/2024|0|0
S4IN00196|BANKS, JAMES E. HON.|O|2|REP|7337226.72|1283520.82|6059353.41|51613.17|1335483.41|2613356.72|0|0|0|0|0|151180|4534595.55|IN|00||||||1432093.06|850|12/31/2024|181118.04|4950
S4IN00253|RUST, JOHN|O|2|REP|2992413.25|0|3932844.25|0|0|0|2710898|0|0|0|0|0|9439.4|IN|00||||||422.78|0|06/30/2024|2700|3386.73
S8IN00171|BRAUN, MIKE|I|2|REP|246006.03|0|601419.57|0|353421.97|-1991.57|0|145000|0|0|0|486069.24|801.62|IN|00||||||0|0|12/31/2024|301118.01|35500
S4IN00238|HARMON, WAYNE "GUNNY"|C|2|REP|0|0|0|0|0|0|0|0|0|0|0|0|0|IN|||||||0|0|12/31/2023|0|0
S2IN00109|HORNING, ANDY|C|3|LIB|1446|0|1246.44|0|1008.27|1207.83|0|0|0|0|0|0|1446|IN|||||||0|0|12/31/2024|0|0
S2MA00170|WARREN, ELIZABETH|I|1|DEM|9039537.78|198966.75|7914065.93|0|2324574.82|3450046.67|0|0|0|0|0|0|8695846.64|MA|00||||||59800|0|12/31/2024|98024.18|400
S4MA00291|ANTONELLIS, ROBERT JOSEPH|C|2|REP|41279.47|0|41910.1|0|0|-630.63|8000|13500|0|0|0|56009.57|18967.77|MA|00||||||200|191.7|12/31/2024|0|0
S4MA00341|PACKARD, AARON L|C|2|REP|630.14|0|293.33|0|0|356.81|0|500|0|0|0|500.01|130.13|MA|00||||||0|0|12/31/2023|0|0
S4MA00358|DEATON, JOHN|C|2|REP|2244282.53|35535.45|2195946.43|0|0|48336.1|10268.5|1000000|0|0|0|1003301.65|1147559.95|MA|00||||||8809.59|0|12/31/2024|1149.09|200
S4MA00374|CAIN, IAN|C|2|REP|418170.53|0|418170.53|0|0|0|3435.35|0|0|0|0|0|394412.8|MA|00||||||5050|0|10/01/2024|17332.2|0
S4MA00325|GRIFFIN, BRANDON JAMES|C|3|OTH|2999.01|0|1261.93|0|0|1737.08|0|0|0|0|0|0|2999.01|MA|00||||||0|0|03/31/2024|0|0
S4MA00333|GRIFFIN, BRANDON JAMES|C|3|OTH|2999.01|0|1261.93|0|0|1737.08|0|0|0|0|0|0|2999.01|MA|00||||||0|0|03/31/2024|0|0
S4MD00277|SEUFERER, STEVEN HENRY|O|1|DEM|0|0|0|0|0|0|0|0|0|0|0|0|0|MD|00||||||0|0|12/31/2023|0|0
S4MD00301|JAWANDO, WILL|O|1|DEM|761154.89|0|622689.03|0|0|138465.86|1050.39|0|0|0|0|0|753437.94|MD|00||||||5400|0|12/31/2024|71111.69|4400
S4MD00319|TRONE, DAVID|O|1|DEM|63833136.59|0|64032401.51|0|203106.35|3841.43|0|62877800|0|0|0|73680994|853811.58|MD|00||||||5000|0|12/31/2024|145766.73|2000
S4MD00327|ALSOBROOKS, ANGELA|O|1|DEM|31077805.53|5852229.46|31027960.15|0|0|49845.38|0|0|0|0|0|101342.24|23764486.41|MD|00||||||1194819.3|58400|12/31/2024|503954.71|26899
S4MD00350|DOMINGUEZ, JUAN|O|1|DEM|379860.01|0|379860.02|0|0|0|146610|12000|0|0|0|0|217887.88|MD|00||||||2500|0|05/22/2024|0|0
S6MD03177|CARDIN, BENJAMIN L|I|1|DEM|30982.35|0|585829.17|0|1018288.55|463441.73|0|0|0|0|0|0|3118|MD|00||||||18500|0|12/31/2024|23600|29900
S2MD00602|FRIEND, LORIE R|O|2|REP|1417.35|0|5127.7|0|1548.41|-2161.94|0|376.92|0|54|0|8692.25|1040.05|MD|00||||||0|0|12/31/2024|0|0
S4MD00293|FICKER, ROBIN|O|2|REP|4430739.88|0|4428872.48|250|0|198.4|0|4404017.94|0|2342466.76|0|0|21130|MD|00||||||0|0|12/31/2024|1241|0
S4MD00400|TEICHERT, JOHN|O|2|REP|355612.94|0|355612.94|0|0|0|6624.18|0|0|0|0|0|344512.77|MD|00||||||3900|0|09/30/2024|19800|0
S4MD00483|HOGAN, LARRY|O|2|REP|12249553.37|4994646.04|12096243.56|0|0|153309.81|0|500000|0|0|0|718190.06|6056832.99|MD|00||||||645274.34|52800|12/31/2024|54311.49|0
S4MD00517|MYRICK, JOHN|O|2|REP|8019.23|0|7359.23|0|0|660|7459.23|0|0|0|0|0|560|MD|00||||||0|0|06/30/2024|0|0
S4MD00467|WALLACE, NANCY|O|3|GRE|0|0|651.07|0|100|-551.07|0|0|0|0|0|0|0|MD|00||||||0|0|12/31/2024|0|0
S4MD00533|BARAKAT, MOHAMMED|O|2|REP|2211.86|0|2211.86|0|0|0|0|0|0|0|0|0|2211.86|MD|||||||0|0|12/31/2024|0|0
S4ME00113|COSTELLO, DAVID ALLEN|C|1|DEM|111307.55|0|111626.88|0|0|0|7746.36|77000|0|77000|0|0|26517.81|ME|00||||||0|0|12/12/2024|0|0
S4ME00121|KOUZOUNAS, DEMI|C|2|REP|1027791.62|0|1027791.62|0|0|0|0|648206.19|0|7929.99|0|640276.2|364262.81|ME|00||||||9000|3350|11/30/2024|1898.95|0
S2ME00109|KING, ANGUS S. JR.|I|3|IND|5368767|30642.96|5443100.77|0|313050.54|238716.77|429.9|0|0|0|0|0|3734651.41|ME|00||||||1503928.51|5200|12/31/2024|62064.55|20000.02
S4ME00147|CHERRY, JASON SETH|C|3|IND|110021.44|0|103988.78|0|0|21.44|0|110000|0|0|0|55000|21.44|ME|00||||||0|0|12/22/2024|0|0
S4MI00470|SLOTKIN, ELISSA|O|1|DEM|51937060.2|3828527.24|51654344.82|1015710.23|0|282715.38|0|0|0|0|0|0|46587666.88|MI|00||||||1198586.65|58507.15|12/31/2024|723151.19|22860
S4MI00488|BURNS, ZACK|O|1|DEM|29073.19|0|24782.78|0|0|4290.41|3439.17|0|0|0|0|0|25634.02|MI|00||||||0|0|01/13/2024|54|0
S4MI00496|BEYDOUN, NASSER|O|1|DEM|981221.15|0|967259.5|0|0|16246.13|0|0|0|0|0|0|978566.15|MI|00||||||0|0|12/31/2024|9300|0
S4MI00504|LOVE, LESLIE N.|O|1|DEM|23395|0|17017.68|0|0|6377.32|2100|3000|0|0|0|6408.04|18295|MI|00||||||0|0|03/31/2024|0|0
S4MI00553|HARPER, FRANK EUGENE HILL|O|1|DEM|3149518.74|0|3149518.74|0|0|0|212916.01|910000|0|120000.9|0|789999.1|2010281.61|MI|00||||||15100.48|0|10/16/2024|110546.31|1300
S8MI00281|STABENOW, DEBBIE|I|1|DEM|174791.22|0|4010979.08|2500000|4450658.1|614470.24|0|0|0|0|0|0|961.5|MI|00||||||0|0|12/31/2024|629784.29|156118.25
S4MI00454|HOOVER, MICHAEL|O|2|REP|236591.72|6787.88|234931.13|0|0|1660.59|120.56|190182.98|0|117189.99|0|72992.99|35229.31|MI|00||||||0|0|12/31/2024|695|0
S4MI00462|SNYDER, NICOLETTE|O|2|REP|227962.67|0|227962.67|0|0|0|38216.67|26000|0|26000|0|0|148446|MI|00||||||15300|0|12/31/2024|30451.5|5000
S4MI00546|TAYLOR, ALEXANDRIA J.|O|2|REP|26120.45|0|26120.45|0|0|0|0|4000|0|1594.15|0|2405.85|22119.14|MI|00||||||0|0|04/29/2024|0|0
S4MI00561|O'DONNELL, SHERRELL ANNE|O|2|REP|494750.2|0|488340.98|0|0|7294.22|4500|99000|9000|20000|0|88000|365935.2|MI|00||||||2500|0|12/31/2024|4785.47|0
S4MI00579|SAVAGE, SHARON MAUREEN|O|2|REP|100130.61|0|50956.12|0|0|49174.49|100039|0|0|0|0|0|91.61|MI|00||||||0|0|12/31/2024|0|0
S4MI00587|WILSON, J.D.|O|2|REP|8086.71|0|6438.85|0|0|1647.86|0|0|0|0|0|51464.98|8086.71|MI|00||||||0|0|06/30/2024|0|0
S4MI00595|ROGERS, MICHAEL J|O|2|REP|13247396.66|2478829.05|12992665.22|117078.69|0|254731.44|0|0|0|0|0|30000|9726562.99|MI|00||||||957336.84|53050|12/31/2024|252982.82|2004.55
S4MI00603|CRAIG, JAMES|O|2|REP|136670.33|0|136670.33|0|0|0|0|0|0|0|0|0|136373.96|MI|00||||||0|0|05/31/2024|35|0
S4MI00637|MEIJER, PETER MR.|O|2|REP|1095101.9|5137.82|1079234.04|0|0|15867.86|14320.71|497600|0|0|0|514533.5|560443.37|MI|00||||||16300|0|12/31/2024|68500|1300
S4MI00678|WILSON, GLENN ALLEN|O|2|REP|298954.93|0|298954.93|0|0|0|0|285000|0|101231.88|0|0|9666.22|MI|00||||||0|0|10/29/2024|0|0
S4MI00686|CURRAN, REBEKAH A.|O|2|REP|12647.38|0|12647.38|0|0|0|108|326.99|0|326.99|0|0|12212.39|MI|00||||||0|0|09/30/2024|0|0
S4MI00694|AMASH, JUSTIN|O|2|REP|914568.42|0|1282891.45|0|371523.37|3200.34|0|0|0|0|0|3500|886825.99|MI|00||||||22200|0|12/31/2024|169247.43|1700
S8MI00414|PENSLER, SANDY|O|2|REP|4960161.62|0|4960161.62|0|0|0|0|4950000|0|939637.66|0|0|10161.62|MI|00||||||0|0|09/30/2024|0|0
S4MI00710|SOLIS-MULLEN, JOSEPH||3|LIB|2307.5|0|2307.5|0|0|0|0|0|0|0|0|0|1334.3|MI|||||||20|953.2|12/17/2024|0|0
S8MI00422|WILLIS, VALERIE LEE|O|3|LIB|0|0|0|0|0|0|0|66206.64|0|0|0|22068.88|0|MI|||||||0|0|11/05/2024|0|0
S4MN00502|WHITE, ROYCE|C|2|REP|1621744.66|0|1482635.98|869.2|0|139108.68|0|100|0|0|0|75|1571923.12|MN|00||||||35758.95|5000|12/31/2024|44739.81|3500
S4MN00510|FRASER, JOSEPH|C|2|REP|77212.83|0|58665.93|0|0|18546.9|0|0|0|0|0|198898.57|75712.83|MN|00||||||1500|0|12/31/2024|0|0
S6MN00267|KLOBUCHAR, AMY|I|3|DFL|14734556.75|3417720.4|14098386.5|0|1145386.77|1781557.02|0|0|0|0|0|0|10146530.53|MN|00||||||1155708|0|12/31/2024|174002.06|10000
S4MN00569|LACEY, JOYCE L|C|3|IDP|3011.72|0|3007.67|0|0|4.05|1865.73|0|0|0|0|0|892.38|MN|00||||||0|250|12/31/2024|0|0
S4MN00551|PETERSEN, RAYMOND DAVID|C|2|REP|3641.62|0|3641.62|0|0|0|3641.62|0|0|0|0|0|0|MN|||||||0|0|12/31/2024|0|0
S4MO00250|BELL, WESLEY|C|1|DEM|5386197.6|0|4952276.71|0|0|433920.89|100|0|0|0|0|0|5136025.24|MO|00||||||244750|125|12/31/2024|24982|0
S4MO00268|HARMON, DECEMBER L|C|1|DEM|18462.5|0|16759.02|0|0|1703.48|6498.12|0|0|0|0|35.78|11807.44|MO|00||||||0|100|08/19/2024|347.13|0
S4MO00276|MAY, KARLA|C|1|DEM|62033.39|0|61772.24|0|0|261.15|0|0|0|0|0|41017|54533.39|MO|00||||||7500|0|12/31/2024|650|0
S8MO00160|HAWLEY, JOSHUA DAVID SEN|I|2|REP|13808806.06|6112944.64|17492872.3|0|3982329.12|298262.88|0|0|0|0|0|0|6979078.18|MO|00||||||397882.21|1900|12/31/2024|91447.29|5000
S4MO00284|YOUNG, JARED|C|3|IND|1004183.45|0|1004183.45|0|0|0|0|810000|0|0|0|810000|186683.45|MO|00||||||7500|0|11/25/2024|0|0
S4MS00187|PINKINS, TY|C|1|DEM|1047155.67|0|1041688.67|4035|148.02|5615.02|0|0|0|0|0|0|1044355.67|MS|00||||||1600|1200|12/31/2024|3476.94|0
S4MS00195|EUBANKS, DAN|C|2|REP|52717.97|0|52717.97|0|0|0|0|15000|0|0|0|12855.15|37717.97|MS|00||||||0|0|08/09/2024|0|0
S4MS00203|BURTON, TIMOTHY GHANNON COLONEL(R)|C|2|REP|218188.17|250|216592.54|0|0|1595.63|0|29544.25|0|15950|0|13594.25|165730|MS|00||||||0|0|12/31/2024|0|250
S8MS00196|WICKER, ROGER SEN.|I|2|REP|7420578.92|1235076.24|6979484.06|304.55|2553653.95|2994748.81|0|0|0|0|0|0|3901123.07|MS|00||||||2282995|0|12/31/2024|26217.46|2500
S6MT00162|TESTER, R. JON|I|1|DEM|93570122.72|9079777.79|95689258.19|3744698.92|2884759.04|765623.57|0|0|0|0|0|0|81104096.95|MT|00||||||3077009.63|61171.43|12/31/2024|1655406.64|35800
S2MT00062|JOHNSON, BRADLEY S|C|2|REP|43094|0|43094|0|0|0|5|30000|0|3000|0|27000|13074.17|MT|00||||||0|0|06/30/2024|0|0
S4MT00175|MYGLAND, JEREMY|C|2|REP|35717.24|0|71057.05|0|35339.81|0|0|27000|0|0|0|27000|8642.24|MT|00||||||75|0|12/31/2023|0|0
S4MT00183|SHEEHY, TIM|C|2|REP|30015786.32|3277559.69|28626778.38|339932.38|0|1389007.94|152762.39|2450000|0|750000|0|1700000|21776098.8|MT|00||||||1317450|63108.77|12/31/2024|489614.59|2600
S8MT00234|ROSENDALE, MATT MR.|C|2|REP|1067698.39|297619.83|1365378.51|0|1217772.92|920092.8|0|0|0|0|0|0|582548.66|MT|00||||||187500|0|12/31/2024|236057.15|41200
S4MT00217|HUMMERT, MICHAEL|C|1|DEM|7230|0|6485.27|0|0|744.73|0|4850|0|0|0|4850|230|MT|||||||0|0|12/31/2024|0|0
S2ND00123|CHRISTIANSEN, KATRINA|C|1|DEM|3066029.91|0|3061031.98|0|3261.29|8259.22|1210|0|0|0|0|0|3017631.6|ND|00||||||36030|1000|12/31/2024|98064.21|0
S8ND00120|CRAMER, KEVIN MR.|I|2|REP|5562461.74|1085607.77|3614113.14|0|403240.77|2354889.37|0|0|0|0|0|0|2647741.19|ND|00||||||1783950|0|12/31/2024|106612.66|11000
S4NE00223|LOVE, PRESTON JR|C|1|DEM|283232.43|0|278121.74|0|0|9870.69|10|63831.95|0|40000|0|0|197363.08|NE|00||||||7500|14450|11/25/2024|1182.48|0
S2NE00094|FISCHER, DEBRA S.|I|2|REP|6555361.2|1260675.68|7930346.81|0|1400197.44|25211.83|0|9400|0|0|0|95547.54|2675034.51|NE|00||||||2295535|52800|12/31/2024|1900|3804.55
S4NE00215|WEAVER, JOHN GLEN LT COL RET.|C|2|REP|56973.54|0|56973.54|0|0|0|467.25|0|0|0|0|0|56506.29|NE|00||||||0|0|06/30/2024|1750|0
S6NE00129|RICKETTS, PETE|I|2|REP|5868605.01|2613338.84|5345686.39|0|0|522918.62|120067.59|0|0|0|0|6000|1693652.06|NE|00||||||1386294.44|0|12/31/2024|6600|0
S4NE00207|OSBORN, DAN|C|3|IND|15129327.27|230068|15066161.35|230068|0|63165.92|0|0|0|0|0|9000|14362159.56|NE|00||||||359769.27|57800|12/31/2024|171517.89|0
S4NE00231|EDDY, KERRY|C|3|OTH|17765.56|0|15216.34|0|0|1471.75|0|0|0|0|0|0|17765.56|NE|||||||0|0|09/30/2024|0|0
S4NJ00417|SIGNORELLO, JOSEPH III|O|1|DEM|83900.6|0|139213.81|43877.09|0|0|5150.01|5000|0|0|0|5000|68140.28|NJ|00||||||5500|0|09/30/2023|300|5500
S4NJ00425|JASEY, KYLE FORT|O|1|DEM|51350.3|0|42385.25|0|0|8965.05|0|0|0|0|0|0|51180|NJ|00||||||0|0|03/31/2024|0|0
S4NJ00458|HAMM, LARRY LEE|O|1|DEM|25362|0|11424.35|0|0|13937.65|100|0|700|0|0|700|24562|NJ|00||||||0|0|03/31/2024|0|0
S4NJ00466|KIM, ANDY|O|1|DEM|12441003.62|578909.18|11981836.13|0|162532.59|621700.08|0|0|0|0|0|0|11094385.53|NJ|00||||||725533.82|0|12/31/2024|223028.93|5018.54
S4NJ00482|MURPHY, TAMMY|O|1|DEM|4667821.11|0|4667821.11|0|0|0|6600|0|0|0|0|0|4592502.83|NJ|00||||||62577.72|0|11/25/2024|1608901.11|16000
S4NJ00508|CAMPOS-MEDINA, PATRICIA|O|1|DEM|477182.36|0|477182.36|0|0|0|312419.17|7580.83|0|7580.83|0|0|152182.36|NJ|00||||||5000|0|06/30/2024|1240.1|0
S4NJ00334|CRUZ, DAN|O|2|REP|0|0|0|0|0|0|0|0|0|0|0|0|0|NJ|00||||||0|0|01/22/2024|0|0
S4NJ00391|MAIA-CUSICK, SHIRLEY|O|2|REP|362403.71|0|385640.57|0|23236.86|0|0|271412.36|0|0|0|0|90741.35|NJ|00||||||250|0|12/31/2023|0|0
S4NJ00441|SERRANO GLASSNER, CHRISTINE|O|2|REP|516025.08|0|516025.08|0|0|0|0|300000|0|220316.64|0|89683.36|179280.23|NJ|00||||||36700|0|12/31/2024|7100|3550
S4NJ00532|MURPHY, JUSTIN MICHAEL LL.M.|O|2|REP|12028.82|0|12924.88|0|0|-896.06|0|3850|0|0|0|3850|7578.82|NJ|00||||||0|0|12/31/2024|0|0
S4NJ00540|BASHAW, CURTIS|O|2|REP|4249567.71|0|4181922.87|0|0|67644.84|32364.74|2025000|0|0|0|2054764.78|2072777.5|NJ|00||||||74400|36000|12/31/2024|24635.71|0
S4NJ00557|ZDAN, ALEXANDER|O|2|REP|50824.86|0|47891.23|0|0|2933.63|0|45000|0|20000|0|25000|5824.86|NJ|00||||||0|0|06/30/2024|0|0
S4NJ00524|ESTRADA, MICHAEL|O|3|IND|5218.2|0|657.67|0|0|4560.53|0|0|0|0|0|0|5218.2|NJ|00||||||0|0|07/20/2024|0|0
S6NJ00289|MENENDEZ, ROBERT|I|3|IND|3882123.51|161775.68|8952013.36|0|5867647.04|797757.19|0|0|0|0|0|0|2868362.77|NJ|00||||||507192.53|0|12/31/2024|53697|15223.81
S4NJ00367|KHALIL, CHRISTINA AMIRA|O|3|GRE|13807.52|0|13817.52|0|0|0|95.7|0|0|0|0|0|11938.18|NJ|||||||0|1600|11/30/2024|0|0
S2NM00088|HEINRICH, MARTIN|I|1|DEM|10731410.2|469097.84|11549995|0|1138135.95|319551.15|0|0|0|0|0|0|8100492.64|NM|00||||||2004501.1|57800|12/31/2024|153020.2|23000
S4NM00175|GONZALES, MANUEL MANNY III|C|2|REP|4605.07|0|4605.07|0|0|0|0|0|0|0|0|0|4605.07|NM|00||||||0|0|02/26/2024|135.35|0
S4NM00183|DOMENICI, NELLA LOUISE LOUISE|C|2|REP|7013192.46|1422834.69|6941534.89|0|0|71657.57|5531.1|3010000|0|210000|0|2800000|2299469.56|NM|00||||||222264|52800|12/31/2024|16208.07|1000
S4NM00191|ROBERTS, JOHN THOMAS|C|2|REP|1537|0|1537|0|0|0|1537|0|0|0|0|0|0|NM|00||||||0|0|03/31/2024|0|0
S4NM00209|ROBERTS, JOHN THOMAS|C|2|REP|1537|0|1537|0|0|0|1537|0|0|0|0|0|0|NM|00||||||0|0|03/31/2024|0|0
S4NM00159|LUNA, BENJAMIN RALPH #1728|C|3|IDP|8603.48|0|8603.48|0|0|0|0|0|0|0|0|0|7983.48|NM|00||||||0|0|02/26/2024|13.41|0
S4NV00320|WALKER, TROY ZAKARI|C|1|DEM|705|0|675.66|0|0|-105.66|100|0|0|0|0|0|605|NV|00||||||0|0|05/22/2024|0|0
S8NV00156|ROSEN, JACKY|I|1|DEM|43915245.2|6088216.91|46560379.83|0|4425230.43|1780095.8|0|0|0|15000|0|0|33769624.63|NV|00||||||2574528.14|57800|12/31/2024|609151.13|41607.14
S2NV00308|BROWN, SAM|C|2|REP|24063366.48|2311721.49|23799770.21|182270.83|0|263596.27|0|0|0|0|0|0|20606960.46|NV|00||||||1078736.16|52800|12/31/2024|549133.36|8154
S2NV00415|LINDEMANN, BARRY|C|2|REP|65606.04|0|68337.67|0|0|215.6|140|0|0|0|0|0|16828.52|NV|00||||||0|48637.52|09/30/2024|0|0
S4NV00247|KENNEDY, RONDA|C|2|REP|27686.24|0|27786.24|0|100|0|0|21500|0|8716.41|0|0|6186.24|NV|00||||||0|0|07/02/2024|0|0
S4NV00262|PHILLIPS, STEPHANIE|C|2|REP|83810.01|0|83810.01|0|0|0|22748.2|0|0|0|0|25676.77|59546.33|NV|00||||||0|0|06/30/2024|501|0
S4NV00270|MARCHANT, JIM|C|2|REP|454703.78|0|454703.78|0|0|0|0|0|0|0|0|0|448673.43|NV|00||||||3400|0|12/31/2024|39975|1000
S4NV00296|CONRAD, WILLIAM BRYAN|C|2|REP|12476|0|16259.56|0|251.24|0|0|2100|0|2752.15|0|0|9876|NV|00||||||500|0|12/31/2024|200|0
S4NV00304|GUNTER, JEFF DR|C|2|REP|3468774.36|0|3461349.96|0|0|7424.4|0|2775757.74|0|430000|0|2763394.15|640652.97|NV|00||||||4300|0|12/31/2024|38922.93|0
S4NV00312|GRADY, TONY|C|2|REP|291015.11|0|290917.74|0|0|97.37|0|0|0|0|0|0|281560.11|NV|00||||||2000|0|12/31/2024|4795.84|0
S4NV00379|CUNNINGHAM, CHRIS|C|3|LIB|15573.29|0|15598.29|0|25|0|890|7000|0|3589.77|0|0|7477.6|NV|00||||||0|0|12/31/2024|0|0
S4NV00387|SCHAEFER, MIKE|C|1|DEM|15128.92|0|15128.92|0|0|0|15128.92|0|0|0|0|0|0|NV|||||||0|0|05/24/2024|0|0
S0NY00410|GILLIBRAND, KIRSTEN|I|1|DEM|9798986.57|3594923.76|14135378.85|11608|5052119.19|715726.91|0|0|0|0|0|0|4446971.88|NY|00||||||734947.67|0|12/31/2024|121214.3|13250
S0NY00667|SALEM, KHALED MR|C|1|DEM|16000|0|0|0|0|18700|0|0|16000|0|0|16000|0|NY|00||||||0|0|09/30/2024|0|0
S2NY00374|BEN-AVI, TYRRELL|C|1|DEM|0|0|0|0|0|0|0|0|0|0|0|0|0|NY|00||||||0|0|06/30/2023|0|0
S4NY00271|SALEM, KHALED|C|1|DEM|16000|0|0|0|0|18700|0|0|16000|0|0|16000|0|NY|00||||||0|0|09/30/2024|0|0
S4NY00321|SCHWEITZER, WILLIAM|C|1|DEM|6016|0|6013.9|0|0|2.1|0|0|0|0|0|0|6016|NY|00||||||0|0|03/11/2024|0|0
S4NY00347|FOTI, DANIEL PETER MR.|C|1|DEM|0|0|5800|0|15000|9200|0|0|0|0|0|20000|0|NY|00||||||0|0|12/31/2023|0|0
S2NY00382|DRIGGERS, CALVIN|C|2|REP|231.33|0|0|0|9.41|240.74|0|0|0|0|0|0|231.33|NY|00||||||0|0|12/31/2023|0|0
S4NY00313|BELLON, DAVID A. ESQ.|C|2|REP|43916.35|0|41812.4|0|0|6334.67|6917.35|0|0|0|0|0|36999|NY|00||||||0|0|12/31/2024|7377|0
S4NY00362|EISEN, JOSHUA DR.|C|2|REP|305744|0|299422.94|0|0|6321.06|50000|250000|0|0|0|250000|5744|NY|00||||||0|0|06/30/2024|0|0
S4NY00396|CASTRONUOVA, CARA|C|2|REP|43979.5|0|43979.5|0|0|0|0|0|0|0|0|0|43979.5|NY|00||||||0|0|09/30/2024|3423.06|0
S4NY00404|SAPRAICONE, MICHAEL|C|2|REP|1417733.96|311133.95|1363358.22|0|0|54375.74|83451.34|600000|50050|0|50050|635209|362788.15|NY|00||||||7750|2500|12/31/2024|10049.82|500
S2NY00325|SARE, DIANE WILSON MS|C|3|IND|508500.31|3358.35|508775.13|2500|6444.96|6170.14|750|6000|0|6000|0|0|493950.19|NY|00||||||0|0|12/31/2024|0|0
S6OH00163|BROWN, SHERROD|I|1|DEM|96530240.72|11884748.83|99564642.3|0|3428632.06|394230.48|0|0|0|0|0|0|79877201.03|OH|00||||||3085597.37|57800|12/31/2024|2000830.92|69880.9
S2OH00477|DOLAN, MATT|C|2|REP|12722612.85|44923.88|12656068.95|44923.88|46590.22|113134.12|0|10200000|0|110000|0|12697000|2365741.74|OH|00||||||49975|0|12/31/2024|501608.95|9800
S4OH00192|MORENO, BERNIE|C|2|REP|26920693.53|6508602.11|26388504.54|330646.29|60|378319.71|0|4500838.1|0|6761.24|0|8470685.25|14811193.79|OH|00||||||909531.43|53325|12/31/2024|201603.61|17600
S4OH00200|LAROSE, FRANK|C|2|REP|2338457.32|0|2319907.19|0|0|18550.13|0|250000|0|225000|0|25000|2037670.47|OH|00||||||44486.85|0|12/31/2024|138984.12|6000
S8OH00144|FARIS, STEPHEN I MR|C|3|W|1568.56|0|1559.17|0|122.27|131.66|1568.56|0|0|0|0|0|0|OH|00||||||0|0|12/31/2024|0|0
S4OH00226|STUART, DOUGLAS B|C|2|REP|6803.88|0|6803.88|0|0|0|0|0|0|0|0|0|6579.82|OH|||||||0|0|04/12/2024|0|0
S4PA00287|FORKNER, WILLIAM|C|1|DEM|6008.97|0|11163.47|0|5349.72|195.22|5155.97|0|0|0|0|0|853|PA|00||||||0|0|12/31/2024|0|0
S6PA00217|CASEY, ROBERT P. JR.|I|1|DEM|58147345.34|8142909.16|60234187.73|339114.84|3081882.37|995039.98|0|0|0|0|0|0|43598592.23|PA|00||||||2903155.31|61800|12/31/2024|998815.77|39160.41
S2PA00661|MCCORMICK, DAVE|C|2|REP|35970836.83|5671622.14|35373179.48|127177.17|7820.53|605477.88|128046.82|7563800|0|1800000|0|20498780.21|21181317.53|PA|00||||||1013544.37|52800|12/31/2024|187803|26075
S4PA00196|VODVARKA, JOSEPH JOHN|C|2|REP|10651.13|0|10451.13|0|0|200|10651.13|0|0|0|0|0|0|PA|00||||||0|0|03/31/2024|0|0
S4PA00329|SELKER, MARTY|C|3|CON|16258.57|0|16258.57|0|0|0|20.24|3500|0|3500|0|0|12356.73|PA|00||||||0|0|12/12/2024|0|0
S4PA00345|HAZOU, LEILA|C|3|GRE|0|0|0|0|0|0|0|0|0|0|0|0|0|PA|00||||||0|0|09/30/2024|0|0
S4PA00352|HAZOU, LEILA|C|3|GRE|0|0|0|0|0|0|0|0|0|0|0|0|0|PA|00||||||0|0|09/30/2024|0|0
S4PA00360|THOMAS, JOHN C.||3|LIB|4854|0|2026.41|0|0|2827.59|0|0|0|0|0|0|4854|PA|||||||0|0|09/30/2024|0|0
S4RI00069|WATERS, ALLEN|C|1|DEM|21583|0|19991.31|0|0|1888.97|354.15|0|0|0|0|0|20911|RI|00||||||0|0|12/31/2024|0|0
S4RI00119|COSTA, MICHAEL J|C|1|DEM|252336.34|0|252336.34|0|0|0|37301.34|200000|0|129025.11|0|0|35|RI|00||||||0|0|09/30/2024|0|0
S6RI00221|WHITEHOUSE, SHELDON|I|1|DEM|4859870.01|1418262.08|4912387.72|0|1317905.43|1265387.72|0|0|0|0|0|0|2700712.67|RI|00||||||738285|0|12/31/2024|72734.86|8000
S4RI00051|MCKAY, RAYMOND TYLER MR|C|2|REP|154043.57|0|153705.04|0|0|338.53|328|1194.21|0|900|0|3989.51|149088.94|RI|00||||||3334|0|12/31/2024|6700|0
S4RI00085|MORGAN, PATRICIA L|C|2|REP|296201.28|0|296451.28|0|250|0|26739|41627.71|0|0|0|41627.71|227784.57|RI|00||||||50|0|12/31/2024|0|0
S0TN00342|BRADSHAW, MARQUITA|C|1|DEM|39727.68|0|39649.03|0|0|78.65|3200|0|0|0|0|0|35139.5|TN|00||||||0|0|12/31/2024|3360|0
S4TN00526|JOHNSON, GLORIA|C|1|DEM|7585464.44|0|7442979.73|0|0|142484.71|421.36|0|0|0|0|0|7460187.88|TN|00||||||81279.55|1000|12/31/2024|48680.49|3600
S4TN00534|MILLER-WATKINS, CIVIL MARSHA|C|1|DEM|24800.5|0|19218.28|0|0|5582.22|0|6075.5|0|0|0|15609.74|18725|TN|00||||||0|0|09/30/2024|0|0
S4TN00542|BRADSHAW, MARQUITA|C|1|DEM|39727.68|0|39649.03|0|0|78.65|3200|0|0|0|0|0|35139.5|TN|00||||||0|0|12/31/2024|3360|0
S8TN00337|BLACKBURN, MARSHA MRS.|I|2|REP|13571274.34|7275127.24|12059746.53|20299.7|3627086.97|5138614.78|0|0|0|0|0|0|3874099.59|TN|00||||||2143308.88|0|12/31/2024|63262.15|14700
S4TN00575|MOSES, PAMELA|C|3|IDP|5945|0|6378.34|0|0|-474.56|350|0|0|0|0|0|4595|TN|00||||||1000|0|11/25/2024|0|0
S0TX00308|LOVE, JOHN BENARD III|C|1|DEM|135300.64|0|123995.08|0|1004.78|11958.15|0|0|0|0|0|0|133773.65|TX|00||||||500|0|12/31/2024|0|0
S4TX00607|RODRIGUEZ-PRILLIMAN, HELI|C|1|DEM|10122|0|10689.65|0|558.65|-9|0|0|0|0|0|39777.5|10122|TX|00||||||0|0|12/31/2024|176|0
S4TX00680|ANDRUS, TRACY DR. SR.|C|1|DEM|18385|0|11749.08|0|0|6250.41|5500|0|0|0|0|0|12885|TX|00||||||0|0|06/30/2024|0|0
S4TX00714|MANNING, ZACHARIAH C.|C|1|DEM|4060.11|0|3978.72|0|-28.09|53.3|24.01|3910|0|0|0|20930.07|126.1|TX|00||||||0|0|12/31/2023|0|0
S4TX00722|ALLRED, COLIN|C|1|DEM|94674182.67|7498842|94530048.03|404231|0|144134.64|0|0|0|0|0|0|85341899.87|TX|00||||||964089.68|62300|12/31/2024|1584936.46|27552.74
S4TX00748|KEOUGH, STEVE|C|1|DEM|28692.87|0|29040.01|0|0|-1056.67|700|6050.06|0|0|0|6050.06|21942.81|TX|00||||||0|0|02/14/2024|0|0
S4TX00755|GUTIERREZ, ROLAND|C|1|DEM|1446695.19|0|1446942.57|0|0|384.83|0|0|0|0|0|0|1415775.03|TX|00||||||27800|100|12/31/2024|68963.88|1000
S4TX00771|GOMEZ, MERI LIZET MS.|C|1|DEM|16944.01|0|17242.32|0|0|1.68|320|3600|0|0|0|0|13024.01|TX|00||||||0|0|06/30/2024|0|0
S4TX00789|GONZALEZ, MARK A|C|1|DEM|14967.44|0|11659.51|0|0|3307.93|0|3900|0|0|0|0|11067.44|TX|00||||||0|0|02/14/2024|0|0
S4TX00805|SHERMAN, CARL OSCAR SR.|C|1|DEM|179296.91|0|167936.48|0|0|11360.43|0|3800|0|3289|0|4511|170277|TX|00||||||1250|0|12/31/2024|0|0
S4TX00821|HASSAN, AHMAD|C|1|DEM|2440|0|9655.18|0|6801|-781.22|0|0|0|0|0|0|2440|TX|00||||||0|0|03/27/2024|0|0
S2TX00312|CRUZ, RAFAEL EDWARD  TED|I|2|REP|74050030.94|5182873.59|75643604.41|304.55|3380280.67|1786707.2|0|0|0|0|0|0|67435723.31|TX|00||||||1262520.07|5500|12/31/2024|290212.87|39000
S4TX00672|INGALLS, JOSIAH JAMES|C|2|REP|4339.28|0|5256.53|0|0|251.99|40|220|0|0|0|0|3955|TX|00||||||72.04|0|12/31/2024|0|0
S4TX00797|JR, RUFINO MR|C|2|REP|67200|0|13147.2|0|799.4|6000|0|67000|0|0|0|6000|200|TX|00||||||0|0|04/15/2024|0|0
S4TX00698|MCQUEEN, ELDON DANIEL|C|3|IDP|0|0|0|0|0|0|0|0|0|0|0|0|0|TX|00||||||0|0|07/14/2023|0|0
S4TX00888|BROWN, THEODORE E. JR.|C|3|LIB|13994|0|13926.12|0|0|67.88|5200|0|0|0|0|0|8794|TX|00||||||0|0|12/31/2024|0|0
S4TX00896|ROCHE, ANALISA|C|3|W|5300|0|6367.45|0|0|-836.08|0|2000|0|0|0|0|3300|TX|00||||||0|0|12/24/2024|0|0
S4TX00706|TCHENKO, THIERRY|C|1|DEM|142864.34|0|142864.34|0|0|0|28122.94|0|0|0|0|0|112075.94|TX|||||||0|0|03/31/2024|2200|0
S4UT00308|GLEICH, CAROLINE|O|1|DEM|1236418.9|3295.27|1211608.64|0|0|24810.26|333.78|0|0|0|0|11504.01|1207279.2|UT|00||||||20900|0|12/31/2024|25394.28|1000
S4UT00183|LOBO-BLANCO, GABRIEL STUART|O|2|REP|550|0|530|0|0|20|0|0|0|0|0|10372.31|550|UT|00||||||0|0|03/31/2024|0|0
S4UT00209|WILSON, BRAD|O|2|REP|5056856.61|0|5056856.61|0|0|0|0|3000000|0|0|0|0|1958079.83|UT|00||||||63500|0|12/31/2024|396312.17|16000
S4UT00217|STAGGS, TRENT|O|2|REP|1417660.73|0|1417660.73|0|0|0|9900|96000|0|96000|0|0|1279376.06|UT|00||||||23500|6000|10/31/2024|143703.04|4300
S4UT00225|BIRD, ROD JR.|O|2|REP|1246161.03|0|1246161.03|0|0|0|15000|1014797.46|0|0|0|0|171061.47|UT|00||||||0|0|09/11/2024|0|0
S4UT00241|PHIPPEN, CAROLYN MARIE|O|2|REP|191720.14|0|191720.14|0|0|0|14358.98|3766.51|0|0|0|0|169794.65|UT|00||||||0|0|09/11/2024|57233.35|0
S4UT00282|CURTIS, JOHN|O|2|REP|5748063.58|1369004.86|5346220.15|107982.83|386839.23|788682.66|0|0|0|0|0|0|2319425.97|UT|00||||||2047722.96|0|12/31/2024|92899.29|10700
S4UT00290|HATCH, BRENT ORRIN|O|2|REP|1264246.3|0|1264246.3|0|0|0|0|0|999730.96|0|688494.41|311236.55|259515.34|UT|00||||||5000|0|12/31/2024|92675|0
S4UT00316|WALTON, JASON|O|2|REP|2932944.99|0|2932944.99|0|0|0|12867.79|2500000|0|127103.75|0|0|284266.12|UT|00||||||2500|0|12/31/2024|55076.04|0
S8UT00176|ROMNEY, WILLARD MITT MR|I|2|REP|1237434.21|325030.53|1288557.47|32794.23|592569.55|541446.29|0|0|0|0|0|0|-15664.67|UT|00||||||168500|0|12/31/2024|88404.55|120500
S4UT00324|BOWEN, CARLTON E.|O|3|IAP|31444.64|0|35280.99|0|0|78.65|28483.81|0|0|0|0|0|6875.83|UT|00||||||0|0|12/31/2024|0|0
S2UT00377|HAMBLIN, LAIRD|O|1|DEM|170|0|41.24|0|39|122.92|0|0|0|0|0|0|170|UT|||||||0|0|12/31/2024|0|0
S2VA00142|KAINE, TIMOTHY MICHAEL|I|1|DEM|18308453.68|4897216.44|19283453.77|2100|3790404.79|2815404.7|0|0|0|0|0|0|10885217.62|VA|00||||||2112229.54|1000|12/31/2024|377481.98|10500
S4VA00197|SMITH, C.L. CHUCK JR|C|2|REP|558105.23|0|566227.13|0|8121.9|0|0|19300|0|0|0|0|536646.02|VA|00||||||0|0|11/19/2024|11543|0
S4VA00221|LOWE, KIMBERLY|C|2|REP|27835.88|0|34528.87|0|6692.99|0|0|12000|0|0|0|12000|15770.85|VA|00||||||0|0|06/30/2024|1300|0
S4VA00239|GARCIA, EDWARD|C|2|REP|328243.77|0|348670.28|0|24493.1|4066.59|2000|50000|0|0|0|162089.92|269936.93|VA|00||||||1075|230|12/31/2024|12644.37|0
S4VA00247|EMORD, JONATHAN WALKER MR.|C|2|REP|893768.61|0|893768.61|0|0|0|165278.93|408100|650.77|0|650.77|408100|317304.99|VA|00||||||1433.92|0|12/31/2024|30350|0
S4VA00254|HICKMAN, GWENDOLYN M.|C|2|REP|33075.9|0|33075.9|0|0|0|0|14150|0|0|0|14150|17705|VA|00||||||1220.9|0|06/30/2024|100|0
S4VA00312|PARKINSON, SCOTT THOMAS|C|2|REP|999121.24|0|992103.9|0|0|7017.34|6600|0|0|0|0|18553.58|871128.73|VA|00||||||118125|0|12/31/2024|69894.71|16225
S4VA00320|BARVE, GARY|C|2|REP|9516.64|1404.35|9531.64|0|15|0|0|0|0|0|0|0|8112.29|VA|00||||||0|0|07/13/2023|2950.18|0
S4VA00338|VITIELLO, RON|C|2|REP|513779.95|0|509119.92|0|0|4660.03|348|10000|0|10000|0|200|499951.95|VA|00||||||0|0|12/31/2024|17592.11|0
S4VA00353|CAO, HUNG|C|2|REP|9832460.01|179184.05|9517135.17|0|92480.79|407805.63|0|0|0|0|0|0|9531954.86|VA|00||||||118597.22|0|12/31/2024|374796.44|3550
S2VT00292|MALLOY, GERALD|C|2|REP|662959.83|0|642786.47|0|861.27|21034.63|0|0|5000|0|0|5000|643687.45|VT|00||||||0|0|12/31/2024|15301.45|0
S4VT00033|SANDERS, BERNARD|I|3|IND|8207886.33|0|7200347.35|205000|9733221.68|10740760.66|0|0|0|0|0|0|7241250.56|VT|00||||||89133.06|0|12/31/2024|89790.08|.01
S4VT00173|HILL, MATT FOR|C|3|LIB|15511.45|0|16258.16|0|0|-746.71|15411.45|0|0|0|0|0|100|VT|00||||||0|0|12/03/2024|0|0
S4WA00599|GIESICK, PAUL LAWRENCE|C|1|DEM|0|0|6910.2|0|7120.2|210|0|0|0|0|0|0|0|WA|00||||||0|0|07/22/2024|0|0
S8WA00194|CANTWELL, MARIA|I|1|DEM|11147595.82|753191.33|10726015.97|0|189631.34|611211.19|0|0|0|0|0|2173182.85|10134572.64|WA|00||||||76800|0|12/31/2024|155644.81|0
S2WA00460|HOLYK, ISAAC A|C|2|REP|8368.37|0|7963.75|0|5|65.08|10|0|1740|0|1740|0|6602.39|WA|00||||||0|0|12/31/2024|0|0
S4WA00581|GARCIA, DR RAUL|C|2|REP|773708.95|0|773708.95|0|0|0|36882.01|57000|0|52542.07|0|0|667251.97|WA|00||||||10000|0|12/31/2024|8869.21|0
S4WA00607|GUENTHER, JOHN|C|2|REP|8368.35|0|8368.35|0|0|0|6468.34|0|0|0|0|0|1650|WA|00||||||250|0|10/01/2024|0|0
S2WI00219|BALDWIN, TAMMY|I|1|DEM|50228545.14|4703223.77|53242337.24|451670.3|3039058.95|25266.85|0|0|0|0|0|0|42080848.61|WI|00||||||2607543.73|62425.82|12/31/2024|592192.45|62520.29
S2WI00268|HOVDE, ERIC D|C|2|REP|31958333.2|2189540.76|31822973.4|147968.87|0|135359.8|0|20000000|0|0|0|20000000|9292282.65|WI|00||||||423695|52800|12/31/2024|280228.91|28650
S4WI00215|KLEIN, STACEY|C|2|REP|33712.56|0|33712.56|0|0|0|0|0|0|0|0|0|33361.73|WI|00||||||0|0|04/17/2024|435|0
S4WI00231|RAVEENDRAN, REJANI|C|2|REP|47354.87|0|47354.87|0|0|0|7796.53|10000|0|0|0|0|28397.26|WI|00||||||0|1145.08|12/31/2024|5.76|0
S4WI00256|HOVDE, ERIC|C|2|REP|31958333.2|2189540.76|31822973.4|147968.87|0|135359.8|0|20000000|0|0|0|20000000|9292282.65|WI|00||||||423695|52800|12/31/2024|280228.91|28650
S4WI00173|ANDERSON, PHILLIP NORMAN|C|3|IND|52738.95|0|52615.37|69.68|0|123.58|19839.22|0|13850|0|13850|0|19049.73|WI|00||||||0|0|12/25/2024|0|0
S4WI00280|LEAGER, THOMAS CHARLES MR.|C|3|IND|23856|0|23721|0|0|175.54|0|121|0|0|0|121|23735|WI|00||||||0|0|12/31/2024|0|0
S0WV00090|MANCHIN, JOE III|I|1|DEM|2997445.59|1214306.01|4062594.56|0|9537510.23|8472361.26|0|0|0|0|0|0|718032.2|WV|00||||||392500|0|12/31/2024|2709567.99|379300
S4WV00357|SHREWSBURY, ZACHARY C|O|1|DEM|403193.97|0|403193.97|0|0|0|103.16|0|0|0|0|0|396969.16|WV|00||||||0|0|12/31/2024|6600|0
S4WV00399|ELLIOTT, GLENN FREDERICK MR. JR.|O|1|DEM|855051.42|0|845941.7|0|0|9109.72|0|0|0|0|0|0|838815.08|WV|00||||||11068|0|11/25/2024|2336.48|0
S8WV00150|BLANKENSHIP, DON|O|1|DEM|175303.25|0|175388.55|0|85.3|0|175303.25|0|0|0|0|0|0|WV|00||||||1000|0|07/14/2024|30291.38|0
S4WV00316|ROSE, CHRISTOPHER ANDREW|O|2|REP|10683.8|0|13456.52|0|2772.72|0|1624.03|0|0|0|0|0|9059.77|WV|00||||||0|0|08/21/2023|0|0
S4WV00324|MOONEY, ALEXANDER X|O|2|REP|2280834.4|300047.61|3350947.94|5209.45|1079417.34|9303.8|0|0|0|0|0|0|1660300.37|WV|00||||||262250|15000|12/31/2024|270864.41|43100
S4WV00332|JUSTICE, JAMES CONLEY II|O|2|REP|4587416.08|1145554.22|3893648.88|309008.73|173.37|693940.57|0|0|0|0|0|0|2727259.36|WV|00||||||704300|0|12/31/2024|11900|5000
S4WV00365|MCKINNEY, BRYAN|O|2|REP|7225.14|0|6781.24|0|0|135|7090.14|0|0|0|0|0|135|WV|00||||||0|0|12/31/2023|0|0
S6WV00063|LAWHORN, ZANE RENE|O|2|REP|50452.9|0|50452.9|0|0|0|16822.04|0|0|0|0|0|0|WV|00||||||0|0|05/14/2024|0|0
S4WV00407|MCNULTY, JANET|O|2|REP|671.6|0|3594.93|0|2923.33|0|445.46|0|0|0|0|0|226.14|WV|||||||0|0|12/31/2024|0|0
S4WV00423|LINDSAY, DONALD|O|2|REP|9792.33|0|9792.33|0|0|0|9792.33|0|0|0|0|0|0|WV|||||||0|0|12/31/2024|0|0
S4WY00188|MORROW, SCOTT D MR|C|1|DEM|45707.29|0|44872.92|2200|0|834.37|0|0|0|0|0|0|39107.29|WY|00||||||5600|1000|12/31/2024|50|0
S4WY00162|RASNER, REID|C|2|REP|1334150.64|0|1321697.64|0|0|12453|3300|1280000|0|0|0|50000|30906|WY|00||||||0|0|12/31/2024|0|0
S6WY00068|BARRASSO, JOHN A|I|2|REP|7761388.01|1376467.52|4520535.91|0|4487576.49|7728428.59|0|0|0|0|0|0|3650337.75|WY|||||||2725370|0|12/31/2024|45724.43|5215.26
